pubchem_cid,smiles
5361912,CC1C=CC=C(C(=O)NC2=C3C(=NC4(N3)CCN(CC4)CC(C)C)C5=C(C2=O)C(=C(C6=C5C(=O)C(O6)(OC=CC(C(C(C(C(C(C1O)C)O)C)OC(=O)C)C)OC)C)C)O)C
25880656,CC1C2C(C3C(C(=O)C(=C(N)[O-])C(=O)C3(C(=O)C2=C(C4=C1C=CC=C4O)[O-])O)[NH+](C)C)O
27233777,CC1(C2CC3C(C(=O)C(=C(N)[O-])C(=O)C3(C(=O)C2=C(C4=C(C=CC(=C41)Cl)O)[O-])O)[NH+](C)C)O
5517,C1CN(CC1N)C2=C(C=C3C(=O)C(=CN(C3=N2)C4=C(C=C(C=C4)F)F)C(=O)O)F
298,C1=CC(=CC=C1C(C(CO)NC(=O)C(Cl)Cl)O)[N+](=O)[O-]
26275995,C[NH+](C)C1C2CC3CC4=C(C=CC(=C4C(=C3C(=O)C2(C(=C(C1=O)C(=O)N)[O-])O)[O-])O)N(C)C
54676538,CN(C)C1C2C(C3C(=C)C4=C(C=CC(=C4C(=C3C(=O)C2(C(=C(C1=O)C(=O)N)O)O)O)O)Cl)O.C1=CC(=C(C=C1S(=O)(=O)O)C(=O)O)O
51601240,C[NH+](C)C1C2CC3C(C4=C(C=CC(=C4C(=C3C(=O)C2(C(=O)C(=C(N)[O-])C1=O)O)O)O)Cl)O
28412038,C[NH+](C)C1C2C(C3C(=C)C4=C(C(=CC=C4)O)C(=C3C(=O)C2(C(=O)C(=C(N)[O-])C1=O)O)[O-])O
2713,C1=CC(=CC=C1NC(=NC(=NCCCCCCN=C(N)N=C(N)NC2=CC=C(C=C2)Cl)N)N)Cl
114811,CS(=O)(=O)C1=CC=C(C=C1)C(C(CF)NC(=O)C(Cl)Cl)O
2764,C1CC1N2C=C(C(=O)C3=CC(=C(C=C32)N4CCNCC4)F)C(=O)O
6323497,CC1C=CC=C(C(=O)NC2=C(C3=C(C4=C(C(=C3O)C)OC(C4=O)(OC=CC(C(C(C(C(C(C1O)C)O)C)OC(=O)C)C)OC)C)C(=O)C2=CNN5CCN(CC5)C6CCCC6)O)C
2269,CCC1C(C(C(N(CC(CC(C(C(C(C(C(=O)O1)C)OC2CC(C(C(O2)C)O)(C)OC)C)OC3C(C(CC(O3)C)N(C)C)O)(C)O)C)C)C)O)(C)O
2786,CCCC1CC(N(C1)C)C(=O)NC(C2C(C(C(C(O2)SC)O)O)O)C(C)Cl
54688,CCC1C(C(C(C(=O)C(CC(C(C(C(C(C(=O)O1)C)OC2CC(C(C(O2)C)O)(C)OC)C)OC3C(C(CC(O3)C)N(C)C)O)(C)OC)C)C)O)(C)O
60062,C1CC1N2C=C(C(=O)C3=CC(=C(C(=C32)Cl)N4CCC(C4)N)F)C(=O)O.Cl
25880664,CC1(C2CC3C(C(=O)C(=C(N)[O-])C(=O)C3(C(=O)C2=C(C4=C1C=CC=C4O)[O-])O)[NH+](C)C)O
3929,CC(=O)NCC1CN(C(=O)O1)C2=CC(=C(C=C2)N3CCOCC3)F
4259,COC1=C2C(=CC(=C1N3CC4CCCNC4C3)F)C(=O)C(=CN2C5CC5)C(=O)O
5433,CS(=O)(=O)C1=CC=C(C=C1)C(C(CO)NC(=O)C(Cl)Cl)O
44134877,CC1(C2C(C3C(C(=O)C(=C(C3(C(=O)C2=C(C4=C1C=CC=C4O)O)O)[O-])C(=O)N)N(C)C)O)O.CC1(C2C(C3C(C(=O)C(=C(C3(C(=O)C2=C(C4=C1C=CC=C4O)O)O)[O-])C(=O)N)N(C)C)O)O.[Ca+2]
5381226,CC1C=CC=C(C(=O)NC2=C(C3=C(C4=C(C(=C3O)C)OC(C4=O)(OC=CC(C(C(C(C(C(C1O)C)O)C)OC(=O)C)C)OC)C)C(=O)C2=CNN5CCN(CC5)C)O)C
3435,C1COC(=O)N1N=CC2=CC=C(O2)[N+](=O)[O-]
6093,C1CN(C(=O)N1)C2=NC=C(S2)[N+](=O)[O-]
2553,COC(=O)N=NC=C1C=[N+](C2=CC=CC=C2N1O)[O-]
2349,CC1(C(N2C(S1)C(C2=O)NC(=O)CC3=CC=CC=C3)C(=O)O)C
4410,CC1CCC2=C3N1C=C(C(=O)C3=CC(=C2N4CCC(CC4)O)F)C(=O)O
5379,CC1CN(CCN1)C2=C(C=C3C(=C2OC)N(C=C(C3=O)C(=O)O)C4CC4)F
56207,C1CN(CCN1)C2=C(C=C3C(=C2)N(C=C(C3=O)C(=O)O)C4=CC=C(C=C4)F)F.Cl
72111,CC1C=CC=C(C(=O)NC2=C(C3=C(C4=C(C(=C3O)C)OC(C4=O)(OC=CC(C(C(C(C(C(C1O)C)O)C)OC(=O)C)C)OC)C)C5=C2N6C=CC(=CC6=N5)C)O)C
3434,C1COCCN1CC2CN(C(=O)O2)N=CC3=CC=C(O3)[N+](=O)[O-]
60706,CC1C2C(C(=O)N2C(=C1SC3CC(NC3)C(=O)N(C)C)C(=O)O)C(C)O.O.O.O
3255,CCC1C(C(C(C(=O)C(CC(C(C(C(C(C(=O)O1)C)OC2CC(C(C(O2)C)O)(C)OC)C)OC3C(C(CC(O3)C)N(C)C)O)(C)O)C)C)O)(C)O
3804,CC1CC=CC=CC(C(CC(C(C(C(CC(=O)O1)OC(=O)C)OC)OC2C(C(C(C(O2)C)OC3CC(C(C(O3)C)OC(=O)CC(C)C)(C)O)N(C)C)O)CC=O)C)O
3928,CCCC1CC(N(C1)C)C(=O)NC(C2C(C(C(C(O2)SC)O)O)O)C(C)O
13764,C1=CC(=CC=C1C(=O)NN=CC2=CC=C(O2)[N+](=O)[O-])O
2617,CC1=NN=C(S1)SCC2=C(N3C(C(C3=O)NC(=O)CN4C=NN=N4)SC2)C(=O)[O-]
4834,CCN1CCN(C(=O)C1=O)C(=O)NC(C2=CC=CC=C2)C(=O)NC3C4N(C3=O)C(C(S4)(C)C)C(=O)[O-]
5106,CCC1C(C(C(C(=NOCOCCOC)C(CC(C(C(C(C(C(=O)O1)C)OC2CC(C(C(O2)C)O)(C)OC)C)OC3C(C(CC(O3)C)N(C)C)O)(C)O)C)C)O)(C)O
3598,C1=C(C(=C(C(=C1Cl)Cl)CC2=C(C(=CC(=C2Cl)Cl)Cl)O)O)Cl
2090,CCCCC(CC)CN=C(N)NC(=NCCCCCCN=C(N)NC(=NCC(CC)CCCC)N)N
439504,CCC1C(C=C(C=CC(=O)C(CC(C(C(C(CC(=O)O1)O)C)OC2C(C(C(C(O2)C)OC3CC(C(C(O3)C)O)(C)O)N(C)C)O)CC=O)C)C)COC4C(C(C(C(O4)C)O)OC)OC
4545,CC1=C(C=CC2=C1OC(=O)C(=C2[O-])NC(=O)C3=CC(=C(C=C3)O)CC=C(C)C)OC4C(C(C(C(O4)(C)C)OC)OC(=O)N)O
5471,CC1(C(N2C(S1)C(C2=O)NC(=O)C(C3=CSC=C3)C(=O)O)C(=O)O)C
462481,CCC1C(C2C(C(C(CC(C(C(C(C(C(=O)O1)C)OC3CC(C(C(O3)C)O)(C)OC)C)OC4C(C(CC(O4)C)N(C)C)O)(C)O)C)NC(O2)COCCOC)C)(C)O
5266,CC1CC=CC=CC(C(CC(C(C(C(CC(=O)O1)O)OC)OC2C(C(C(C(O2)C)OC3CC(C(C(O3)C)O)(C)O)N(C)C)O)CC=O)C)OC4CCC(C(O4)C)N(C)C
4477,C1=CC(=C(C=C1[N+](=O)[O-])Cl)NC(=O)C2=C(C=CC(=C2)Cl)O
5441,CC[Hg+].C1=CC=C(C(=C1)C(=O)[O-])[S-]
6333887,CC[PH+](CC)CC.CC[PH+](CC)CC.CC(=O)OCC1C(C(C(C(O1)[SH2+])OC(=O)C)OC(=O)C)OC(=O)C.[Au].[Au]
42574,CC1=CC(=C(C=C1NC(=O)C2=C(C(=CC(=C2)I)I)O)Cl)C(C#N)C3=CC=C(C=C3)Cl
15232,CC1(C(N2C(S1)C(C2=O)NC(=O)CC3=CC=CC=C3)C(=O)O)C.CC1(C(N2C(S1)C(C2=O)NC(=O)CC3=CC=CC=C3)C(=O)O)C.C1=CC=C(C=C1)CNCCNCC2=CC=CC=C2
2173,CC1(C(N2C(S1)C(C2=O)NC(=O)C(C3=CC=CC=C3)N)C(=O)[O-])C
2631,CC(=O)OCC1=C(N2C(C(C2=O)NC(=O)C(=NOC)C3=CSC(=N3)N)SC1)C(=O)[O-]
2629,CCN1CCN(C(=O)C1=O)C(=O)NC(C2=CC=C(C=C2)O)C(=O)NC3C4N(C3=O)C(=C(CS4)CSC5=NN=NN5C)C(=O)[O-]
2171,CC1(C(N2C(S1)C(C2=O)NC(=O)C(C3=CC=C(C=C3)O)N)C(=O)O)C
3443,CC1C2CCC3(C(C2(CCC1O)C)C(CC4C3(CC(C4=C(CCC=C(C)C)C(=O)O)OC(=O)C)C)O)C
1839,C1=C(OC(=C1)[N+](=O)[O-])C=NNC(=O)N
2335,CC(C)(C)CC(C)(C)C1=CC=C(C=C1)OCCOCC[N+](C)(C)CC2=CC=CC=C2
16129638,CCC(C)C1C(=O)NC(C(=O)NC(=C)C(=O)NC(C(=O)NC23CCC(=NC2C4=CSC(=N4)C(C(OC(=O)C5=NC6=C(C=CC(C6O)N1)C(=C5)C(C)O)C)NC(=O)C7=CSC(=N7)C(NC(=O)C8CSC(=N8)C(=CC)NC(=O)C(NC(=O)C9=CSC3=N9)C(C)O)C(C)(C(C)O)O)C1=NC(=CS1)C(=O)NC(=C)C(=O)NC(=C)C(=O)N)C)C
5094,CN1C(=CN=C1COC(=O)N)[N+](=O)[O-]
5373,CC1(C(N2C(S1)C(C2=O)NC(=O)C(C3=CC=CC=C3)N)C(=O)OC4C5=CC=CC=C5C(=O)O4)C
5257,CC1CN(CC(N1)C)C2=C(C(=C3C(=C2F)N(C=C(C3=O)C(=O)O)C4CC4)N)F
2612,CC(=O)OCC1=C(N2C(C(C2=O)NC(=O)CC3=CC=CS3)SC1)C(=O)O
5479,CCS(=O)(=O)CCN1C(=NC=C1[N+](=O)[O-])C
6398970,C=CC1=C(N2C(C(C2=O)NC(=O)C(=NO)C3=CSC(=N3)N)SC1)C(=O)O
58258,CN1CCN(CC1)C2=C(C=C3C4=C2SCCN4C=C(C3=O)C(=O)O)F
28061,CC1=NC=C(N1CC(CCl)O)[N+](=O)[O-]
17675,CC1CC(C(C(O1)OC2C(CC3(CO3)C(=O)C(C(C(C(OC(=O)C(C(C2C)OC4CC(C(C(O4)C)OC(=O)C)OC)C)C)C)OC(=O)C)C)C)OC(=O)C)N(C)C
43507,C1C(=C(N2C(S1)C(C2=O)NC(=O)CC3=CC=CC=C3CN)C(=O)O)CSC4=NN=NN4CC(=O)O
3695,CC(C1C2CC(=C(N2C1=O)C(=O)O)SCCN=CN)O
4758,CC(C(=O)NC1C2N(C1=O)C(C(S2)(C)C)C(=O)[O-])OC3=CC=CC=C3
4173,CC1=NC=C(N1CCO)[N+](=O)[O-]
2637,COC1(C2N(C1=O)C(=C(CS2)COC(=O)N)C(=O)[O-])NC(=O)CC3=CC=CS3
31772,CC1CS(=O)(=O)CCN1N=CC2=CC=C(O2)[N+](=O)[O-]
71815,CC1=NC=C(N1CC(C)O)[N+](=O)[O-]
4135,CC1=C(C=CC(=C1)C(C)(C)CC(C)(C)C)OCCOCC[N+](C)(C)CC2=CC=CC=C2
26248,CC(=O)OC1=CC=CC2=C1C(=O)C3=C(C2=O)C=C(C=C3OC(=O)C)C(=O)O
4242,CCC1(CCC(O1)C2(CCC3(O2)CC(C(C(O3)C(C)C(C(C)C(=O)[O-])OC)C)O)C)C4C(CC(O4)C5C(CC(C(O5)(CO)O)C)C)C
2722,C1=CC2=C(C(=C(C=C2Cl)Cl)O)N=C1
8813,C1=CC(=CC=C1C(=N)N)OCCCCCOC2=CC=C(C=C2)C(=N)N.C(CS(=O)(=O)O)O.C(CS(=O)(=O)O)O
4068,C1=CC=C(C(=C1)C2=C3C=C(C(=O)C=C3OC4=C(C(=C(C=C24)Br)[O-])[Hg])Br)C(=O)[O-].O
4509,C1C(=O)NC(=O)N1N=CC2=CC=C(O2)[N+](=O)[O-]
2658,CON=C(C1=CC=CO1)C(=O)NC2C3N(C2=O)C(=C(CS3)COC(=O)N)C(=O)[O-]
3889,CN1C(=NN=N1)SCC2=C(N3C(C(C3=O)(NC(=O)C(C4=CC=C(C=C4)O)C(=O)O)OC)OC2)C(=O)O
3194,C1=CC=C(C=C1)N2C(=O)C3=CC=CC=C3[Se]2
2622,C[N+]1(CCCC1)CC2=C(N3C(C(C3=O)NC(=O)C(=NOC)C4=CSC(=N4)N)SC2)C(=O)[O-]
3040,CC1=C(C(=NO1)C2=C(C=CC=C2Cl)Cl)C(=O)NC3C4N(C3=O)C(C(S4)(C)C)C(=O)[O-]
50614,CN1C(=NN=N1)SCC2=C(N3C(C(C3=O)(NC(=O)C4SC(=C(C(=O)N)C(=O)O)S4)OC)SC2)C(=O)O
5651,CC1C(C(CC(O1)OC2C(C(C(OC2OC3=C4C=C5C=C3OC6=C(C=C(C=C6)C(C(C(=O)NC(C(=O)NC5C(=O)NC7C8=CC(=C(C=C8)O)C9=C(C=C(C=C9O)O)C(NC(=O)C(C(C1=CC(=C(O4)C=C1)Cl)O)NC7=O)C(=O)O)CC(=O)N)NC(=O)C(CC(C)C)NC)O)Cl)CO)O)O)(C)N)O
2270,CC1(C(N2C(S1)C(C2=O)NC(=O)C(C3=CC=CC=C3)NC(=O)N4CCNC4=O)C(=O)[O-])C
65281,CCC(C)C1C(=O)NC(C(=O)NC(C(=O)NC(C(=O)NC(C(=O)NCCCCC(C(=O)NC(C(=O)N1)CCCN)NC(=O)C(C(C)CC)NC(=O)C(CCC(=O)O)NC(=O)C(CC(C)C)NC(=O)C2CSC(=N2)C(C(C)CC)N)CC(=O)N)CC(=O)O)CC3=CN=CN3)CC4=CC=CC=C4
2958,CC1C(C(CC(O1)OC2CC(CC3=C2C(=C4C(=C3O)C(=O)C5=C(C4=O)C(=CC=C5)OC)O)(C(=O)C)O)N)O
2635,CN(C)CCN1C(=NN=N1)SCC2=C(N3C(C(C3=O)NC(=O)CC4=CSC(=N4)N)SC2)C(=O)O
2625,CN1C(=NN=N1)SCC2=C(N3C(C(C3=O)(NC(=O)CSCC#N)OC)SC2)C(=O)[O-]
2788,C1=CC2=C(C(=C(C=C2Cl)I)O)N=C1
5564,C1=CC(=C(C=C1Cl)O)OC2=C(C=C(C=C2)Cl)Cl
2993,CC1=[N+](C2=CC=CC=C2C(=C1)N)CCCCCCCCCC[N+]3=C(C=C(C4=CC=CC=C43)N)C
3364,CC1=C(C(=NO1)C2=C(C=CC=C2Cl)F)C(=O)NC3C4N(C3=O)C(C(S4)(C)C)C(=O)O
3229,CCN1C=C(C(=O)C2=CC(=C(N=C21)N3CCNCC3)F)C(=O)O
3956,C1CC(=C(N2C1C(C2=O)NC(=O)C(C3=CC=CC=C3)N)C(=O)O)Cl
3760,C1=CC(=C(C(=C1)Cl)COC(CN2C=CN=C2)C3=C(C=C(C=C3)Cl)Cl)Cl
2812,C1=CC=C(C=C1)C(C2=CC=CC=C2)(C3=CC=CC=C3Cl)N4C=CN=C4
2813,CC1=C(C(=NO1)C2=CC=CC=C2Cl)C(=O)NC3C4N(C3=O)C(C(S4)(C)C)C(=O)[O-]
3948,CCN1C=C(C(=O)C2=CC(=C(C(=C21)F)N3CCNC(C3)C)F)C(=O)O
2650,CC(C)(C(=O)O)ON=C(C1=CSC(=N1)N)C(=O)NC2C3N(C2=O)C(=C(CS3)C[N+]4=CC=CC=C4)C(=O)[O-]
8982,CCOC1=C(C2=CC=CC=C2C=C1)C(=O)NC3C4N(C3=O)C(C(S4)(C)C)C(=O)O
4189,C1=CC(=C(C=C1Cl)Cl)COC(CN2C=CN=C2)C3=C(C=C(C=C3)Cl)Cl
3385,C1=C(C(=O)NC(=O)N1)F
2333,CCC1=C(C2=CC=CC=C2O1)C(=O)C3=CC(=C(C(=C3)Br)O)Br
4607,CC1=C(C(=NO1)C2=CC=CC=C2)C(=O)NC3C4N(C3=O)C(C(S4)(C)C)C(=O)[O-]
3374,CC1CCC2=C3N1C=C(C(=O)C3=CC(=C2)F)C(=O)O
2794,CC(C)N=C1C=C2C(=NC3=CC=CC=C3N2C4=CC=C(C=C4)Cl)C=C1NC5=CC=C(C=C5)Cl
2282,CCOC(=O)OC(C)OC(=O)C1C(SC2N1C(=O)C2NC(=O)C(C3=CC=CC=C3)N)(C)C
2675,C=CC1=C(N2C(C(C2=O)NC(=O)C(=NOCC(=O)O)C3=CSC(=N3)N)SC1)C(=O)O
5482,C1=CC(=C(C=C1Cl)Cl)C(CN2C=CN=C2)OCC3=C(SC=C3)Cl
4621,CC(C)(CC1=CC=CC=C1)N(C)C(=O)CN(CCO)CC(=O)N(C)C(C)(C)CC2=CC=CC=C2
3198,C1=CC(=CC=C1COC(CN2C=CN=C2)C3=C(C=C(C=C3)Cl)Cl)Cl
5456,CCCCCCCCCCCCCCCC[N+](C)(C)CCN(CC1=CC=C(C=C1)OC)C2=NC=CC=N2
4583,CC1COC2=C3N1C=C(C(=O)C3=CC(=C2N4CCN(CC4)C)F)C(=O)O
5300,CN(C(=O)NC1C(C(C(OC1O)CO)O)O)N=O
54687131,CC1(C2CC3C(C(=O)C(=C(C3(C(=O)C2=C(C4=C1C=CC=C4O)O)O)O)C(=O)NCNCCCCC(C(=O)O)N)N(C)C)O
4539,CCN1C=C(C(=O)C2=CC(=C(C=C21)N3CCNCC3)F)C(=O)O
5578,COC1=CC(=CC(=C1OC)OC)CC2=CN=C(N=C2N)N
73090,CCC(C)CCCCC(=O)NC(CCN)C(=O)NC(C(C)O)C(=O)NC(CCN)C(=O)NC1CCNC(=O)C(NC(=O)C(NC(=O)C(NC(=O)C(NC(=O)C(NC(=O)C(NC1=O)CCN)CC(C)C)CC(C)C)CCN)CCN)C(C)O.OS(=O)(=O)O
2648,C1C(=C(N2C(S1)C(C2=O)NC(=O)C(C3=CC=CC=C3)S(=O)(=O)[O-])C(=O)[O-])C[N+]4=CC=C(C=C4)C(=O)N
4623,C1=CC(=C(C=C1Cl)Cl)CON=C(CN2C=CN=C2)C3=C(C=C(C=C3)Cl)Cl
3363,C1C(C(OC1N2C=C(C(=O)NC2=O)F)CO)O
33477,CC1(C(N2C(S1)C(C2=O)NC(=O)C(C3=CC=CC=C3)N)C(=O)OCOC(=O)C(C)(C)C)C.Cl
2378,C1=CC=C(C=C1)C2=CC=C(C=C2)C(C3=CC=CC=C3)N4C=CN=C4
4993,CCC1=C(C(=NC(=N1)N)N)C2=CC=C(C=C2)Cl
5405,CC(C)(C)C1=CC=C(C=C1)C(CCCN2CCC(CC2)C(C3=CC=CC=C3)(C4=CC=CC=C4)O)O
1690,CC1C(C(CC(O1)OC2CC(CC3=C2C(=C4C(=C3O)C(=O)C5=C(C4=O)C(=CC=C5)OC)O)(C(=O)CO)O)[NH3+])O
3606,CCC(C1=CC=C(C=C1)O)C(CC)C2=CC=C(C=C2)O
51081,CCN1C=C(C(=O)C2=CC(=C(C=C21)N3CCN(CC3)C)F)C(=O)O
3998,C1=CC(=CC=C1CN)S(=O)(=O)N
3049,CC=C(C1=CC=C(C=C1)O)C(=CC)C2=CC=C(C=C2)O
2609,C1C(=C(N2C(S1)C(C2=O)NC(=O)C(C3=CC=CC=C3)N)C(=O)O)Cl
47471,C1=CC(=C(C(=C1)Cl)SC(CCC2=CC=C(C=C2)Cl)CN3C=CN=C3)Cl.[N+](=O)(O)[O-]
5717,CC1=CC=CC=C1S(=O)(=O)NC(=O)C2=CC(=C(C=C2)CC3=CN(C4=C3C=C(C=C4)NC(=O)OC5CCCC5)C)OC
3333,CCOC(=O)C1=C(NC(=C(C1C2=C(C(=CC=C2)Cl)Cl)C(=O)OC)C)C
5376,CCC(=C(C1=CC=CC=C1)C2=CC=C(C=C2)OCCN(C)C)C3=CC=CC=C3
3310,CC1OCC2C(O1)C(C(C(O2)OC3C4COC(=O)C4C(C5=CC6=C(C=C35)OCO6)C7=CC(=C(C(=C7)OC)O)OC)O)O
65863,C1=CC2=C(C(=C1)Cl)SC=C2COC(CN3C=CN=C3)C4=C(C=C(C=C4)Cl)Cl
427876,CC1=CC(=C(N1C2=CC=CC=C2)C)C=CC3=[N+](C4=C(C=C3)C=C(C=C4)N(C)C)C.C1=CC=C2C(=C1)C=C(C(=C2CC3=C(C(=CC4=CC=CC=C43)C(=O)O)O)O)C(=O)O
3957,CCOC(=O)N1CCC(=C2C3=C(CCC4=C2N=CC=C4)C=C(C=C3)Cl)CC1
2782,C1CCN(C1)CC2=NC3=CC=CC=C3N2CC4=CC=C(C=C4)Cl
3054,CCC(=C(CC)C1=CC=C(C=C1)O)C2=CC=C(C=C2)O
4836,CC1(C(N2C(S1(=O)=O)CC2=O)C(=O)O)CN3C=CN=N3
5318,C1=CC(=CC=C1CSC(CN2C=CN=C2)C3=C(C=C(C=C3)Cl)Cl)Cl
5803,C1=CC(=C(C=C1OC2=C(C=C(C=C2I)CC(=O)O)I)I)O
2351,CC(C)COCC(CN(CC1=CC=CC=C1)C2=CC=CC=C2)N3CCCC3
4046,C1CCNC(C1)C(C2=CC(=NC3=C2C=CC=C3C(F)(F)F)C(F)(F)F)O
8646,C12=NNNC1=NC(=NC2=O)N
5591,CC1=C(C2=C(CCC(O2)(C)COC3=CC=C(C=C3)CC4C(=O)NC(=O)S4)C(=C1O)C)C
5452,CN1CCCCC1CCN2C3=CC=CC=C3SC4=C2C=C(C=C4)SC
37175,C=CCOC(CN1C=CN=C1)C2=C(C=C(C=C2)Cl)Cl
5726,CC1=CN(C(=O)NC1=O)C2CC(C(O2)CO)N=[N+]=[N-]
4112,CN(CC1=CN=C2C(=N1)C(=NC(=N2)N)N)C3=CC=C(C=C3)C(=O)NC(CCC(=O)O)C(=O)O
4746,C1CCC(CC1)C(CC2CCCCN2)C3CCCCC3
2800,CCN(CC)CCOC1=CC=C(C=C1)C(=C(C2=CC=CC=C2)Cl)C3=CC=CC=C3
2142,C1C(C(C(C(C1NC(=O)C(CCN)O)OC2C(C(C(C(O2)CO)O)N)O)O)OC3C(C(C(C(O3)CN)O)O)O)N
5496,C1C(C(C(C(C1N)OC2C(C(C(C(O2)CO)O)N)O)O)OC3C(CC(C(O3)CN)O)N)N
2262,CCC(C)C1C(C=CC2(O1)CC3CC(O2)CC=C(C(C(C=CC=C4COC5C4(C(C=C(C5O)C)C(=O)O3)O)C)OC6CC(C(C(O6)C)OC7CC(C(C(O7)C)O)OC)OC)C)C
6256,C1C(C(OC1N2C=C(C(=O)NC2=O)C(F)(F)F)CO)O
2202,C1C2=C(C(=CC=C2)O)C(=O)C3=C1C=CC=C3O
3267,CCCCC(=O)OC1CCC2C1(CCC3C2CCC4=C3C=CC(=C4)O)C
4926,CN(C)CCCN1C2=CC=CC=C2SC3=CC=CC=C31
3290,CCN(CC)C(C)CN1C2=CC=CC=C2SC3=CC=CC=C31
3357,CN1CCN(CC1)C2=C(C=C3C(=C2F)N(C=C(C3=O)C(=O)O)CCF)F
3823,CC(=O)N1CCN(CC1)C2=CC=C(C=C2)OCC3COC(O3)(CN4C=CN=C4)C5=C(C=C(C=C5)Cl)Cl
3203,C1CC1C#CC2(C3=C(C=CC(=C3)Cl)NC(=O)O2)C(F)(F)F
2247,COC1=CC=C(C=C1)CCN2CCC(CC2)NC3=NC4=CC=CC=C4N3CC5=CC=C(C=C5)F
4659568,CCN(CC)C(=O)C(=CC1=CC(=C(C(=C1)O)O)[N+](=O)[O-])C#N
151165,CC(C1=CC(=CC(=C1)C(F)(F)F)C(F)(F)F)OC2C(N(CCO2)CC3=NC(=O)NN3)C4=CC=C(C=C4)F
40703,CC1(C2CCC(C1C2)CCOCC[N+]3(CCOCC3)CC4=CC(=C(C=C4Br)OC)OC)C.[Br-]
610479,CC1=C(C=CC=C1Cl)NC2=CC=CC=C2C(=O)O
4106,CN1CCN(CC1)C2CC3=CC=CC=C3SC4=C2C=C(C=C4)SC
2156,CCCCC1=C(C2=CC=CC=C2O1)C(=O)C3=CC(=C(C(=C3)I)OCC[NH+](CC)CC)I
25201794,C1=CC=C2C(=C1)C(=C(C(=O)O2)CC3=C(C4=CC=CC=C4OC3=O)[O-])[O-]
13729,CC(=O)OCC1=C(N2C(C(C2=O)N)SC1)C(=O)O
5277,CC12CCC3C(C1CCC2(C)O)CCC4C3(CC5=C(C4)NN=C5)C
5516,CN(C)CCOC1=CC=C(C=C1)C(=C(CCCl)C2=CC=CC=C2)C3=CC=CC=C3
60149,C1CN(CCC1C2=CN(C3=C2C=C(C=C3)Cl)C4=CC=C(C=C4)F)CCN5CCNC5=O
4167,CN1CCCC(C1)CC2C3=CC=CC=C3SC4=CC=CC=C24
456389,C1=CC(=CC=C1C(C#N)C2=C(C=C(C=C2Cl)N3C(=O)NC(=O)C=N3)Cl)Cl
4248,CC(C)(C1=CC=CC=C1CCC(C2=CC=CC(=C2)C=CC3=NC4=C(C=CC(=C4)Cl)C=C3)SCC5(CC5)CC(=O)O)O
123631,COC1=C(C=C2C(=C1)N=CN=C2NC3=CC(=C(C=C3)F)Cl)OCCCN4CCOCC4
3336,CC(C1=CC=CC=C1)NCCC(C2=CC=CC=C2)C3=CC=CC=C3
2729,CN(C)CCC=C1C2=CC=CC=C2SC3=C1C=C(C=C3)Cl
5354,CCCCCCCCNC(C)C(C1=CC=C(C=C1)SC(C)C)O
4034,CC1=CC(=CC=C1)CN2CCN(CC2)C(C3=CC=CC=C3)C4=CC=C(C=C4)Cl
4976,CNCCCC1C2=CC=CC=C2C=CC3=CC=CC=C13
2274,CC1C(C(=O)N1S(=O)(=O)O)NC(=O)C(=NOC(C)(C)C(=O)O)C2=CSC(=N2)N
34632,CCOC(=O)NC1=CC2=C(C=C1)SC3=CC=CC=C3N2C(=O)CCN4CCOCC4.Cl
3883,CC1=C(C=CN=C1CS(=O)C2=NC3=CC=CC=C3N2)OCC(F)(F)F
2091,CC(C)CCCC(C)C1CCC2C1(CCCC2=CC=C3CC(CC(C3=C)O)O)C
3964,CN1CCN(CC1)C2=NC3=CC=CC=C3OC4=C2C=C(C=C4)Cl
5736,CN(C)CCOC1=CC2=CC=CC=C2SC3=C1C=C(C=C3)Cl
16362,C1CN(CCC1N2C3=CC=CC=C3NC2=O)CCCC(C4=CC=C(C=C4)F)C5=CC=C(C=C5)F
4594,CC1=CN=C(C(=C1OC)C)CS(=O)C2=NC3=C(N2)C=C(C=C3)OC
5574,CC(CN1C2=CC=CC=C2SC3=CC=CC=C31)CN(C)C
2265,CN1C=NC(=C1SC2=NC=NC3=C2NC=N3)[N+](=O)[O-]
12453,C1CN(CCN1CCC=C2C3=CC=CC=C3SC4=C2C=C(C=C4)Cl)CCO.Cl.Cl
68591,CC1=C(C=CC(=C1)N2C(=O)NC(=O)N(C2=O)C)OC3=CC=C(C=C3)SC(F)(F)F
71428,CNC1C(C2C(CC(C(O2)OC3C(CC(C(C3O)O)N)N)N)OC1OC4C(C(C(C(O4)CO)N)O)O)O
2484,CC(C)(C)C1=CC=C(C=C1)CN(C)CC2=CC=CC3=CC=CC=C32
3634,CCN(CC)CCNC1=C2C(=C(C=C1)CO)SC3=CC=CC=C3C2=O
3607,CCCCC(CC)CN1CC(CN(C1)CC(CC)CCCC)(C)N
41774,CC1C(C(C(C(O1)OC2C(OC(C(C2O)O)OC3C(OC(C(C3O)O)O)CO)CO)O)O)NC4C=C(C(C(C4O)O)O)CO
2194,COC1=CC=C(C=C1)C2=CC(=S)SS2
68733,CCOC(=O)C1=C(NC(=C(C1C2=CC=CC=C2C=CC(=O)OC(C)(C)C)C(=O)OCC)C)C
5029,CC1=C(C=CN=C1CS(=O)C2=NC3=CC=CC=C3N2)OCCCOC
3278,CCC(=C)C(=O)C1=C(C(=C(C=C1)OCC(=O)O)Cl)Cl
4822,CN1CCC(=C2C3=CC=CC=C3SC4=CC=CC=C42)CC1
5566,CN1CCN(CC1)CCCN2C3=CC=CC=C3SC4=C2C=C(C=C4)C(F)(F)F
4917,CN1CCN(CC1)CCCN2C3=CC=CC=C3SC4=C2C=C(C=C4)Cl
2726,CN(C)CCCN1C2=CC=CC=C2SC3=C1C=C(C=C3)Cl
11289,COC1=CC=C(C=C1)C(=C(C2=CC=C(C=C2)OC)Cl)C3=CC=C(C=C3)OC
4927,CC(CN1C2=CC=CC=C2SC3=CC=CC=C31)N(C)C
4939,CC[N+](C)(CC)CCC[N+]1=C2C=C(C=CC2=C3C=CC(=CC3=C1C4=CC=CC=C4)N)N
2021,CC1CC(=O)C2(C(O1)OC3C(C(C(C(C3O2)NC)O)NC)O)O
5510,CC1=CC(=CC=C1)N(C)C(=S)OC2=CC3=CC=CC=C3C=C2
3085416,CCC(C)C1C(CCC2(O1)CC3CC(O2)CC=C(C(C(C=CC=C4COC5C4(C(C=C(C5O)C)C(=O)O3)O)C)OC6CC(C(C(O6)C)OC7CC(C(C(O7)C)O)OC)OC)C)C
37392,CCCCN(CCCC)CCC(C1=C2C=CC(=CC2=C3C=C(C=C(C3=C1)Cl)Cl)C(F)(F)F)O.Cl
237,CCN(CC)CCCC(C)NC1=C2C=C(C=CC2=NC3=C1C=CC(=C3)Cl)OC
3687,C1C(C(OC1N2C=C(C(=O)NC2=O)I)CO)O
2752,CC1=C(C(C(=C(N1)C)C(=O)OCC=CC2=CC=CC=C2)C3=CC(=CC=C3)[N+](=O)[O-])C(=O)OCCOC
4036,CC1=C(C(=C(C=C1)Cl)NC2=CC=CC=C2C(=O)[O-])Cl
3372,C1CN(CCN1CCCN2C3=CC=CC=C3SC4=C2C=C(C=C4)C(F)(F)F)CCO
2909,CCC1C(=O)N(CC(=O)N(C(C(=O)NC(C(=O)N(C(C(=O)NC(C(=O)NC(C(=O)N(C(C(=O)N(C(C(=O)N(C(C(=O)N(C(C(=O)N1)C(C(C)CC=CC)O)C)C(C)C)C)CC(C)C)C)CC(C)C)C)C)C)CC(C)C)C)C(C)C)CC(C)C)C)C
9801,CC(CC1=CC=CC=C1)NCCC(C2=CC=CC=C2)C3=CC=CC=C3
3280,CCOC1=C(C=C(C=C1)CC2=NC=CC3=CC(=C(C=C32)OCC)OCC)OCC
26596,CCCCC1=CC2=C(C=C1)N=C(N2)NC(=O)OC
5316,CC1(C(N2C(S1(=O)=O)CC2=O)C(=O)O)C
4421,CCN1C=C(C(=O)C2=C1N=C(C=C2)C)C(=O)O
3069,CC1C(C(C(O1)OC2C(C(C(C(C2O)O)N=C(N)N)O)N=C(N)N)OC3C(C(C(C(O3)CO)O)O)NC)(CO)O
4628,CCN1C=C(C(=O)C2=CC3=C(C=C21)OCO3)C(=O)O
2762,CCN1C2=CC3=C(C=C2C(=O)C(=N1)C(=O)O)OCO3
3561,C1=C(C(=CC(=C1Cl)Cl)Cl)OCC#CI
60787,CC(C)(C)NC(=O)C1CC2CCCCC2CN1CC(C(CC3=CC=CC=C3)NC(=O)C(CC(=O)N)NC(=O)C4=NC5=CC=CC=C5C=C4)O
36339,CCOC(=O)C1=CN=CN1C(C)C2=CC=CC=C2
3085006,CCSC1=CC2=C(C=C1)SC3=CC=CC=C3N2CCCN4CCN(CC4)C.C(C(C(=O)O)O)C(=O)O
2267,CN1CCCC(CC1)N2C(=O)C3=CC=CC=C3C(=N2)CC4=CC=C(C=C4)Cl
4748,C1CN(CCN1CCCN2C3=CC=CC=C3SC4=C2C=C(C=C4)Cl)CCO
65999,CCCC1=NC2=C(N1CC3=CC=C(C=C3)C4=CC=CC=C4C(=O)O)C=C(C=C2C)C5=NC6=CC=CC=C6N5C
110634,CCCC1=NC(=C2N1NC(=NC2=O)C3=C(C=CC(=C3)S(=O)(=O)N4CCN(CC4)CC)OCC)C
39764,CC(=O)OC1CC2CCC3C(C2(CC1N4CCCCC4)C)CCC5(C3CC(C5OC(=O)C)[N+]6(CCCCC6)C)C.[Br-]
667490,C1=NC2=C(N1)C(=S)N=CN2
3371,C1=CC=C(C(=C1)C(=O)O)NC2=CC=CC(=C2)C(F)(F)F
2798,CCCCCCC[N+](CC)(CC)CCCCC1=CC=C(C=C1)Cl
3926,CC1=C(C(=CC=C1)C)NC(=O)CN2CCN(CC2)CCCC(C3=CC=C(C=C3)F)C4=CC=C(C=C4)F
2895,CN(C)CCC=C1C2=CC=CC=C2C=CC3=CC=CC=C31
636411,CC1=CN=C(C(=C1OC)C)CS(=O)C2=NC3=C(N2)C=CC(=N3)OC
4910,CCCC(C1=CC=CC=C1)(C2=CC=CC=C2)C(=O)OCCN(CC)CC
6419933,CC(C1CCC(C(O1)OC2C(CC(C(C2O)OC3C(C(C(CO3)(C)O)NC)O)N)N)N)N.CC(C1CCC(C(O1)OC2C(CC(C(C2O)OC3C(C(C(CO3)(C)O)NC)O)N)N)N)NC.CC1(COC(C(C1NC)O)OC2C(CC(C(C2O)OC3C(CCC(O3)CN)N)N)N)O.OS(=O)(=O)O
4831,CCN1C=C(C(=O)C2=CN=C(N=C21)N3CCNCC3)C(=O)O
2165,CCN(CC)CC1=C(C=CC(=C1)NC2=C3C=CC(=CC3=NC=C2)Cl)O
5064,C1=NC(=NN1C2C(C(C(O2)CO)O)O)C(=O)N
5203,CNC1CCC(C2=CC=CC=C12)C3=CC(=C(C=C3)Cl)Cl
60795,C1CC(=O)NC2=C1C=CC(=C2)OCCCCN3CCN(CC3)C4=C(C(=CC=C4)Cl)Cl
156326,CN1CC2C(C1)C3=C(C=CC(=C3)Cl)OC4=CC=CC=C24
3686,CC1=C(C(=O)C(=C(C1=O)OC)OC)CCCCCCCCCCO
1546,C1C(C(OC1N2C=NC3=C(N=C(N=C32)Cl)N)CO)O
2761,C1CN(CCN1CC=CC2=CC=CC=C2)C(C3=CC=CC=C3)C4=CC=CC=C4
4196,CC#CC1(CCC2C1(CC(C3=C4CCC(=O)C=C4CCC23)C5=CC=C(C=C5)N(C)C)C)O
3242,CC1=CC(=NC(=N1)N2C(=CC(=N2)C)OC)OC
2724387,C1=NC2=C(N1C3C(C(C(O3)CO)O)O)NC(=NC2=S)N
3455,C1CN(CCN1CCCC2=CC=CC=C2)CCOC(C3=CC=C(C=C3)F)C4=CC=C(C=C4)F
853,C1=C(C=C(C(=C1I)OC2=CC(=C(C(=C2)I)O)I)I)CC(C(=O)O)N
3730,CC(=O)N(CC(CO)O)C1=C(C(=C(C(=C1I)C(=O)NCC(CO)O)I)C(=O)NCC(CO)O)I
36207,CN1CCCCC1CCN2C3=CC=CC=C3SC4=C2C=C(C=C4)S(=O)C.C1=CC=C(C=C1)S(=O)(=O)O
3780,C1C(C2C(O1)C(CO2)O[N+](=O)[O-])O[N+](=O)[O-]
54454,CCC(C)(C)C(=O)OC1CC(C=C2C1C(C(C=C2)C)CCC3CC(CC(=O)O3)O)C
3703,CNC1CC(C2=CC=CC=C12)C3=CC(=C(C=C3)Cl)Cl
4857,CC1(C(N2C(S1)C(C2=O)N=CN3CCCCCC3)C(=O)OCOC(=O)C(C)(C)C)C
2172,C1C2N(C1=O)C(C(=CCO)O2)C(=O)O
2610,CC1=C(N2C(C(C2=O)NC(=O)C(C3=CC=C(C=C3)O)N)SC1)C(=O)O
5224,CC1(COC(C(C1NC)O)OC2C(CC(C(C2O)OC3C(CC=C(O3)CN)N)N)N)O
3334,COC(=O)NC1=NC2=C(N1)C=C(C=C2)SC3=CC=CC=C3
2082,CCCSC1=CC2=C(C=C1)N=C(N2)NC(=O)OC
74989,C1CC(CCC1C2=CC=C(C=C2)Cl)C3=C(C4=CC=CC=C4C(=O)C3=O)O
2170,C1CN(CCN1)C2=NC3=CC=CC=C3OC4=C2C=C(C=C4)Cl
40468184,CC(=O)CC(C1=CC=C(C=C1)[N+](=O)[O-])C2=C(OC3=CC=CC=C3C2=O)[O-]
3559,C1CN(CCC1(C2=CC=C(C=C2)Cl)O)CCCC(=O)C3=CC=C(C=C3)F
2162,CCOC(=O)C1=C(NC(=C(C1C2=CC=CC=C2Cl)C(=O)OC)C)COCCN
176870,COCCOC1=C(C=C2C(=C1)C(=NC=N2)NC3=CC=CC(=C3)C#C)OCCOC
3461,C1=CN(C(=O)N=C1N)C2C(C(C(O2)CO)O)(F)F
4829,CCC1=CN=C(C=C1)CCOC2=CC=C(C=C2)CC3C(=O)NC(=O)S3
35375,C1=CC=C(C(=C1)C(=O)OCCOCCO)NC2=CC=CC(=C2)C(F)(F)F
3954,CN(C)C(=O)C(CC[NH+]1CCC(CC1)(C2=CC=C(C=C2)Cl)O)(C3=CC=CC=C3)C4=CC=CC=C4
4211,C1=CC=C(C(=C1)C(C2=CC=C(C=C2)Cl)C(Cl)Cl)Cl
838,CNCC(C1=CC(=C(C=C1)O)O)O
57697,CC1=CC=CN2C1=NC=C(C2=O)C3=NNN=N3
5070,C1=CC2=C(C=C1OC(F)(F)F)SC(=N2)N
4090,CN1CC(CC2C1CC3=CN(C4=CC=CC2=C34)C)CNC(=O)OCC5=CC=CC=C5
4473,CC1=C(C(C(=C(N1)C)C(=O)OCC[NH+](C)CC2=CC=CC=C2)C3=CC(=CC=C3)[N+](=O)[O-])C(=O)OC
3640,CC12CCC(=O)C=C1CCC3C2C(CC4(C3CCC4(C(=O)CO)O)C)O
22529,CN1CCC2=C(C1)C3=CC=CC=C3N2CC4=CC=CC=C4.CN1CCC2=C(C1)C3=CC=CC=C3N2CC4=CC=CC=C4.C1=CC2=C(C=CC=C2S(=O)(=O)O)C(=C1)S(=O)(=O)O
9917,CNCCC=C1C2=CC=CC=C2C=CC3=CC=CC=C31.Cl
5568,CN(C)CCCN1C2=CC=CC=C2SC3=C1C=C(C=C3)C(F)(F)F
6077,CC(=O)C1=CC2=C(C=C1)SC3=CC=CC=C3N2CCCN(C)C
3405,C1=CC(=CC=C1C(=O)NC(CCC(=O)O)C(=O)O)NCC2=CN=C3C(=N2)C(=O)N=C(N3)N
3899,CC1=C(C=NO1)C(=O)NC2=CC=C(C=C2)C(F)(F)F
4904,C1CCN(CC1)CCC(C2=CC=CC=C2)(C3=CC=CC=C3)O
2561,CC1(C2CCC3(C(C2(CCC1OC(=O)CCC(=O)O)C)C(=O)C=C4C3(CCC5(C4CC(CC5)(C)C(=O)O)C)C)C)C
3396,C1CN(CCC12C(=O)NCN2C3=CC=CC=C3)CCCC(C4=CC=C(C=C4)F)C5=CC=C(C=C5)F
4493,CC1(C(=O)N(C(=O)N1)C2=CC(=C(C=C2)[N+](=O)[O-])C(F)(F)F)C
5857,CC12CCC3C(C1CCC2(C#C)O)CCC4=CCCCC34
39212,CC1=C(C=CC=C1NC2=C(C=CC=N2)C(=O)O)C(F)(F)F.CNCC(C(C(C(CO)O)O)O)O
401,C1C(C(=O)NO1)N
5066,C1C(C(C(C(C1N)OC2C(C(C(C(O2)CN)O)O)N)OC3C(C(C(O3)CO)O)O)O)N
3366,C1=NC(=O)NC(=C1F)N
5853,COP(=O)(C(C(Cl)(Cl)Cl)O)OC
3117,CCN(CC)C(=S)SSC(=S)N(CC)CC
2240,CC1CCC2C(C(=O)OC3C24C1CCC(O3)(OO4)C)C
11367,CN(C1=CC=C(C=C1)O)C(=O)C(Cl)Cl
57469,CC(C)CN1C=NC2=C1C3=CC=CC=C3N=C2N
1971,C1CC1NC2=C3C(=NC(=N2)N)N(C=N3)C4CC(C=C4)CO
191,C1=NC(=C2C(=N1)N(C=N2)C3C(C(C(O3)CO)O)O)N
2215,CN1CCC2=C3C1CC4=C(C3=CC=C2)C(=C(C=C4)O)O
16575,CN1C2CCC1CC(C2)OC3C4=CC=CC=C4CCC5=CC=CC=C35.C(C(=O)O)C(CC(=O)O)(C(=O)O)O
5557,CCOC1C(C(C(O1)C(COCC2=CC=CC=C2)OCC3=CC=CC=C3)OCC4=CC=CC=C4)O
2913,CN1CCC(=C2C3=CC=CC=C3C=CC4=CC=CC=C42)CC1
3325,C1=C(N=C(S1)N=C(N)N)CSCCC(=NS(=O)(=O)N)N
3735,CCC(CC1=C(C(=C(C=C1I)I)N)I)C(=O)O
47528,C1=CC(=CN=C1)C(=O)NCCO[N+](=O)[O-]
4614,C1=CC=C(C=C1)C2=C(OC(=N2)CCC(=O)O)C3=CC=CC=C3
4097,CC[N+](C)(CC)CCOC(=O)C1C2=CC=CC=C2OC3=CC=CC=C13
6604471,CC(C)SC1=CC2=C(C=C1)N=C(N2)NC(=O)OC
3348,CC(C)(C1=CC=C(C=C1)C(CCCN2CCC(CC2)C(C3=CC=CC=C3)(C4=CC=CC=C4)O)O)C(=O)O
4449,CCC1=NN(C(=O)N1CCOC2=CC=CC=C2)CCCN3CCN(CC3)C4=CC(=CC=C4)Cl
2725,CN(C)CCC(C1=CC=C(C=C1)Cl)C2=CC=CC=N2
5394,CN1C(=O)N2C=NC(=C2N=N1)C(=O)N
60853,C1CN(CCN1CCC2=C(C=C3C(=C2)CC(=O)N3)Cl)C4=NSC5=CC=CC=C54.O.Cl
104865,CC(C)(C)C1=CC=C(C=C1)S(=O)(=O)NC2=C(C(=NC(=N2)C3=NC=CC=N3)OCCO)OC4=CC=CC=C4OC
28871,C1=CC=C(C=C1)C2=NC(=C(S2)CC(=O)O)C3=CC=C(C=C3)Cl
2585,COC1=CC=CC=C1OCCNCC(COC2=CC=CC3=C2C4=CC=CC=C4N3)O
4887,C1=CC=C(C=C1)CCCCOC2=CC=C(C=C2)C(=O)NC3=CC=CC4=C3OC(=CC4=O)C5=NNN=N5
5002,C1CN(CCN1CCOCCO)C2=NC3=CC=CC=C3SC4=CC=CC=C42
5358,CNS(=O)(=O)CC1=CC2=C(C=C1)NC=C2CCN(C)C
60490,CC(C1=CC2=CC=CC=C2S1)N(C(=O)N)O
3312,CCOC(=O)C=C(C)C=CC=C(C)C=CC1=C(C(=C(C=C1C)OC)C)C
37083,CCC12CCC3C(C1CCC2(C#C)OC(=O)C)CCC4=CC(=NO)CCC34
3367,C1=NC2=C(N=C(N=C2N1C3C(C(C(O3)CO)O)O)F)N
60752,CCCCCCCN(CC)CCCC(C1=CC=C(C=C1)NS(=O)(=O)C)O.CCCCCCCN(CC)CCCC(C1=CC=C(C=C1)NS(=O)(=O)C)O.C(=CC(=O)O)C(=O)O
72054,C1CN(CC1C(C2=CC=CC=C2)(C3=CC=CC=C3)C(=O)N)CCC4=CC5=C(C=C4)OCC5
59693,C1CC(N2C=NC=C2C1)C3=CC=C(C=C3)C#N
4666,CC1=C2C(C(=O)C3(C(CC4C(C3C(C(C2(C)C)(CC1OC(=O)C(C(C5=CC=CC=C5)NC(=O)C6=CC=CC=C6)O)O)OC(=O)C7=CC=CC=C7)(CO4)OC(=O)C)O)C)OC(=O)C
3678,CCN(CCCC1=CC=CC=C1)CCCC2=CC=CC=C2
4495,CS(=O)(=O)NC1=C(C=C(C=C1)[N+](=O)[O-])OC2=CC=CC=C2
4906,CCCNC(C)C(=O)NC1=CC=CC=C1C
3335,C1=CC=C(C=C1)C2=CC=C(C=C2)C(=O)CCC(=O)O
2466,CCCCOC1=CC=C(C=C1)CC(=O)NO
2801,CN(C)CCCN1C2=CC=CC=C2CCC3=C1C=C(C=C3)Cl
5265,C1CN(CCC12C(=O)NCN2C3=CC=CC=C3)CCCC(=O)C4=CC=C(C=C4)F
2951,C1C(=NC(=O)N1N=CC2=CC=C(O2)C3=CC=C(C=C3)[N+](=O)[O-])[O-]
5533,C1CN(CCN1CCCN2C(=O)N3C=CC=CC3=N2)C4=CC(=CC=C4)Cl
3474,C1=CC=C(C(=C1)C(=O)OCC(CO)O)NC2=C3C=CC(=CC3=NC=C2)Cl
12555,CN(C)CCCOC1=NN(C2=CC=CC=C21)CC3=CC=CC=C3
3377,C1C[NH+](CC[NH+]1CC=CC2=CC=CC=C2)C(C3=CC=C(C=C3)F)C4=CC=C(C=C4)F
2318,CC(CC1=CC(=CC=C1)C(F)(F)F)NCCOC(=O)C2=CC=CC=C2
2369,CC(C)NCC(COC1=CC=C(C=C1)CCOCC2CC2)O
5410,CCC(=O)OC1CCC2C1(CCC3C2CCC4=CC(=O)CCC34C)C
3062,CC1C(C(CC(O1)OC2C(OC(CC2O)OC3C(OC(CC3O)OC4CCC5(C(C4)CCC6C5CC(C7(C6(CCC7C8=CC(=O)OC8)O)C)O)C)C)C)O)O
3042,CCN(CC)CCOC(=O)C1(CCCCC1)C2CCCCC2
2448,C1CN(CCC1(C2=CC=C(C=C2)Br)O)CCCC(=O)C3=CC=C(C=C3)F
4760,C1=CC=C(C=C1)C2C(=O)C3=CC=CC=C3C2=O
4240,CC1CC2C3CCC4=CC(=O)C=CC4(C3(C(CC2(C1(C(=O)CCl)OC(=O)C5=CC=CO5)C)O)Cl)C
5281007,CN(C)NN=C1C(=NC=N1)C(=O)N
3195,CCC12CCCN3C1C4=C(CC3)C5=CC=CC=C5N4C(=O)C2
5965,CN(CCCCCCCCCCN(C)C(=O)OC1=CC=CC(=C1)[N+](C)(C)C)C(=O)OC2=CC=CC(=C2)[N+](C)(C)C.[Br-].[Br-]
6857,CCCCC1=CC2=CC=CC=C2C(=N1)OCCN(C)C
23703,CC12CCC3C(C1CCC2=O)CCC4=C3C=CC(=C4)OS(=O)(=O)O.C1CNCCN1
3326,CC(C)C1=C(N(N(C1=O)C2=CC=CC=C2)C)CN(C)C(C)CC3=CC=CC=C3
2710,CN1CCN(CC1)C(C2=CC=CC=C2)C3=CC=C(C=C3)Cl
3384,CC1CC2C3CCC(C3(CC(C2(C4(C1=CC(=O)C=C4)C)F)O)C)(C(=O)C)O
2482,CCCCOC(=O)C1=CC=C(C=C1)N
38521,C1CCC2(CC1)OCC(O2)CN=C(N)N
3916,CC(CN1C2=CC=CC=C2SC3=C1C=C(C=C3)OC)CN(C)C
27648,CC(CN(C1=C(C=C(C(=C1I)N)I)I)C(=O)C)C(=O)O
3157,COC1=C(C=C2C(=C1)C(=NC(=N2)N3CCN(CC3)C(=O)C4COC5=CC=CC=C5O4)N)OC
5035,C1CCN(CC1)CCOC2=CC=C(C=C2)C(=O)C3=C(SC4=C3C=CC(=C4)O)C5=CC=C(C=C5)O
1805,C1=NC(=NC(=O)N1C2C(C(C(O2)CO)O)O)N
5052,COC1C(CC2CN3CCC4=C(C3CC2C1C(=O)OC)NC5=C4C=CC(=C5)OC)OC(=O)C6=CC(=C(C(=C6)OC)OC)OC
4497,CC1=C(C(C(=C(N1)C)C(=O)OC(C)C)C2=CC(=CC=C2)[N+](=O)[O-])C(=O)OCCOC
5152,C1=CC=C(C=C1)CCCCOCCCCCCNCC(C2=CC(=C(C=C2)O)CO)O
4418,COC1=CC=CC=C1N2CCN(CC2)CC(COC3=CC=CC4=CC=CC=C43)O
91610,CC1(C2=C(C=C(C=C2)OC)C(=O)N(C1=O)CCC3=CC=C(C=C3)S(=O)(=O)NC(=O)NC4CCCCC4)C
168993,CN1CCC(=C2C3=C(CCC4=CC=CC=C42)SC=C3)CC1.C(C(C(=O)O)O)C(=O)O
2904,C1CCC(C1)CC2NC3=CC(=C(C=C3S(=O)(=O)N2)S(=O)(=O)N)Cl
1869,CNC1=C2C(=NC=N1)N(C=N2)C3C(C(C(O3)CO)O)O
2158,CC1(OC2C(C(OC2O1)C(CO)O)OCCCN(C)C)C
5280445,C1=CC(=C(C=C1C2=CC(=O)C3=C(C=C(C=C3O2)O)O)O)O
7184,CCCCOC(=O)C1=CC=C(C=C1)O
5522,CCCCNC1=C2C=NN(C2=NC(=C1C(=O)OCC)C)CC
5332,COC1=NC=NC(=C1)NS(=O)(=O)C2=CC=C(C=C2)N
4622,CCCOC1=CC2=C(C=C1)N=C(N2)NC(=O)OC
5324,C1=CC(=CC=C1N)S(=O)(=O)N=C(N)N
14973,C1C(NC(=NC1O)N)C2C(=O)NCC(C(=O)NC(C(=O)NC(C(=O)NC(=CNC(=O)N)C(=O)N2)CO)CO)NC(=O)CC(CCCN)N
4649,C1=CC(=C(C=C1N)O)C(=O)O
4101,C1N2CN3CN1CN(C2)C3
666418,CCCC1=NC=CC(=C1)C(=S)N
5320,CC(=O)NS(=O)(=O)C1=CC=C(C=C1)N
4454,C1C(C(C(C(C1N)OC2C(C(C(C(O2)CN)O)O)N)OC3C(C(C(O3)CO)OC4C(C(C(C(O4)CN)O)O)N)O)O)N
5340,C1=CC(=CC=C1N)S(=O)(=O)NC2=NC=CS2
3767,C1=CN=CC=C1C(=O)NN
5329,CC1=CC(=NO1)NS(=O)(=O)C2=CC=C(C=C2)N
5335,C1=CC=C(C=C1)N2C(=CC=N2)NS(=O)(=O)C3=CC=C(C=C3)N
5215,C1=CN=C(N=C1)NS(=O)(=O)C2=CC=C(C=C2)N
3279,CCC(CO)NCCNC(CC)CO
5297,CC1C(C(C(O1)OC2C(C(C(C(C2O)O)N=C(N)N)O)N=C(N)N)OC3C(C(C(C(O3)CO)O)O)NC)(C=O)O
5344,CC1=C(ON=C1C)NS(=O)(=O)C2=CC=C(C=C2)N
2955,C1=CC(=CC=C1N)S(=O)(=O)C2=CC=C(C=C2)N
815,C1C(C(C(C(C1N)OC2C(C(C(C(O2)CN)O)O)O)O)OC3C(C(C(C(O3)CO)O)N)O)N
1046,C1=CN=C(C=N1)C(=O)N
2761171,CCC1=NC=CC(=C1)C(=S)N
5325,CC1=NC(=NC=C1)NS(=O)(=O)C2=CC=C(C=C2)N
5315,C1=CC(=CC=C1NC(=O)CCC(=O)O)S(=O)(=O)NC2=NC=CS2
5330,COC1=NN=C(C=C1)NS(=O)(=O)C2=CC=C(C=C2)N
5323,COC1=NC(=NC(=C1)NS(=O)(=O)C2=CC=C(C=C2)N)OC
5333,C1=CC(=CC=C1N)S(=O)(=O)N
5328,CC1=NN=C(S1)NS(=O)(=O)C2=CC=C(C=C2)N
5336,C1=CC=NC(=C1)NS(=O)(=O)C2=CC=C(C=C2)N
5326,COC1=CN=C(N=C1)NS(=O)(=O)C2=CC=C(C=C2)N
5327,CC1=CC(=NC(=N1)NS(=O)(=O)C2=CC=C(C=C2)N)C
4855,CCN1C=C(C(=O)C2=CN=C(N=C21)N3CCCC3)C(=O)O
4689,C1C(C(C(C(C1N)OC2C(C(C(C(O2)CO)O)O)N)OC3C(C(C(O3)CO)OC4C(C(C(C(O4)CN)O)O)N)O)O)N
4806,C1=CC=C(C(=C1)C(=O)NC2=CC=C(C=C2)S(=O)(=O)NC3=NC=CS3)C(=O)O
72894,C1=CC=C(C(=C1)N)S(=O)(=O)N
47640,CN(CC=CC1=CC=CC=C1)CC2=CC=CC3=CC=CC=C32.Cl
3793,CCC(C)N1C(=O)N(C=N1)C2=CC=C(C=C2)N3CCN(CC3)C4=CC=C(C=C4)OCC5COC(O5)(CN6C=NC=N6)C7=C(C=C(C=C7)Cl)Cl
3936,CN(C1=NC(=CC=C1)OC)C(=S)OC2=CC3=C(CCCC3)C=C2
3365,C1=CC(=C(C=C1F)F)C(CN2C=NC=N2)(CN3C=NC=N3)O
71616,CC(C1=NC=NC=C1F)C(CN2C=NC=N2)(C3=C(C=C(C=C3)F)F)O
3512,CC1CC(=O)C=C(C12C(=O)C3=C(O2)C(=C(C=C3OC)OC)Cl)OC
2724,C1=CC(=CC=C1OCC(COC(=O)N)O)Cl
1972,CC1C=CC=CC=CC=CC=CC=CC=CC(CC2C(C(CC(O2)(CC(CC(C(CCC(CC(CC(=O)OC(C(C1O)C)C)O)O)O)O)O)O)O)C(=O)O)OC3C(C(C(C(O3)C)O)N)O
5404,CC(C)N1CCN(CC1)C2=CC=C(C=C2)OCC3COC(O3)(CN4C=NC=N4)C5=C(C=C(C=C5)Cl)Cl
4568,CC1C=CC=CCCC=CC=CC=CC=CC(CC2C(C(CC(O2)(CC(C(CCC(CC(CC(CC(=O)OC(C(C1O)C)C)O)O)O)O)O)O)O)C(=O)O)OC3C(C(C(C(O3)C)O)N)O
5430,C1=CC=C2C(=C1)NC(=N2)C3=CSC=N3
38911,CC1=CC(=O)N(C(=C1)C2CCCCC2)O.C(CO)N
35802,COC(=O)NC1=NC2=C(N1)C=C(C=C2)C(=O)C3=CC=C(C=C3)F
3913,C1CSC2=NC(CN21)C3=CC=CC=C3
4989,CN1CCCN=C1C=CC2=CC=CS2
4030,COC(=O)NC1=NC2=C(N1)C=C(C=C2)C(=O)C3=CC=CC=C3
4891,C1CCC(CC1)C(=O)N2CC3C4=CC=CC=C4CCN3C(=O)C2
3052,CCN(CC)C(=O)N1CCN(CC1)C
50250,CN1CCCN=C1C=CC2=CC(=CC=C2)O.C1=CC=C2C(=C1)C=C(C(=C2CC3=C(C(=CC4=CC=CC=C43)C(=O)O)O)O)C(=O)O
23986046,C[N+](C)(CCOC1=CC=CC=C1)CC2=CC=CC=C2.C1=CC=C2C=C(C(=CC2=C1)C(=O)O)O
3652,CCN(CCCC(C)NC1=C2C=CC(=CC2=NC=C1)Cl)CCO
1065,COC1=CC2=C(C=CN=C2C=C1)C(C3CC4CCN3CC4C=C)O
4908,CC(CCCN)NC1=C2C(=CC(=C1)OC)C=CC=N2
2719,CCN(CC)CCCC(C)NC1=C2C=CC(=CC2=NC=C1)Cl
3276,C1=CN(C(=N1)[N+](=O)[O-])CC(=O)NCCO
4049,CNCC(C(C(C(CO)O)O)O)O
4923,CC(C)N=C(N)N=C(N)NC1=CC=C(C=C1)Cl
5319,C1=CC=C(C=C1)C(=O)NS(=O)(=O)C2=CC=C(C=C2)N
5718,C1CC(OC1CO)N2C=CC(=NC2=O)N
3324,CC(=O)OCC(CCN1C=NC2=CN=C(N=C21)N)COC(=O)C
5155,CC1=CN(C(=O)NC1=O)C2C=CC(O2)CO
3877,C1C(OC(S1)CO)N2C=CC(=NC2=O)N
5071,CC(C12CC3CC(C1)CC(C3)C2)N
4725,C1=NC2=C(N1CCC(CO)CO)NC(=NC2=O)N
5647,CC(C)C(C(=O)OCCOCN1C=NC2=C1NC(=NC2=O)N)N
3043,C1CC(OC1CO)N2C=NC3=C2NC=NC3=O
60877,C1C(OC(S1)CO)N2C=C(C(=NC2=O)N)F
4865,COC1=CC(=CC(=C1OC)OC)C2C3C(COC3=O)C(C4=CC5=C(C=C24)OCO5)O
3454,C1=NC2=C(N1COC(CO)CO)NC(=NC2=O)N
71655,C1COCCN1C(=N)N=C(N)N
2022,C1=NC2=C(N1COCCO)NC(=NC2=O)N
4122,COC(=O)NC1=NC2=C(N1)C=C(C=C2)C(=O)C3=CC=CS3
24733,CC(=O)OCC(=O)C1CCC2C1(CC(=O)C3C2CCC4C3(CCC(C4)O)C)C
68930,CC(=O)C1CCC2C1(CC(=O)C3C2CCC4C3(CCC(C4)O)C)C
26098,CCCC1C(=O)N2C3=C(C=CC(=C3)C)N=C(N2C1=O)N(C)C
41049,CCC1(CCCCN(C1)C)C2=CC(=CC=C2)O
3243,CC12CCC3C(C1CCC2O)CCC4C3(CC5C(C4)S5)C
5531,CCN(CC)C1=CC(=NC2=NC=NN12)C
17506,CCNCC.C1=CC(=C(C=C1O)S(=O)(=O)O)O
4810,CC1=NC(=C(C(=N1)Cl)NC2=NCCN2)OC
3306,CCNCC(C1=CC(=CC=C1)O)O
214,CCCCCC(C=CC1C(CC(=O)C1CCCCCCC(=O)O)O)O
39507,CCC(=O)C1(C(CC2C1(CC(C3C2CCC4=CC(=O)C=CC34C)O)C)C)C
3784,CC1=C(C(C(=C(N1)C)C(=O)OC(C)C)C2=CC=CC3=NON=C32)C(=O)OC
24109,CC(CCC=C(C)C)NC.C(C(C(C(=O)O)O)O)(C(C(=O)O)O)O
3902,C1=CC(=CC=C1C#N)C(C2=CC=C(C=C2)C#N)N3C=NC=N3
38945,CC1=C(C(=CC=C1)C)NC(=O)C(C)N
5073,CC1=C(C(=O)N2CCCCC2=N1)CCN3CCC(CC3)C4=NOC5=C4C=CC(=C5)F
41781,CC1=CC(=CC=C1)NC2=C(C=NC=C2)S(=O)(=O)NC(=O)NC(C)C
32169,CCCNC(C)C(=O)NC1=C(SC=C1C)C(=O)OC.Cl
91668,CC1=CC2C(CCC3(C2CCC3(C(=O)C)OC(=O)C)C)C4C1=CC(=O)CC4
4675,CC(=O)OC1CC2CCC3C(C2(CC1[N+]4(CCCCC4)C)C)CCC5(C3CC(C5OC(=O)C)[N+]6(CCCCC6)C)C
23897,CCC1=C(NC2=C1C(=O)C(CC2)CN3CCOCC3)C
3032788,C=CC[N+]12CCC34C1CC(C(=CCO)C2)C5=CN6C7C(=CN(C53)C8=CC=CC=C48)C9CC1C7(CC[N+]1(CC9=CCO)CC=C)C1=CC=CC=C16
17276,CCOC(=O)C(C)(CC1=CC(=C(C=C1)O)O)N.Cl
3915,CC1CN(CCC1(C2=CC=CC=C2)C(=O)O)C3CCC(CC3)(C#N)C4=CC=C(C=C4)F
20298,CC[N+](CC)(CC)CCC(C1CCCCC1)(C2=CC=CC=C2)O.[Cl-]
4724,CC(C)(C)NCC(COC1=CC=CC=C1C2CCCC2)O
52421,CCC(=O)OCC(=O)C1(CCC2C1(CC(C3C2CCC4=CC(=O)C=CC34C)O)C)OC(=O)OCC
4547,CCOC1=C(C=CC(=C1)CC(=O)NC(CC(C)C)C2=CC=CC=C2N3CCCCC3)C(=O)O
4849,C1CCN(C1)C2=C(C(=CC(=C2)C(=O)O)S(=O)(=O)N)OC3=CC=CC=C3
4641,CCCCC1C(=O)N(N(C1=O)C2=CC=C(C=C2)O)C3=CC=CC=C3
2949,CC12CCC3C(C1CCC2(C#C)O)CCC4=CC5=C(CC34C)C=NO5
6307,CCC1NC2=CC(=C(C=C2C(=O)N1)S(=O)(=O)N)Cl
4839,CCN1CCCC(C1)OC(=O)C(C2=CC=CC=C2)C3=CC=CC=C3
4631,CC(C)NCC(COC1=CC=CC=C1OCC=C)O
4595,CC1=NC=CN1CC2CCC3=C(C2=O)C4=CC=CC=C4N3C
6843,CCCOC1=C(C=CC(=C1)N)C(=O)OCCN(CC)CC
6839,CN1C(=O)CC(C1=O)C2=CC=CC=C2
3742,CC(=O)N(C)C1=C(C(=C(C(=C1I)C(=O)NCC(=O)NC2=C(C(=C(C(=C2I)C(=O)O)I)C(=O)NCCO)I)I)C(=O)NC)I
4065,CCCNC(C)(C)COC(=O)C1=CC=CC=C1
4197,CC1=C(C=C(C(=O)N1)C#N)C2=CC=NC=C2
4075,C1=CC(=C(C=C1N)C(=O)O)O
2370,CC(C[N+](C)(C)C)OC(=O)N
2914,CC(=O)C1(CCC2C1(CCC3C2C=C(C4=CC(=O)C5CC5C34C)Cl)C)OC(=O)C
4946,CC(C)NCC(COC1=CC=CC2=CC=CC=C21)O
2763,CC(C)(C(=O)O)OC1=CC=C(C=C1)C2CC2(Cl)Cl
2708,C1=CC(=CC=C1CCCC(=O)O)N(CCCl)CCCl
4528,CN1CC(C2=C(C1)C(=CC=C2)N)C3=CC=CC=C3
1250,CC12CCN(C1N(C3=C2C=C(C=C3)O)C)C
7172,CNCC(C1=CC=C(C=C1)O)O
1207,CC12C3=CC=CC=C3CC(N1)C4=CC=CC=C24
210320,CC(=O)NC(CC(=O)NC(CCC(=O)O)C(=O)O)C(=O)O
56959,CC1=C(C(=CC=C1)C)NC(=O)CN2CCN(CC2)CC(COC3=CC=CC=C3OC)O
2905,CN(C)CCOC(=O)C(C1=CC=CC=C1)C2(CCCC2)O
3269,CC12CCC3C(C1CC(C2O)O)CCC4=C3C=CC(=C4)O
3779,CC(C)NCC(C1=CC(=C(C=C1)O)O)O
4472,C1=CC=C(C=C1)CNC(=O)CCNNC(=O)C2=CC=NC=C2
4165,CC1=CC2=C(C=C1S(=O)(=O)N)S(=O)(=O)CCC2
60183,CCCC(C(=O)OCC)NC(C)C(=O)N1C2CCCCC2CC1C(=O)O.CC(C)(C)N
3080836,CC1=C(C=CC=C1Cl)NC2=C(C=CC=N2)C(=O)O.C(CCN)CC(C(=O)O)N
5038,CCOC(=O)C(CCC1=CC=CC=C1)NC(C)C(=O)N2C3CCCC3CC2C(=O)O
4060,CCC1(C(=O)N(C(=O)N1)C)C2=CC=CC=C2
4425,C=CCN1CCC23C4C(=O)CCC2(C1CC5=C3C(=C(C=C5)O)O4)O
4032,CC1(C2CCC(C2)C1(C)NC)C
4915,CC(C)NC(=O)C1=CC=C(C=C1)CNNC
3154,CCNC1CC(S(=O)(=O)C2=C1C=C(S2)S(=O)(=O)N)C
36673,CC1CC2C3CC(C4=CC(=O)C=CC4(C3(C(CC2(C1C(=O)COC(=O)C(C)(C)C)C)O)Cl)C)F
4170,CC1NC2=CC(=C(C=C2C(=O)N1C3=CC=CC=C3C)S(=O)(=O)N)Cl
5310993,CC1=CN=C(C=[N+]1[O-])C(=O)O
2311,CCOC(=O)C(CCC1=CC=CC=C1)NC2CCC3=CC=CC=C3N(C2=O)CC(=O)O
2663,CCN(CC)C(=O)NC1=CC(=C(C=C1)OCC(CNC(C)(C)C)O)C(=O)C
596,C1=CN(C(=O)N=C1N)C2C(C(C(O2)CO)O)O
50942,CN1C2=C(C(=O)N(C1=O)C)N(C=N2)CC3OCCO3
59768,CC(C)NCC(COC1=CC=C(C=C1)CCC(=O)OC)O
4205,CN1CCN2C(C1)C3=CC=CC=C3CC4=C2N=CC=C4
4236,C1=CC=C(C=C1)C(C2=CC=CC=C2)S(=O)CC(=O)N
4494,CC1=C(C(C(=C(N1)C#N)C(=O)OC)C2=CC(=CC=C2)[N+](=O)[O-])C(=O)OC(C)C
34312,C1C2=CC=CC=C2N(C3=CC=CC=C3C1=O)C(=O)N
5095,CCCN(CCC)CCC1=C2CC(=O)NC2=CC=C1
5210,CC(C)CC(C1(CCC1)C2=CC=C(C=C2)Cl)N(C)C
4428,C1CC1CN2CCC34C5C(=O)CCC3(C2CC6=C4C(=C(C=C6)O)O5)O
5734,C1=CC=C2C(=C1)C(=NO2)CS(=O)(=O)N
41317,CC1=CC(=C(C(=C1C=CC(=CC=CC(=CC(=O)O)C)C)C)C)OC
5042,C1=CC=C2C(=C1)C(=CC(=O)N2)CC(C(=O)O)NC(=O)C3=CC=C(C=C3)Cl
51577,C1C(C(C(C(N1CCO)CO)O)O)O
5656,CN(C)CC(C1=CC=C(C=C1)OC)C2(CCCCC2)O
3752,C1=CC(=C(C=C1Cl)C2=NC(=NC(=N2)N)N)Cl
2196,COC1=CC=C(C=C1)C(=O)N2CCCC2=O
2478,CS(=O)(=O)OCCCCOS(=O)(=O)C
4419,C1CC(C1)CN2CCC34C5C(CCC3(C2CC6=C4C(=C(C=C6)O)O5)O)O
3143,CC1=C2C(C(=O)C3(C(CC4C(C3C(C(C2(C)C)(CC1OC(=O)C(C(C5=CC=CC=C5)NC(=O)OC(C)(C)C)O)O)OC(=O)C6=CC=CC=C6)(CO4)OC(=O)C)O)C)O
5470,CC1CC2=C(CCC(=O)C2)C3C1C4CCC(C4(CC3)C)(C#C)O
5487,C1CN=C(N1)NC2=C(C=CC3=NSN=C32)Cl
3510,CN1C2CCCC1CC(C2)NC(=O)C3=NN(C4=CC=CC=C43)C
4814,COC1=C(C=C(C=C1)C(=O)NCC2=CN=CC=C2)C(=O)NCC3=CN=CC=C3
158781,CCCC1=NC(=C(N1CC2=CC=C(C=C2)C3=CC=CC=C3C4=NNN=N4)C(=O)O)C(C)(C)O
5878,CC12CCC3C(C1CCC2(C)O)CCC4C3(COC(=O)C4)C
5515,CCC1(C2=C(COC1=O)C(=O)N3CC4=CC5=C(C=CC(=C5CN(C)C)O)N=C4C3=C2)O
5527,COC1=C(C=C(C=C1)C=CC(=O)NC2=CC=CC=C2C(=O)O)OC
5587,CN(C)CCN(CC1=CC=CC=C1)C2=CC=CC=N2
7699,CCCCNC1=CC=C(C=C1)C(=O)OCCOCCOCCOCCOCCOCCOCCOCCOCCOC
5544,CC12CC(C3(C(C1CC(C2(C(=O)CO)O)O)CCC4=CC(=O)C=CC43C)F)O
581,CC(=O)NC(CS)C(=O)O
2244,CC(=O)OC1=CC=CC=C1C(=O)O
2443,CC(C)CC1C(=O)N2CCCC2C3(N1C(=O)C(O3)(C(C)C)NC(=O)C4CN(C5CC6=C(NC7=CC=CC(=C67)C5=C4)Br)C)O
2088,C(CC(O)(P(=O)(O)O)P(=O)(O)O)CN
2094,C1=C2C(=NC=NC2=O)NN1
2159,CCN1CCCC1CNC(=O)C2=CC(=C(C=C2OC)N)S(=O)(=O)CC
2187,CC(C)(C#N)C1=CC(=CC(=C1)CN2C=NC=N2)C(C)(C)C#N
2232,CC1CCN(C(C1)C(=O)O)C(=O)C(CCCN=C(N)N)NS(=O)(=O)C2=CC=CC3=C2NCC(C3)C
2250,CC(C)C1=C(C(=C(N1CCC(CC(CC(=O)O)O)O)C2=CC=C(C=C2)F)C3=CC=CC=C3)C(=O)NC4=CC=CC=C4
2344,CN1C2CCC1CC(C2)OC(C3=CC=CC=C3)C4=CC=CC=C4
2375,CC(CS(=O)(=O)C1=CC=C(C=C1)F)(C(=O)NC2=CC(=C(C=C2)C#N)C(F)(F)F)O
2442,CN(CC1=C(C(=CC(=C1)Br)Br)N)C2CCCCC2
2481,CC(C)CC1(C(=O)NC(=O)NC1=O)CC=C
3636,CCCC[N+]1(C2CC(CC1C3C2O3)OC(=O)C(CO)C4=CC=CC=C4)C
2519,CN1C=NC2=C1C(=O)N(C(=O)N2C)C
2522,CC(C=CC(C1CC1)O)C2CCC3C2(CCCC3=CC=C4CC(CC(C4=C)O)O)C
2541,CCOC1=NC2=CC=CC(=C2N1CC3=CC=C(C=C3)C4=CC=CC=C4C5=NNN=N5)C(=O)O
13789,CC12CCC(=O)C=C1C=CC3C2CCC4(C3CCC45CCC(=O)O5)C
27812,CCC12C=CC3=C4CCC(=O)C=C4CCC3C1CCC2(C#C)O
460,COC1=CC=CC=C1O
2771,CN(C)CCCC1(C2=C(CO1)C=C(C=C2)C#N)C3=CC=C(C=C3)F
3219,CCOCCN1C2=CC=CC=C2N=C1N3CCCN(CC3)C
5267,CC(=O)SC1CC2=CC(=O)CCC2(C3C1C4CCC5(C4(CC3)C)CCC(=O)O5)C
4062,CC1=C(C(=CC=C1)C)NC(=O)C2CCCCN2C
2477,C1CCC2(C1)CC(=O)N(C(=O)C2)CCCCN3CCN(CC3)C4=NC=CC=N4
60852,CCCCCN(C)CCC(O)(P(=O)(O)O)P(=O)(O)O
3671,CC(C)C1=NN2C=CC=CC2=C1C(=O)C(C)C
4848,CN1CCN(CC1)CC(=O)N2C3=CC=CC=C3C(=O)NC4=C2N=CC=C4
5291,CC1=C(C=C(C=C1)NC(=O)C2=CC=C(C=C2)CN3CCN(CC3)C)NC4=NC=CC(=N4)C5=CN=CC=C5
27661,C1C(C2C(O1)C(CO2)O[N+](=O)[O-])O
3792,CN(C)CCOC1=CC=C(C=C1)CNC(=O)C2=CC(=C(C=C2)OC)OC
3647,C1NC2=C(C=C(C(=C2)C(F)(F)F)S(=O)(=O)N)S(=O)(=O)N1
3680,CC1CC2C3CCC4=CC(=O)C=CC4(C3(C(CC2(C1(C(=O)COC(=O)C)O)C)O)F)C
60864,CN(C)CCC=C1C2=CC=CC=C2COC3=C1C=C(C=C3)CC(=O)O.Cl
4771,CC(C)(CC1=CC=CC=C1)N
3478,CC1=CN=C(C=N1)C(=O)NCCC2=CC=C(C=C2)S(=O)(=O)NC(=O)NC3CCCCC3
4781,CCCCC1C(=O)N(N(C1=O)C2=CC=CC=C2)C3=CC=CC=C3
4885,CCCNC1CCC2=C(C1)SC(=N2)N
4888,CC(C1=CC2=C(C=C1)OC3=C(C2)C=CC=N3)C(=O)O
4889,CCC(C)C(=O)OC1CC(C=C2C1C(C(C=C2)C)CCC(CC(CC(=O)O)O)O)O
4991,C[N+]1=CC=CC(=C1)OC(=O)N(C)C
65856,CCOC1=CC=CC=C1OC(C2CNCCO2)C3=CC=CC=C3
3658,C1CN(CCN1CCOCCO)C(C2=CC=CC=C2)C3=CC=C(C=C3)Cl
5077,CCN(C)C(=O)OC1=CC=CC(=C1)C(C)N(C)C
5090,CS(=O)(=O)C1=CC=C(C=C1)C2=C(C(=O)OC2)C3=CC=CC=C3
77998,CN(CCOC1=CC=C(C=C1)CC2C(=O)NC(=O)S2)C3=CC=CC=N3.C(=CC(=O)O)C(=O)O
3075,CC(=O)OC1C(SC2=CC=CC=C2N(C1=O)CC[NH+](C)C)C3=CC=C(C=C3)OC
5212,CCCC1=NN(C2=C1NC(=NC2=O)C3=C(C=CC(=C3)S(=O)(=O)N4CCN(CC4)C)OCC)C
5606,CC(C)(C)NCC(C1=CC=CC=C1Cl)O
151193,C1=CC=C2C(=C1)C(=NN=C2NC3=CC=C(C=C3)Cl)CC4=CC=NC=C4.C(CC(=O)O)C(=O)O
5666,CCOC1=CC=CC=C1OCC2CNCCO2
5311,C1=CC=C(C=C1)NC(=O)CCCCCCC(=O)NO
5001396,CC(=O)CC(C1=CC=CC=C1)C2=C(C3=CC=CC=C3OC2=O)[O-]
5735,CN1CCN(CC1)C(=O)OC2C3=NC=CN=C3C(=O)N2C4=NC=C(C=C4)Cl
5719,CCN(C1=CC=CC(=C1)C2=CC=NC3=C(C=NN23)C#N)C(=O)C
2662,CC1=CC=C(C=C1)C2=CC(=NN2C3=CC=C(C=C3)S(=O)(=O)N)C(F)(F)F
2714,CC(=O)C1(CCC2C1(CCC3C2C=C(C4=CC(=O)CCC34C)Cl)C)OC(=O)C
26937,CC(CN(C)C)C(C)(CC1=CC=C(C=C1)Cl)O
25419,C(P(=O)(O)O)(P(=O)(O)O)(Cl)Cl
2796,CCOC(=O)C(C)(C)OC1=CC=C(C=C1)Cl
124087,C1CC2=C(C=CC(=C2)Cl)C(=C3CCNCC3)C4=C1C=CC=N4
3337,CCNC(C)CC1=CC(=CC=C1)C(F)(F)F
9418,CN1C2=CC=CC=C2C(=O)N(C3=CC=CC=C31)CC[NH+](C)C.[Cl-]
681,C1=CC(=C(C=C1CCN)O)O
3285,CC12CCC3C(C1CCC2(C#C)O)CCC4=C3C=CC(=C4)O
123619,CC1=NC=C(C=C1)C2=C(C=C(C=N2)Cl)C3=CC=C(C=C3)S(=O)(=O)C
2520,CC(C)C(CCCN(C)CCC1=CC(=C(C=C1)OC)OC)(C#N)C2=CC(=C(C=C2)OC)OC
60198,CC12CCC3C(C1CCC2=O)CC(=C)C4=CC(=O)C=CC34C
3381,CC1(OC2CC3C4CC(C5=CC(=O)C=CC5(C4(C(CC3(C2(O1)C(=O)CO)C)O)F)C)F)C
3108,C1CCN(CC1)C2=NC(=NC3=C2N=C(N=C3N4CCCCC4)N(CCO)CCO)N(CCO)CCO
3408,CC12CCC(=O)C(=C1CCC3C2CCC4(C3CCC4=O)C)O
3410,CC(CC1=CC=C(C=C1)OC)NCC(C2=CC(=C(C=C2)O)NC=O)O
3419,CCC(=O)OC(C(C)C)OP(=O)(CCCCC1=CC=CC=C1)CC(=O)N2CC(CC2C(=O)[O-])C3CCCCC3
104741,CC12CCC3C(C1CCC2O)C(CC4=C3C=CC(=C4)O)CCCCCCCCCS(=O)CCCC(C(F)(F)F)(F)F
59708,CCC(C(=O)N)N1CCCC1=O
30667,CC(C1=NCCN1)OC2=C(C=CC=C2Cl)Cl.Cl
3961,CCCCC1=NC(=C(N1CC2=CC=C(C=C2)C3=CC=CC=C3C4=NNN=N4)CO)Cl
2854,CCC(C)C(=O)OC1CCC=C2C1C(C(C=C2)C)CCC3CC(CC(=O)O3)O
42955,CCCCC(C)(CC=CC1C(CC(=O)C1CCCCCCC(=O)OC)O)O
936,C1=CC(=CN=C1)C(=O)N
4567,CC(CCC1=CC=CC=C1)NC(C)C(C2=CC=C(C=C2)O)O
4585,CC1=CC2=C(NC3=CC=CC=C3N=C2S1)N4CCN(CC4)C
9417,C1CN(CCN1CCCN2C3=CC=CC=C3C=CC4=CC=CC=C42)CCO
54840,CC1=CC=CC=C1OC(CCNC)C2=CC=CC=C2.Cl
5523,CN(C)CC1CCCCC1(C2=CC(=CC=C2)OC)O
4475,CN1CC(CC2(C1CC3=CN(C4=CC=CC2=C34)C)OC)COC(=O)C5=CC(=CN=C5)Br
7029,CCN(CC)C(C)C(=O)C1=CC=CC=C1
2133,CC(=O)OCC(=O)C12C(CC3C1(CC(C4(C3CCC5=CC(=O)C=CC54C)F)O)C)OC6(O2)CCCC6
4727,CC(C)(C(C(=O)O)N)S
4872,CC12CCC(=O)C=C1C=CC3C2CCC4(C3CCC4(CCC(=O)O)O)C
2907,C1CNP(=O)(OC1)N(CCCl)CCCl
3121,CCCC(CCC)C(=O)O
3641,CC(=O)OCC(=O)C1(CCC2C1(CC(C3C2CCC4=CC(=O)CCC34C)O)C)O
598,C(CS(=O)(=O)O)S
2141,C(CN)CNCCSP(=O)(O)O
9429,CN1CCN(CC1)CCCN2C3=CC=CC=C3SC4=C2C=C(C=C4)S(=O)(=O)N(C)C
4422,C=C1CCC2(C3CC4=C5C2(C1OC5=C(C=C4)O)CCN3CC6CC6)O
4737,CCCC(C)C1(C(=O)NC(=O)NC1=O)CC
3878,C1=CC(=C(C(=C1)Cl)Cl)C2=C(N=C(N=N2)N)N
5514,CC1(OC2COC3(C(C2O1)OC(O3)(C)C)COS(=O)(=O)N)C
3750,CCC1=C2CN3C(=CC4=C(C3=O)COC(=O)C4(CC)O)C2=NC5=C1C=C(C=C5)OC(=O)N6CCC(CC6)N7CCCCC7
197712,CC1=CC(=NC(=N1)OC(C(=O)O)C(C2=CC=CC=C2)(C3=CC=CC=C3)OC)C
5902,CCN(CC)CCNC(C1=CC=CC=C1)C(=O)OCCC(C)C
3406,CC1=CNN=C1
3590,CC(CCCC(C)(C)O)N
3066,CC1(C(=O)N2C(C(=O)N3CCCC3C2(O1)O)CC4=CC=CC=C4)NC(=O)C5CC6C(CC7=CNC8=CC=CC6=C78)N(C5)C
3338,CCCCC(C1=CC=CC=C1)O
71158,CC(=O)NCCCS(=O)(=O)O
5281613,CC1C(C(C(C(O1)OCC2C(C(C(C(O2)OC3=CC(=C4C(=C3)OC(=CC4=O)C5=CC(=C(C=C5)OC)O)O)O)O)O)O)O)O
65906,CN(C1CCN(CC1)C2=NC3=CC=CC=C3N2CC4=CC=C(C=C4)F)C5=NC=CC(=O)N5
69550,CN1C2=C(C(=O)N(C1=O)C)N(C=N2)CC(=O)O
26709,CC1=NC2(C(O1)CC3C2(CC(C4C3CCC5=CC(=O)C=CC45C)O)C)C(=O)COC(=O)C
3148,C1C2CC3CC(CC1N3CC2=O)OC(=O)C4=CNC5=CC=CC=C54
1979,CC(=O)OC1CN2CCC1CC2
2083,CC(C)(C)NCC(C1=CC(=C(C=C1)O)CO)O
3450,CC[N+](CC)(CC)CCOC1=C(C(=CC=C1)OCC[N+](CC)(CC)CC)OCC[N+](CC)(CC)CC
5917,C1CCC2=NN=NN2CC1
2733,C1=CC2=C(C=C1Cl)NC(=O)O2
3291,CCC1(CC(=O)NC1=O)C
3637,C1=CC=C2C(=C1)C=NN=C2NN
836,C1=CC(=C(C=C1CC(C(=O)O)N)O)O
3675,C1=CC=C(C=C1)CCNN
5526,C1CC(CCC1CN)C(=O)O
1892,CN1C2=C(C(=O)N(C1=O)C)N(C=N2)CCO
5530,C1C(C1N)C2=CC=CC=C2
71771,C1=CC=C(C(=C1)CC(=O)OCC(=O)O)NC2=C(C=CC=C2Cl)Cl
3748,CC(C)NNC(=O)C1=CC=NC=C1
4059,CC1=CC=CC=C1OCC(CO)O
8249,C1=CC=C(C=C1)CCN=C(N)N=C(N)N
3397,CC(C)C(=O)NC1=CC(=C(C=C1)[N+](=O)[O-])C(F)(F)F
4688,CN(CC#C)CC1=CC=CC=C1
4107,COC1=CC=CC=C1OCC(COC(=O)N)O
72314,CCC1=CC2CC3(C1N(C2)CCC4=C3NC5=CC=CC=C45)C(=O)OC.Cl
5849,C[N+]1(CCCC1)CCCCC[N+]2(CCCC2)C.C(C(C(=O)[O-])O)(C(=O)O)O.C(C(C(=O)[O-])O)(C(=O)O)O
2550,CC(CS)C(=O)N1CCCC1C(=O)O
5505,CCCCNC(=O)NS(=O)(=O)C1=CC=C(C=C1)C
4195,COC1=CC(=C(C=C1)OC)C(CNC(=O)CN)O
5426,C1CC(=O)NC(=O)C1N2C(=O)C3=CC=CC=C3C2=O
4740,CC(=O)CCCCN1C(=O)C2=C(N=CN2C)N(C1=O)C
4087,CC(C(C1=CC(=CC=C1)O)O)N
4201,C1CCN(CC1)C2=NC(=N)N(C(=C2)N)O
5039,CNC(=C[N+](=O)[O-])NCCSCC1=CC=C(O1)CN(C)C
4168,CCN(CC)CCNC(=O)C1=CC(=C(C=C1OC)N)Cl
23690938,CN1C(=C(NC2=CC=CC=N2)[O-])C(=O)C3=CC=CC=C3S1(=O)=O.[Na+]
3344,C1CN(CCC12CNC(=O)O2)CCC3=CC=CC=C3
3463,CC1=CC(=C(C=C1)C)OCCCC(C)(C)C(=O)O
4045,CCN(CC)CCNC(=O)COC1=CC=C(C=C1)OC
5467,CCN(CC)CCNC(=O)C1=C(C=CC(=C1)S(=O)(=O)C)OC
3825,CC(C1=CC(=CC=C1)C(=O)C2=CC=CC=C2)C(=O)O
4678,CC(C)(CO)C(C(=O)NCCCO)O
3702,CC1CC2=CC=CC=C2N1NC(=O)C3=CC(=C(C=C3)Cl)S(=O)(=O)N
5709,CC1=CC(=CC(=C1CC2=NCCN2)C)C(C)(C)C
4636,CC1=CC(=C(C(=C1CC2=NCCN2)C)O)C(C)(C)C
4487,CC1=C(C(=O)N(N1C)C2=CC=CC=C2)NC(=O)C3=CN=CC=C3
5593,CCN(CC1=CC=NC=C1)C(=O)C(CO)C2=CC=CC=C2
4450,CN1CCOC(C2=CC=CC=C2C1)C3=CC=CC=C3
5775,CC1=CC=C(C=C1)N(CC2=NCCN2)C3=CC(=CC=C3)O
3308,CCC1=C2C(=CC=C1)C3=C(N2)C(OCC3)(CC)CC(=O)O
1258,C[N+]1(C2CC(CC1C3C2O3)OC(=O)C(CO)C4=CC=CC=C4)[O-]
3661,CN1C2CCC1CC(C2)OC(=O)C(CO)C3=CC=CC=C3
3074,COC1=CC(=CC(=C1OC)OC)C(=O)OCCCN2CCCN(CC2)CCCOC(=O)C3=CC(=C(C(=C3)OC)OC)OC
4601,CC1=CC=CC=C1C(C2=CC=CC=C2)OCCN(C)C
4537,CC12CCC3C(C1CCC2(C#C)O)CCC4=C3CCC(=O)C4
4922,CCCN(CCC)C(=O)C(CCC(=O)O)NC(=O)C1=CC=CC=C1
4178,CC1=C(C(=CC=C1)C)OCC(C)N
3354,CC1=C(OC2=C(C1=O)C=CC=C2C(=O)OCCN3CCCCC3)C4=CC=CC=C4
2145,CCC1(CCC(=O)NC1=O)C2=CC=C(C=C2)N
3169,C1CN(CCN1CC(CO)O)C2=CC=CC=C2
4826,CC(C(C)(C)C)N=C(NC#N)NC1=CC=NC=C1
2803,C1CN=C(N1)NC2=C(C=CC=C2Cl)Cl
444,CC(C(=O)C1=CC(=CC=C1)Cl)NC(C)(C)C
2119,CC(C)NCC(COC1=CC=CC=C1CC=C)O
2720,C1=C2C(=CC(=C1Cl)S(=O)(=O)N)S(=O)(=O)N=CN2
3055,C1CCN(CC1)CCCC(C2=CC=CC=C2)(C3=CC=CC=C3)O
4536,CC12CCC3C(C1CCC2(C#C)O)CCC4=CC(=O)CCC34
4543,CNCCC=C1C2=CC=CC=C2CCC3=CC=CC=C31
4488,C1=CC(=CC(=C1)NC2=C(C=CC=N2)C(=O)O)C(F)(F)F
5538,CC1=C(C(CCC1)(C)C)C=CC(=CC=CC(=CC(=O)O)C)C
2200,C1CN=C(N1)CN(CC2=CC=CC=C2)C3=CC=CC=C3
2756,CC1=C(N=CN1)CSCCNC(=NC)NC#N
3288,CC12CCC(=O)C=C1CCC3C2CCC4(C3CCC4(C#C)O)C
5588,CC1=CC=C(C=C1)C(=CCN2CCCC2)C3=CC=CC=N3
3158,CN(C)CCC=C1C2=CC=CC=C2COC3=CC=CC=C31
3180,CCCCOC1=CC=C(C=C1)C(=O)CCN2CCCCC2
10660,CN1C2=C(C(=O)N(C1=O)C)NC(=N2)Cl.CN(C)CCOC(C1=CC=CC=C1)C2=CC=CC=C2
3114,CC(C)N(CCC(C1=CC=CC=C1)(C2=CC=CC=N2)C(=O)N)C(C)C
5673,CCC12CCCN3C1C4=C(CC3)C5=CC=CC=C5N4C(=C2)C(=O)OCC
3162,CC(C1=CC=CC=C1)(C2=CC=CC=N2)OCCN(C)C
5668,CCC12CCCN3C1C4=C(CC3)C5=CC=CC=C5N4C(C2)(C(=O)OC)O
3715,CC1=C(C2=C(N1C(=O)C3=CC=C(C=C3)Cl)C=CC(=C2)OC)CC(=O)O
222786,CC12CCC(=O)C=C1CCC3C2C(=O)CC4(C3CCC4(C(=O)CO)O)C
4894,CC12CC(C3C(C1CCC2(C(=O)CO)O)CCC4=CC(=O)C=CC34C)O
3339,CC(C)OC(=O)C(C)(C)OC1=CC=C(C=C1)C(=O)C2=CC=C(C=C2)Cl
2471,CCCCNC1=C(C(=CC(=C1)C(=O)O)S(=O)(=O)N)OC2=CC=CC=C2
3869,CC(CCC1=CC=CC=C1)NCC(C2=CC(=C(C=C2)O)C(=O)N)O
4159,CC1CC2C3CCC(C3(CC(C2C4(C1=CC(=O)C=C4)C)O)C)(C(=O)CO)O
3370,CC(=O)OCC(=O)C1(CCC2C1(CC(C3(C2CCC4=CC(=O)CCC43C)F)O)C)O
3343,CC(CC1=CC=C(C=C1)O)NCC(C2=CC(=CC(=C2)O)O)O
3627,CN1CCCN(CC1)C(C2=CC=CC=C2)C3=CC=C(C=C3)Cl
5645,CC(CCC(=O)O)C1CCC2C1(CCC3C2C(CC4C3(CCC(C4)O)C)O)C
4634,CCN(CC)CC#CCOC(=O)C(C1CCCCC1)(C2=CC=CC=C2)O
4992,CN(C)CCN(CC1=CC=C(C=C1)OC)C2=CC=CC=N2
2206,CC1=CC(=O)N(N1C)C2=CC=CC=C2
5342,C1=CC=C(C=C1)N2C(=O)C(C(=O)N2C3=CC=CC=C3)CCS(=O)C4=CC=CC=C4
4745,CCCN1CC(CC2C1CC3=CNC4=CC=CC2=C34)CSC
1981,CC1=C(C2=C(N1C(=O)C3=CC=C(C=C3)Cl)C=CC(=C2)OC)CC(=O)OCC(=O)O
3351,C1CN(CCN1CC2=CC3=C(C=C2)OCO3)C(=O)COC4=CC=C(C=C4)Cl
1986,CC(=O)NC1=NN=C(S1)S(=O)(=O)N
3937,C1CC(N(C1)C(=O)C(CCCCN)NC(CCC2=CC=CC=C2)C(=O)O)C(=O)O
5387,CC1=C2C(=CS1)C(=O)NC3=CC=CC=C3N2C(=O)CN4CCN(CC4)C
2474,CCCCN1CCCCC1C(=O)NC2=C(C=CC=C2C)C
2781,CC(C1=CC=CC=C1)(C2=CC=C(C=C2)Cl)OCCC3CCCN3C
4031,CCN(CCCCOC(=O)C1=CC(=C(C=C1)OC)OC)C(C)CC2=CC=C(C=C2)OC
3689,CC(C(C1=CC=C(C=C1)O)O)N2CCC(CC2)CC3=CC=CC=C3
3222,CCOC(=O)C(CCC1=CC=CC=C1)NC(C)C(=O)N2CCCC2C(=O)O
3488,COC1=C(C=C(C=C1)Cl)C(=O)NCCC2=CC=C(C=C2)S(=O)(=O)NC(=O)NC3CCCCC3
3518,C1CCCN(CCC1)CCN=C(N)N
2092,CN(CCCNC(=O)C1CCCO1)C2=NC3=CC(=C(C=C3C(=N2)N)OC)OC
2727,CCCNC(=O)NS(=O)(=O)C1=CC=C(C=C1)Cl
4786,CC(C(C1=CC=CC=C1)O)N
11020241,C(C(C1C(=C(C(=O)O1)[O-])[O-])O)O.[Ca+2]
4138,CC(CC1=CC(=C(C=C1)O)O)(C(=O)O)N
1935,C1CCC2=NC3=CC=CC=C3C(=C2C1)N
3182,CN1C2=C(C(=O)N(C1=O)C)N(C=N2)CC(CO)O
2405,CC(C)NCC(COC1=CC=C(C=C1)COCCOC(C)C)O
4883,CC(C)NCC(COC1=CC=C(C=C1)NC(=O)C)O
2717,CN1C(S(=O)(=O)CCC1=O)C2=CC=C(C=C2)Cl
4913,CCN(CC)CCNC(=O)C1=CC=C(C=C1)N
3519,C1=CC(=C(C(=C1)Cl)CC(=O)N=C(N)N)Cl
5546,C1=CC=C(C=C1)C2=NC3=C(N=C(N=C3N=C2N)N)N
3151,C1CN(CCC1N2C3=C(C=C(C=C3)Cl)NC2=O)CCCN4C5=CC=CC=C5NC4=O
3440,C1=COC(=C1)CNC2=CC(=C(C=C2C(=O)O)S(=O)(=O)N)Cl
4098,CN(C)CCN(CC1=CC=CS1)C2=CC=CC=N2
2995,CNCCCN1C2=CC=CC=C2CCC3=CC=CC=C31
4380,CN(CCCOC1=C(C=C(C=C1)Cl)Cl)CC#C
2783,CC(C)(C)NCC(C1=CC(=C(C(=C1)Cl)N)Cl)O
4011,CNCCCC12CCC(C3=CC=CC=C31)C4=CC=CC=C24
31728,CC(C(C1=CC=C(C=C1)O)O)NCCC2=CC=C(C=C2)O.Cl
2818,CN1CCN(CC1)C2=C3C=CC=CC3=NC4=C(N2)C=C(C=C4)Cl
2732,C1=CC=C2C(=C1)C(=O)NC2(C3=CC(=C(C=C3)Cl)S(=O)(=O)N)O
36811,CC(CCC1=CC=C(C=C1)O)NCCC2=CC(=C(C=C2)O)O
4235,C1COCCN1CCNC(=O)C2=CC=C(C=C2)Cl
2804,CC1CCCC(N1NC(=O)C2=CC(=C(C=C2)Cl)S(=O)(=O)N)C
3008,CN1CCC23CCCCC2C1CC4=C3C=C(C=C4)OC
3168,C1CN(CC=C1N2C3=CC=CC=C3NC2=O)CCCC(=O)C4=CC=C(C=C4)F
54765,CC(C)(C)NCC(C1=CC(=CC(=C1)OC(=O)N(C)C)OC(=O)N(C)C)O.Cl
3003,CC1CC2C3CCC4=CC(=O)C=CC4(C3(C(CC2(C1(C(=O)CO)O)C)O)F)C
2833,CC(=O)NC1CCC2=CC(=C(C(=C2C3=CC=C(C(=O)C=C13)OC)OC)OC)OC
68844,CCNC1CN(S(=O)(=O)C2=C1C=C(S2)S(=O)(=O)N)CCCOC
2132,C1CC(CCC1NCC2=C(C(=CC(=C2)Br)Br)N)O
4051,CC1=CN=C(S1)NC(=O)C2=C(C3=CC=CC=C3S(=O)(=O)N2C)[O-].[Na+]
3827,CN1CCC(=C2C3=C(C(=O)CC4=CC=CC=C42)SC=C3)CC1
2965,C1CN(CC2=CC=CC=C21)C(=N)[NH3+]
4140,CCC(CO)NC(=O)C1CN(C2CC3=CNC4=CC=CC(=C34)C2=C1)C
4417,CCN(CC)CCOC(=O)C(CC1CCCO1)CC2=CC=CC3=CC=CC=C32
39042,CC(C)(C(=O)O)OC1=CC=C(C=C1)CCNC(=O)C2=CC=C(C=C2)Cl
2780,COC1=CC(=C(C=C1C(=O)NC2CCN(CC2)CC3=CC=CC=C3)Cl)N
4912,CC(C)(C)C1=CC(=CC(=C1O)C(C)(C)C)SC(C)(C)SC2=CC(=C(C(=C2)C(C)(C)C)O)C(C)(C)C
2562,CCN(CC)CCOCCOC(=O)C1(CCCC1)C2=CC=CC=C2
3059,C1=CC(=C(C=C1C2=C(C=C(C=C2)F)F)C(=O)O)O
5403,CC(C)(C)NCC(C1=CC(=CC(=C1)O)O)O
3822,C1CN(CCC1C(=O)C2=CC=C(C=C2)F)CCN3C(=O)C4=CC=CC=C4NC3=O
4091,CN(C)C(=N)N=C(N)N
2130,C1C2CC3CC1CC(C2)(C3)N
4914,CCN(CC)CCOC(=O)C1=CC=C(C=C1)N
225,CC12CCC(CC1CCC3C2CCC4(C3CCC4=O)C)O
253,C1C2C(C(S1)CCCCC(=O)O)NC(=O)N2
2391,CC(=O)OC1=CC=C(C=C1)C(C2=CC=C(C=C2)OC(=O)C)C3=CC=CC=N3
4260,CC1=CC(=C(C=C1OC(=O)C)C(C)C)OCCN(C)C
2576,CCCC(C)(COC(=O)N)COC(=O)NC(C)C
2467,COC1=CC(=C(C(=C1)OC)C(=O)CCCN2CCCC2)OC
5105,CC(=O)OCC(=O)NCCCOC1=CC=CC(=C1)CN2CCCCC2
7741,C1=C(NN=C1)CCN
2769,COC1CN(CCC1NC(=O)C2=CC(=C(C=C2OC)N)Cl)CCCOC3=CC=C(C=C3)F
2891,CC1=CC2=C(C=C1C)N(C=N2)C3C(C(C(O3)CO)OP(=O)(O)OC(C)CNC(=O)CCC4(C(C5C6(C(C(C(=N6)C(=C7C(C(C(=N7)C=C8C(C(C(=N8)C(=C4[N-]5)C)CCC(=O)N)(C)C)CCC(=O)N)(C)CC(=O)N)C)CCC(=O)N)(C)CC(=O)N)C)CC(=O)N)C)O.[C-]#N.[Co+2]
8932,CC12CCC(CC1CCC3C2CCC4(C3(CCC4C5=CC(=O)OC5)O)C)O
31072,CCOC(=O)N1C=CN(C1=S)C
54677972,CC1=CC(=NO1)NC(=O)C2=C(C3=CC=CC=C3S(=O)(=O)N2C)O
450,CC12CCC3C(C1CCC2O)CCC4=C3C=CC(=C4)O
2583,CC(C)(C)NCC(COC1=CC=CC2=C1CCC(=O)N2)O
179850,C1CC(C2=NC3=CC=CC=C3C(=C2C1)N)O
4819,CCC1C(COC1=O)CC2=CN=CN2C
1301,CC(C1=CC2=C(C=C1)C=C(C=C2)OC)C(=O)[O-].[Na+]
43008,COC1=CC2=NNN=C2C=C1C(=O)NCC3CCCN3CC=C
896,CC(=O)NCCC1=CNC2=C1C=C(C=C2)OC
4436,C1CN=C(N1)CC2=CC=CC3=CC=CC=C32
71436,CCCCCC(C=CC1C(CC(C1CC=CCCCC(=O)O)O)O)O.C(C(CO)(CO)N)O
5595,CN1C2CCC1CC(C2)OC(=O)C3=CNC4=CC=CC=C43
35734,CC(=O)NC1=C(C(=C(C(=C1I)C(=O)NC2C(C(C(OC2O)CO)O)O)I)N(C)C(=O)C)I
4456,CN(C)C(=O)OC1=CC=CC(=C1)[N+](C)(C)C
5472,C1CN(CC2=C1SC=C2)CC3=CC=CC=C3Cl
6834,CN(C)CCC(C1=CC=C(C=C1)Br)C2=CC=CC=N2
4920,CC(=O)C1CCC2C1(CCC3C2CCC4=CC(=O)CCC34C)C
16363,C1CN(CCC1N2C3=CC=CC=C3NC2=O)CCCC(=O)C4=CC=C(C=C4)F
3155,CN(C)CCC=C1C2=CC=CC=C2CSC3=CC=CC=C31
10766,CCC(C)(CN(C)C)OC(=O)C1=CC=CC=C1.Cl
60860,C1=CC(=CC(=C1)I)CN=C(N)N
657298,CCCC1=CC(=O)NC(=S)N1
5468,CC(C1=CC=C(S1)C(=O)C2=CC=CC=C2)C(=O)O
4932,CCCNCC(COC1=CC=CC=C1C(=O)CCC2=CC=CC=C2)O
47320,C[N+]1(CCC2=CC(=C(C=C2C1CC3=CC(=C(C=C3)OC)OC)OC)OC)CCC(=O)OCCCCCOC(=O)CC[N+]4(CCC5=CC(=C(C=C5C4CC6=CC(=C(C=C6)OC)OC)OC)OC)C.C1=CC=C(C=C1)S(=O)(=O)[O-].C1=CC=C(C=C1)S(=O)(=O)[O-]
3676,CCN(CC)CC(=O)NC1=C(C=CC=C1C)C
9363,CCN(CC)C(=O)C1=CC(=C(C=C1)O)OC
5665,C=CC(CCC(=O)O)N
2381,C1CCN(CC1)CCC(C2CC3CC2C=C3)(C4=CC=CC=C4)O
2678,C1CN(CCN1CCOCC(=O)O)C(C2=CC=CC=C2)C3=CC=C(C=C3)Cl
170344,CCC1=C(C(=CC=C1)CC)NC(=O)CN(CC(=O)O)CC(=O)O
4086,CC(C)NCC(C1=CC(=CC(=C1)O)O)O
6726,CN1CCN(CC1)C(C2=CC=CC=C2)C3=CC=CC=C3
3386,CNCCC(C1=CC=CC=C1)OC2=CC=C(C=C2)C(F)(F)F
5576,CC1(C(=O)N(C(=O)O1)C)C
3962,CCC(C)C(=O)OC1CC(C=C2C1C(C(C=C2)C)CCC3CC(CC(=O)O3)O)C
2462,CCCC1OC2CC3C4CCC5=CC(=O)C=CC5(C4C(CC3(C2(O1)C(=O)CO)C)O)C
2554,C1=CC=C2C(=C1)C=CC3=CC=CC=C3N2C(=O)N
5353980,C1=CC=NC(=C1)NS(=O)(=O)C2=CC=C(C=C2)NN=C3C=CC(=O)C(=C3)C(=O)O
51508717,CN1C(=C(NC2=CC=CC=N2)[O-])C(=O)C3=C(S1(=O)=O)C=CS3
9458,CC(=O)OC1=C(C=CC(=C1)C(F)(F)F)C(=O)O
4754,CCOC1=CC=C(C=C1)NC(=O)C
6081,CC(C(C1=C(C=CC(=C1)OC)OC)O)N.Cl
2249,CC(C)NCC(COC1=CC=C(C=C1)CC(=O)N)O
4843,C1CC(=O)N(C1)CC(=O)N
72067,CC(=O)NC1CCC2=CC(=C(C(=C2C3=CC=C(C(=O)C=C13)SC)OC)OC)OC4C(C(C(C(O4)CO)O)O)O
4044,CC1=C(C(=CC=C1)NC2=CC=CC=C2C(=O)O)C
4911,CCCN(CCC)S(=O)(=O)C1=CC=C(C=C1)C(=O)O
2366,CNCCC1=CC=CC=N1
4238,CCOC(=NC1=C[N+](=NO1)N2CCOCC2)[O-]
21109,COC1=C(C(=C(C=C1)CN2CCNCC2)OC)OC
1989,CC(=O)C1=CC=C(C=C1)S(=O)(=O)NC(=O)NC2CCCCC2
5195,CC(CC1=CC=CC=C1)N(C)CC#C
5503,CC1=CC=C(C=C1)S(=O)(=O)NC(=O)NN2CCCCCC2
3475,CC1=CC=C(C=C1)S(=O)(=O)NC(=O)NN2CC3CCCC3C2
5355,CCN1CCCC1CNC(=O)C2=C(C=CC(=C2)S(=O)(=O)N)OC
4811,CC12CCN(C1N(C3=C2C=C(C=C3)OC(=O)NC)C)C
4633,CCCCOC1=C(C=CC(=C1)C(=O)OCCN(CC)CC)N
5411,CCCCNC1=CC=C(C=C1)C(=O)OCCN(C)C
4680,COC1=C(C=C(C=C1)CC2=NC=CC3=CC(=C(C=C32)OC)OC)OC
2866,COC(=O)C1C(CCC2C1CC3C4=C(CCN3C2)C5=CC=CC=C5N4)O
2754,C1CCC(CC1)N2C(=NN=N2)CCCCOC3=CC4=C(C=C3)NC(=O)CC4
3449,CN1CCC23C=CC(CC2OC4=C(C=CC(=C34)C1)OC)O
4761,CN(C)CCC(C1=CC=CC=C1)C2=CC=CC=N2
3032,C1=CC=C(C(=C1)CC(=O)[O-])NC2=C(C=CC=C2Cl)Cl
5504,C1CN=C(N1)CC2=CC=CC=C2
3056,CC1CC2C3CC(C4=CC(=O)C=CC4(C3(C(CC2(C1(C(=O)COC(=O)C)OC(=O)C)C)O)F)C)F
3623,CN1C2CCC1CC(C2)OC(=O)C(C3=CC=CC=C3)O
1054,CC1=NC=C(C(=C1O)CO)CO
60561,CC(=O)SCC(CC1=CC=CC=C1)C(=O)NCC(=O)OCC2=CC=CC=C2
4485,CC1=C(C(C(=C(N1)C)C(=O)OC)C2=CC=CC=C2[N+](=O)[O-])C(=O)OC
1130,CC1=C(SC=[N+]1CC2=CN=C(N=C2N)C)CCO
3105,CC(C)(C)C(=O)OC1=C(C=C(C=C1)C(CNC)O)OC(=O)C(C)(C)C
3132,C1=CC=C(C=C1)CC(CS)C(=O)NCC(=O)O
3379,CC1(OC2CC3C4CC(C5=CC(=O)C=CC5(C4C(CC3(C2(O1)C(=O)CO)C)O)C)F)C
14520,CC(=O)NC1CCSC1=O
3392,CC1(OC2CC3C4CC(C5=CC(=O)CCC5(C4C(CC3(C2(O1)C(=O)CO)C)O)C)F)C
3100,CN(C)CCOC(C1=CC=CC=C1)C2=CC=CC=C2
3476,CCC1=C(CN(C1=O)C(=O)NCCC2=CC=C(C=C2)S(=O)(=O)NC(=O)NC3CCC(CC3)C)C
4057,C[N+]1(CCCC(C1)OC(=O)C(C2=CC=CC=C2)(C3=CC=CC=C3)O)C
2320,CC1=NC=C(C(=N1)N)CN(C=O)C(=C(CCOP(=O)(O)O)SC(=O)C2=CC=CC=C2)C
3553,CC1(OC2CC3C4CCC5=CC(=O)CCC5(C4(C(CC3(C2(O1)C(=O)CCl)C)O)F)C)C
3879,CC1C(C(CC(O1)OC2CCC3(C(C2)CCC4C3CC(C5(C4(CCC5C6=CC(=O)OC6)O)C)O)C)O)OC7CC(C(C(O7)C)OC8CC(C(C(O8)C)OC9C(C(C(C(O9)CO)O)O)O)OC(=O)C)O
108107,C1=CC=C(C=C1)CN=C(N)NC(=O)C2=C(N=C(C(=N2)Cl)N)N
5362,CCCCC1(C(=O)N(N(C1=O)C2=CC=CC=C2)C3=CC=CC=C3)COC(=O)CCC(=O)O
4199,CC1=CC(=NN=C1NCCN2CCOCC2)C3=CC=CC=C3
4499,CC1=C(C(C(=C(N1)C)C(=O)OCC(C)C)C2=CC=CC=C2[N+](=O)[O-])C(=O)OC
3181,CC(=O)C1CCC2C1(CCC3C2C=CC4=CC(=O)CCC34C)C
3783,CC(COC1=CC=CC=C1)NC(C)C(C2=CC=C(C=C2)O)O
6603,CC1(CCCC(N1C)(C)C)C
1978,CCCC(=O)NC1=CC(=C(C=C1)OCC(CNC(C)C)O)C(=O)C
3292,CCN1C(=O)C(NC1=O)C2=CC=CC=C2
5419,C1CC(C2=CC=CC=C2C1)C3=NCCN3
16230,C1(=C(N=C(C(=N1)Cl)N)N)C(=O)N=C(N)N.Cl
5572,C1CCC(CC1)C(CCN2CCCCC2)(C3=CC=CC=C3)O
2446,CCN(CC)CCNC(=O)C1=CC(=C(C=C1OC)N)Br
3103,CN1CCC(CC1)OC(C2=CC=CC=C2)C3=CC=CC=C3
5585,CC1=CC(=O)OC2=C1C=C3C=C(OC3=C2C)C
2337,CCOC(=O)C1=CC=C(C=C1)N
3110,CC1=C(C(=O)N(N1C)C2=CC=CC=C2)N(C)CS(=O)(=O)[O-]
4886,CCCCOC1=CC=C(C=C1)OCCCN2CCOCC2
3350,CC12CCC3C(C1CCC2C(=O)NC(C)(C)C)CCC4C3(C=CC(=O)N4)C
3696,CN(C)CCCN1C2=CC=CC=C2CCC3=CC=CC=C31
2122,C=CCSCC1NC2=CC(=C(C=C2S(=O)(=O)N1)S(=O)(=O)N)Cl
2973,CC(=O)N(CCCCCNC(=O)CCC(=O)N(CCCCCNC(=O)CCC(=O)N(CCCCCN)O)O)O
3677,CC(C)(CC1=CC=CC=C1)NC
5352,CC1=C(C2=C(C1=CC3=CC=C(C=C3)S(=O)C)C=CC(=C2)F)CC(=O)O
5362070,C1=CC(=CC=C1C(=O)NCCC(=O)O)NN=C2C=CC(=O)C(=C2)C(=O)O
4171,CC(C)NCC(COC1=CC=C(C=C1)CCOC)O
3375,CC1CC2C3CC(C4=CC(=O)C=CC4(C3(C(CC2(C1(C(=O)CO)O)C)O)F)C)F
3355,C1CCNC(C1)C[NH2+]C(=O)C2=C(C=CC(=C2)OCC(F)(F)F)OCC(F)(F)F
143,C1C(N(C2=C(N1)NC(=NC2=O)N)C=O)CNC3=CC=C(C=C3)C(=O)NC(CCC(=O)O)C(=O)O
3917,CC(C(C1=CC(=C(C=C1)O)O)O)N
2160,CN(C)CCC=C1C2=CC=CC=C2CCC3=CC=CC=C31
4043,CC1CC2C3CCC(C3(CC(C2C4(C1=CC(=O)CC4)C)O)C)C(=O)C
3494,C[N+]1(CCC(C1)OC(=O)C(C2CCCC2)(C3=CC=CC=C3)O)C
3762,CCC(C(C1=CC(=C(C=C1)O)O)O)NC(C)C
2031,CCN(CC)CCOC(=O)C(C1=CC=CC=C1)C2=CC=CC=C2
5401,COC1=C(C=C2C(=C1)C(=NC(=N2)N3CCN(CC3)C(=O)C4CCCO4)N)OC
4756,C1=CC=C(C=C1)N=NC2=C(N=C(C=C2)N)N
3342,CC(C1=CC(=CC=C1)OC2=CC=CC=C2)C(=O)O
1993,CC(C[N+](C)(C)C)OC(=O)C
3025,CCCCOC1=NC2=CC=CC=C2C(=C1)C(=O)NCCN(CC)CC
4832,CC[N+]1(CCCC(C1)OC(=O)C(C2=CC=CC=C2)(C3=CC=CC=C3)O)C
4039,CN(C)CCOC(=O)COC1=CC=C(C=C1)Cl
4900,CC12CC(=O)C3C(C1CCC2(C(=O)CO)O)CCC4=CC(=O)C=CC34C
3775,CC(C)[N+](C)(CCC(C1=CC=CC=C1)(C2=CC=CC=C2)C(=O)N)C(C)C
2085,CCC(=O)OCC(=O)C1(C(CC2C1(CC(C3C2C(CC4=CC(=O)C=CC34C)Cl)O)C)C)OC(=O)CC
4542,CCC12CCC3C(C1CCC2(C#C)O)CCC4=CC(=O)CCC34
3382,CC(=O)OCC(=O)C12C(CC3C1(CC(C4(C3CC(C5=CC(=O)C=CC54C)F)F)O)C)OC(O2)(C)C
3516,COC1=CC=CC=C1OCC(CO)O
5733,CC1=C(N(C(=C1)CC(=O)O)C)C(=O)C2=CC=C(C=C2)Cl
2791,CCC(=O)OC1(C(CC2C1(CC(C3(C2CCC4=CC(=O)C=CC43C)F)O)C)C)C(=O)CCl
2315,C1=CC=C(C=C1)CC2NC3=C(C=C(C(=C3)C(F)(F)F)S(=O)(=O)N)S(=O)(=O)N2
1349907,CN1C=CNC1=S
10770,CC(CNC1CCCCC1)OC(=O)C2=CC=CC=C2
3166,CCN(CC)CCOC(=O)C(C1CCCCC1)C2=CC=CC=C2
6126,C[N+]1(CCC(=C(C2=CC=CC=C2)C3=CC=CC=C3)CC1)C.COS(=O)(=O)[O-]
2805,C1CCN(CC1)CCOC(C2=CC=CC=C2)C3=CC=C(C=C3)Cl
3759,CC1=CC(=NO1)C(=O)NNCC2=CC=CC=C2
5577,CN(C)CCOC1=CC=C(C=C1)CNC(=O)C2=CC(=C(C(=C2)OC)OC)OC
3698,C1=CN=CC=C1C2=CNC(=O)C(=C2)N
2564,CN(C)CCOC(C1=CC=C(C=C1)Cl)C2=CC=CC=N2
1798,CC(=O)NC1=[N+](N=C(S1)S(=O)(=O)N)C
4994,CCC1(C(=O)C=CNC1=O)CC
5584,CC(CN1C2=CC=CC=C2CCC3=CC=CC=C31)CN(C)C
25294,C[NH+](C)CCN(CC1=CC=C(C=C1)Cl)C2=CC=CC=N2.[Cl-]
3038,C1=C(C=C(C(=C1S(=O)(=O)N)Cl)Cl)S(=O)(=O)N
2881,C1=CC2=C(C(=C1)OCC(COC3=CC=CC4=C3C(=O)C=C(O4)C(=O)[O-])O)C(=O)C=C(O2)C(=O)[O-]
28178,CCCC(=O)NC1=C2C(=NC=N1)N(C=N2)C3C4C(C(O3)COC(=O)CCC)OP(=O)(O4)O
3418,C1=CC=C(C(=C1)C(=O)O)OP(=O)(O)O
5359,CC(C1=CC=C(C=C1)C(=O)C2=CC=CS2)C(=O)O
4411,CC(C)(C)NCC(COC1=CC=CC2=C1CC(C(C2)O)O)O
9433,CN1C2=C(C(=O)N(C1=O)C)NC=N2.CN1C2=C(C(=O)N(C1=O)C)NC=N2.C(CN)N
2784,C[N+]12CCC(CC1)C(C2)OC(=O)C(C3=CC=CC=C3)(C4=CC=CC=C4)O
2343,C1=CC=C(C=C1)CSCC2=NS(=O)(=O)C3=CC(=C(C=C3N2)Cl)S(=O)(=O)N
5560,C1=C2C(=CC(=C1Cl)S(=O)(=O)N)S(=O)(=O)NC(N2)C(Cl)Cl
13738,CCN(CC)CCC1=NC(=NO1)C2=CC=CC=C2
4934,CC(C)[N+](C)(CCOC(=O)C1C2=CC=CC=C2OC3=CC=CC=C13)C(C)C
3081,CC1(C(=O)NC(=O)O1)C
3202,CC[N+](C)(C)C1=CC(=CC=C1)O
2480,CCCCN(CCCC)CCCOC(=O)C1=CC=C(C=C1)N
3690,C1CN(P(=O)(OC1)NCCCl)CCCl
3718,CC(C1=CC=C(C=C1)N2CC3=CC=CC=C3C2=O)C(=O)O
4919,C1CCC(CC1)C(CCN2CCCC2)(C3=CC=CC=C3)O
4080,CC12CCC3C(C1CCC2(C#C)O)CCC4=C3C=CC(=C4)OC
3914,CC(C)(C)NCC(COC1=CC=CC2=C1CCCC2=O)O
3724,CC(=O)N(CC(CN(C1=C(C(=C(C(=C1I)C(=O)NCC(CO)O)I)C(=O)NCC(CO)O)I)C(=O)C)O)C2=C(C(=C(C(=C2I)C(=O)NCC(CO)O)I)C(=O)NCC(CO)O)I
2284,C1=CC(=CC=C1C(CC(=O)O)CN)Cl
3247,CC12CCC3C(=CCC4=C3C=CC(=C4)O)C1CCC2=O
4691,C1CNCC(C1C2=CC=C(C=C2)F)COC3=CC4=C(C=C3)OCO4
861,C1=CC(=C(C=C1OC2=C(C=C(C=C2I)CC(C(=O)O)N)I)I)O
2307,CCC(=O)OCC(=O)C1(C(CC2C1(CC(C3(C2CCC4=CC(=O)C=CC43C)Cl)O)C)C)OC(=O)CC
5508,CC1=CC=C(C=C1)C(=O)C2=CC=C(N2C)CC(=O)[O-]
3403,CC(C)N1C2=CC=CC=C2C(=C1C=CC(CC(CC(=O)O)O)O)C3=CC=C(C=C3)F
3446,C1CCC(CC1)(CC(=O)O)CN
3305,CC(O)(P(=O)(O)O)P(=O)(O)O
1983,CC(=O)NC1=CC=C(C=C1)O
3019,CC1=NS(=O)(=O)C2=C(N1)C=CC(=C2)Cl
3734,CC(C(=O)NC1=C(C(=C(C(=C1I)C(=O)NC(CO)CO)I)C(=O)NC(CO)CO)I)O
3736,CN(CC(CO)O)C(=O)C1=C(C(=C(C(=C1I)C(=O)NCC(CO)O)I)NC(=O)COC)I
2153,CN1C2=C(C(=O)N(C1=O)C)NC=N2
5429,CN1C=NC2=C1C(=O)NC(=O)N2C
5184,CN1C2CC(CC1C3C2O3)OC(=O)C(CO)C4=CC=CC=C4
3741,C(CO)N(C1=C(C(=C(C(=C1I)C(=O)NCC(CO)O)I)C(=O)NCC(CO)O)I)C(=O)CO
6009,CC1=C(C(=O)N(N1C)C2=CC=CC=C2)N(C)C
2551,C[N+](C)(C)CCOC(=O)N
937,C1=CC(=CN=C1)C(=O)[O-]
2310,CCC1(CC(=O)NC(=O)C1)C
3332,C1=CC=C(C=C1)C2=CC=C(C=C2)CC(=O)O
2148,C1=CC(=CC=C1C(=O)NCC(=O)O)N
1995,CC(C)CC(C(=O)O)NC(=O)C
9791,CC12CCC(=O)C=C1CCC3C2C(=O)CC4(C3CCC4=O)C
3639,C1NC2=CC(=C(C=C2S(=O)(=O)N1)S(=O)(=O)N)Cl
4828,CC(C)NCC(COC1=CC=CC2=C1C=CN2)O
5860,C[N+]1(C2CCC1CC(C2)OC(=O)C(CO)C3=CC=CC=C3)C.[N+](=O)([O-])[O-]
3364573,CC1=CC(=O)OC2=C1C=CC(=C2)[O-].[Na+]
4174,CC(C)(C1=CN=CC=C1)C(=O)C2=CN=CC=C2
5639,CN1C(=CC(=O)N(C1=O)C)NCCCN2CCN(CC2)C3=CC=CC=C3OC
3672,CC(C)CC1=CC=C(C=C1)C(C)C(=O)O
3304,CC(=O)OC1CCC2C3CCC4(C(C3CCC2=C1)CCC4(C#C)OC(=O)C)C
4409,CC(=O)CCC1=CC2=C(C=C1)C=C(C=C2)OC
7638,C1=CC=C(C=C1)COC2=CC=C(C=C2)O
698,CC12CCC3C(C1CCC2=O)CCC4=C3C=CC(=C4)O
4507,CCOC(=O)C1=C(NC(=C(C1C2=CC(=CC=C2)[N+](=O)[O-])C(=O)OC)C)C
3394,CC(C1=CC(=C(C=C1)C2=CC=CC=C2)F)C(=O)O
41987,CN(C)CC=C(C1=CC=C(C=C1)Br)C2=CN=CC=C2
4513,CNC(=C[N+](=O)[O-])NCCSCC1=CSC(=N1)CN(C)C
155773,C1COCCN1C(=O)NCCNCC(COC2=CC=C(C=C2)O)O.C1COCCN1C(=O)NCCNCC(COC2=CC=C(C=C2)O)O.C(=CC(=O)O)C(=O)O
5005,CCOC(=O)C(CCC1=CC=CC=C1)NC(C)C(=O)N2CC3=CC=CC=C3CC2C(=O)O
84003,C1CN2C(=CC=C2C(=O)C3=CC=CC=C3)C1C(=O)O.C(C(CO)(CO)N)O
15722,C1CNCCC1C(C2=CC=CC=C2)(C3=CC=CC=C3)O.Cl
4943,CC(C)C1=C(C(=CC=C1)C(C)C)O
4909,CCC1(C(=O)NCNC1=O)C2=CC=CC=C2
14709,CC(=O)OC1CCC2(C3CCC4(C(C3CC=C2C1)CCC4=O)C)C
3739,C1=C(C(=C(C(=C1I)NC(=O)CCCCC(=O)NC2=C(C=C(C(=C2I)C(=O)O)I)I)I)C(=O)O)I
2431,CC[N+](C)(C)CC1=CC=CC=C1Br
5353894,CN1C=CC=CC1=C[NH+]=O
4768,CC(COC1=CC=CC=C1)N(CCCl)CC2=CC=CC=C2
2123,CN(C)C1=NC(=NC(=N1)N(C)C)N(C)C
4893,COC1=C(C=C2C(=C1)C(=NC(=N2)N3CCN(CC3)C(=O)C4=CC=CO4)N)OC
5478,CC(C)(C)NCC(COC1=NSN=C1N2CCOCC2)O
4581,C1=CC(=CC=C1C(CN)O)O
71388,CC(C)(C)CC(C)(C)C1=CC=C(C=C1)O.C=O.C1CO1
4048,CC1=CC2C(CCC3(C2CCC3(C(=O)C)OC(=O)C)C)C4(C1=CC(=O)CC4)C
6166,CC12CCC3C(C1CCC2C(=O)CO)CCC4=CC(=O)CCC34C
4935,CCCOC1=C(C=C(C=C1)C(=O)OCCN(CC)CC)N
3517,C1=CC(=C(C(=C1)Cl)C=NN=C(N)N)Cl
564,C(CCC(=O)O)CCN
5253,CC(C)NCC(C1=CC=C(C=C1)NS(=O)(=O)C)O
2968,C[N+](C)(C)CCCCCCCCCC[N+](C)(C)C
51767,CC[NH+]1CCCC1CNC(=O)C2=C(C=CC(=C2OC)Br)OC.[Cl-]
68802,CC1=CC2=C(C=C1)N3CCNC4C3=C2CCC4
4054,CC12CC3CC(C1)(CC(C3)(C2)N)C
4646,C1=CC(=CC=C1CN2C=CN=C2)C=CC(=O)O
4850,C1CN(CCN1CC2=CC3=C(C=C2)OCO3)C4=NC=CC=N4
9904,CC12CCC3C(C1CCC2O)CCC4=CC(=O)CCC34
4951,CC1C(C(C(C(O1)OC2CCC3(C4CCC5(C(CCC5(C4CCC3=C2)O)C6=COC(=O)C=C6)C)C)O)O)O
4184,CN1CCN2C(C1)C3=CC=CC=C3CC4=CC=CC=C42
3404,COCCCCC(=NOCCN)C1=CC=C(C=C1)C(F)(F)F
3399,CCC(=O)OC1(C(CC2C1(CC(C3(C2CC(C4=CC(=O)C=CC43C)F)F)O)C)C)C(=O)SCF
3441,CC1=NC=C(C(=N1)N)CN(C=O)C(=C(CCO)SSCC2CCCO2)C
3447,CCOC(=O)C1=CC=C(C=C1)OC(=O)CCCCCN=C(N)N
346,C1=CC(=CC=C1O)OC2C(C(C(C(O2)CO)O)O)O
19675,CC(=O)C1=CC2=C(C=C1)SC3=CC=CC=C3N2CCCN4CCC(CC4)CCO
28332,CCC(=O)OC(CC1=CC=CC=C1)(C2=CC=CC=C2)C(C)CN(C)C.C1=CC=C2C=C(C=CC2=C1)S(=O)(=O)O
38258,C(NC(=O)NC1C(=O)NC(=O)N1CO)NC(=O)NC2C(=O)NC(=O)N2CO
73277,C1=CN=C(C=N1)Cl
8362,CC1CC(CC(C1)(C)C)OC(=O)C2=CC=CC=C2O
2563,CC(CC1=CC(=C(C=C1)O)O)(C(=O)O)NN
2974,CC(CCC(=O)[O-])C1CCC2C1(C(=O)CC3C2C(=O)CC4C3(CCC(=O)C4)C)C
56971,C1CN(CCN1CCCCN2C(=O)C3=CC=CC=C3S2(=O)=O)C4=NC=CC=N4
5118,CCN1CCCC1CNC(=O)C2=C(C(=CC(=C2OC)Cl)Cl)O
8197,C(CNCCNCCNCCN)N
18020,CC1=CC2C(CCC3(C2CC(=C)C3(C(=O)C)OC(=O)C)C)C4(C1=CC(=O)CC4)C
2151,CC1=C(C(=O)N(N1C)C2=CC=CC=C2)N
62389,C1=CC=C(C=C1)CNC2=NC=NC3=C2NC=N3
204,C1(C(=O)NC(=O)N1)NC(=O)N
2538,CCC1(C2=C(COC1=O)C(=O)N3CC4=CC5=CC=CC=C5N=C4C3=C2)O
98889,CC1=C(C(=O)N(N1C)C2=CC=CC=C2)O
10830,C1CCN(CC1)CC(COC(=O)NC2=CC=CC=C2)OC(=O)NC3=CC=CC=C3.Cl
6103,C1=CC2=C(C=C1Cl)N=C(O2)N
5534,C1CCN(C1)CC#CCN2CCCC2
5722,CCCOC1=CC=CC=C1C2=NC(=O)C3=NNNC3=N2
224,C1=NC(=C2C(=N1)N(C=N2)C3C(C(C(O3)COP(=O)(O)O)O)O)N
3604,C[N+](C)(C)CCCCCC[N+](C)(C)C
3585,C[N+]1(CCOC(C1)(C2=CC=C(C=C2)C3=CC=C(C=C3)C4(C[N+](CCO4)(C)C)O)O)C
3594,CC1C(C(C(C(O1)OCC2C(C(C(C(O2)OC3=CC(=C4C(=O)CC(OC4=C3)C5=CC(=C(C=C5)OC)O)O)O)O)O)O)O)O
4742,CC(C)CC(C(CC(=O)O)O)NC(=O)C(C)NC(=O)CC(C(CC(C)C)NC(=O)C(C(C)C)NC(=O)C(C(C)C)NC(=O)CC(C)C)O
195164,C1CC2=CC=CC=C2C3=NN=C(C=C3C1)NCCN4CCOCC4.Cl.Cl
8480,C1=CC(=CC=C1NC(=O)N)[As](=O)(O)O
5753,CC12CCC(=O)C=C1CCC3C2C(CC4(C3CCC4C(=O)CO)C)O
5275,COC1=CC=C(C=C1)C2=N[N+](=C(C=C2)N)CCCC(=O)O
5202,C1=CC2=C(C=C1O)C(=CN2)CCN
40634,CC1=C(C2=C(CCC(O2)(C)C(=O)O)C(=C1O)C)C
4847,CC1=C(C(=O)N2C=CC=CC2=N1)CCN3CCC(CC3)C(=O)C4=CC=C(C=C4)F
10302,CC1C2=CC(=C(C=C2CCN1)OC)OC
1027,CC(=O)C1CCC2C1(CCC3C2CC=C4C3(CCC(C4)O)C)C
4692,CC1=CCCC2(C(O2)C3C(CC1)C(=C)C(=O)O3)C
3038494,COC1=CC=CC=C1N2CCN(CC2)CCCCNC(=O)C3=CC4=CC=CC=C4C=C3.Cl
5011,C1CN(CCN1)C2=NC3=CC=CC=C3C=C2
5353,COC1=C(C=CC(=C1)S(=O)C)C2=NC3=C(N2)C=CC=N3
4816,CC(=C)C1C2C3C4(C(C1C(=O)O2)(CC5C4(O5)C(=O)O3)O)C
3830,C1=COC(=C1)CNC2=NC=NC3=C2NC=N3
6433489,CC=C(C)C(=O)OC1C(C2(C(CC1(C)C)C3=CCC4C5(CCC(C(C5CCC4(C3(CC2O)C)C)(C)CO)OC6C(C(C(C(O6)C(=O)O)OC7C(C(C(C(O7)CO)O)O)O)O)OC8C(C(C(C(O8)CO)O)O)O)C)CO)OC(=O)C.CC=C(C)C(=O)OC1C(C2(C(CC1(C)C)C3=CCC4C5(CCC(C(C5CCC4(C3(CC2O)C)C)(C)CO)OC6C(C(C(C(O6)C(=O)O)OC7C(C(C(C(O7)CO)O)O)O)O)OC8C(C(C(C(O8)CO)O)O)O)C)CO)OC(=O)C
5501,CCOC(=O)NNC1=NN=CC2=CC=CC=C21
5037,CC1=C(C(=O)N(N1C)C2=CC=CC=C2)NC(C)C
2254,CC(C)CC(=O)OC1C(C(C(OC1OC2CC(C3CCC45CC(CCC4C3(C2)C)C(=C)C5O)C(=O)O)CO)OS(=O)(=O)[O-])OS(=O)(=O)[O-]
925,C1=CC(=C[N+](=C1)C2C(C(C(O2)COP(=O)([O-])OP(=O)(O)OCC3C(C(C(O3)N4C=NC5=C(N=CN=C54)N)O)O)O)O)C(=O)N
10428,CC1(CCOC(=O)C1)O
3293,CCOC1=CC2=C(C=C1)NC(C=C2C)(C)C
2797,CC(C)(C(=O)O)OC1=CC=C(C=C1)Cl
2900,CC1CC(C(=O)C(C1)C(CC2CC(=O)NC(=O)C2)O)C
7534,CC1CC(CC(N1C)(C)C)OC(=O)C(C2=CC=CC=C2)O
9903,CC(CCC(=O)O)C1CCC2C1(CCC3C2CCC4C3(CCC(C4)O)C)C
5424,C1(=C(C(=O)C(=C(C1=O)O)O)O)O
69216,CC1C(=O)NC(=O)N1
15478,CC12CCC(CC1CCC3C2CC(C4(C3(CCC4C5=CC(=O)OC5)O)C)O)O
4632,COC1=CC(=C(C=C1)C(=O)C2=CC=CC=C2)O
8569,COC1=CC(=C(C=C1)C(=O)C2=CC=CC=C2O)O
3828,CC1=CC(=O)C2=C(C3=C(C(=C2O1)OC)OC=C3)OC
4500,CNCCC(C1=CC=CC=C1)OC2=CC=CC=C2OC
3959,CCCCCN(CCCCC)C(=O)C(CCC(=O)[O-])NC(=O)C1=CC(=C(C=C1)Cl)Cl
5662,C1CCC(C(C1)N2CCC(CC2)C3=CC=CC=C3)O
3035905,C1CCC(CC1)NC(=S)N2CCC(CC2)C3=CN=CN3
5092,COC1=C(C=C(C=C1)C2CC(=O)NC2)OC3CCCC3
54459,C1CN=C(N1)C2COC3=CC=CC=C3O2
57266,CCC1=CC(=C(C(=C1O)C(=O)NCC2CCC[NH+]2CC)OC)Cl.[Cl-]
2327,C1=CC(=C(C(=C1CNNC(=O)C(CO)N)O)O)O
3053,C(CN(CC(=O)O)CC(=O)O)N(CCN(CC(=O)O)CC(=O)O)CC(=O)O
19518,CC[N+](CC)(CC1=CC=CC=C1)CC(=O)NC2=C(C=CC=C2C)C.C1=CC=C(C=C1)C(=O)[O-]
3448,C1CNCC2=C1C(=O)NO2
4930,CC(C)NCC(C1=CC2=CC=CC=C2C=C1)O
5723,COC1=C(C=CC(=C1)C2=NNC(=O)C=C2)OC(F)F
10745,CC(=O)OC1=CC=CC=C1C(=O)OC2=CC=CC=C2C(=O)O
3941250,CCN(CC)CCOC(=O)C1(CCCC1)C2=CC=C(C=C2)[N+](=O)[O-]
3077,CN(C)CCCSC(=N)N
26533,CCNC1(CCCCC1=O)C2=CC=CS2
15443,C1CN(CCN1CCCC(=O)C2=CC=C(C=C2)F)C3=CC=CC=N3
2581,CC(C1=CC2=C(C=C1)C3=C(N2)C=CC(=C3)Cl)C(=O)O
5707,CC1=C(C(=CC=C1)C)NC2=NCCCS2
9563,CC(=O)OCC(=O)C1(CCC2C1(CC(C3(C2CCC4=CC(=O)C=CC43C)F)O)C)O
17134,COC1=C(N=CN=C1OC)NS(=O)(=O)C2=CC=C(C=C2)N
12550,CCCCCCC1C(C(OC(=O)C(C(OC1=O)C)NC(=O)C2=C(C(=CC=C2)NC=O)O)C)OC(=O)CC(C)C
6634,C1=CC(=CC=C1N)S(=O)(=O)NC2=NN=C(C=C2)Cl
40854,COC(=O)NC1=NC2=C(N1)C=C(C=C2)S(=O)C3=CC=CC=C3
43231,C1=C(C(=CC(=C1N)S(=O)(=O)N)S(=O)(=O)N)C(=C(Cl)Cl)Cl
4250,CC1=C(SC=C1)C=CC2=NCCCN2C
5337,C1=CC=C2C(=C1)N=CC(=N2)[N-]S(=O)(=O)C3=CC=C(C=C3)N
2178,CCCC1=NC=C(C(=N1)N)C[N+]2=CC=CC=C2C
2883,CCN(C1=CC=CC=C1C)C(=O)C=CC
