smiles,label
COC1C=COC2(C)Oc3c(C)c(O)c4c(c3C2=O)C2=NC3(CCN(CC(C)C)CC3)NC2=C(NC(=O)C(C)=CC=CC(C)C(O)C(C)C(O)C(C)C(OC(C)=O)C1C)C4=O,1
CC1c2cccc(O)c2C(O)=C2C(=O)C3(O)C(=O)C(=C(N)O)C(=O)C(N(C)C)C3C(O)C21,1
CN(C)C1C(=O)C(=C(N)O)C(=O)C2(O)C(=O)C3=C(O)c4c(O)ccc(Cl)c4C(C)(O)C3CC12,1
NC1CCN(c2nc3c(cc2F)c(=O)c(C(=O)O)cn3-c2ccc(F)cc2F)C1,1
O=C(NC(CO)C(O)c1ccc([N+](=O)[O-])cc1)C(Cl)Cl,1
CN(C)c1ccc(O)c2c1CC1CC3C(N(C)C)C(=O)C(C(N)=O)=C(O)C3(O)C(=O)C1=C2O,1
C=C1c2c(Cl)ccc(O)c2C(O)=C2C(=O)C3(O)C(O)=C(C(N)=O)C(=O)C(N(C)C)C3C(O)C12,1
CN(C)C1C(=O)C(=C(N)O)C(=O)C2(O)C(=O)C3=C(O)c4c(O)ccc(Cl)c4C(O)C3CC12,1
C=C1c2cccc(O)c2C(O)=C2C(=O)C3(O)C(=O)C(=C(N)O)C(=O)C(N(C)C)C3C(O)C12,1
NC(=NCCCCCCN=C(N)N=C(N)Nc1ccc(Cl)cc1)N=C(N)Nc1ccc(Cl)cc1,1
CS(=O)(=O)c1ccc(C(O)C(CF)NC(=O)C(Cl)Cl)cc1,1
O=C(O)c1cn(C2CC2)c2cc(N3CCNCC3)c(F)cc2c1=O,1
COC1C=COC2(C)Oc3c(C)c(O)c4c(c3C2=O)C(=O)C(=CNN2CCN(C3CCCC3)CC2)C(=C4O)NC(=O)C(C)=CC=CC(C)C(O)C(C)C(O)C(C)C(OC(C)=O)C1C,1
CCC1OC(=O)C(C)C(OC2CC(C)(OC)C(O)C(C)O2)C(C)C(OC2OC(C)CC(N(C)C)C2O)C(C)(O)CC(C)CN(C)C(C)C(O)C1(C)O,1
CCCC1CC(C(=O)NC(C(C)Cl)C2OC(SC)C(O)C(O)C2O)N(C)C1,1
CCC1OC(=O)C(C)C(OC2CC(C)(OC)C(O)C(C)O2)C(C)C(OC2OC(C)CC(N(C)C)C2O)C(C)(OC)CC(C)C(=O)C(C)C(O)C1(C)O,1
NC1CCN(c2c(F)cc3c(=O)c(C(=O)O)cn(C4CC4)c3c2Cl)C1,1
CN(C)C1C(=O)C(=C(N)O)C(=O)C2(O)C(=O)C3=C(O)c4c(O)cccc4C(C)(O)C3CC12,1
CC(=O)NCC1CN(c2ccc(N3CCOCC3)c(F)c2)C(=O)O1,1
COc1c(N2CC3CCCNC3C2)c(F)cc2c(=O)c(C(=O)O)cn(C3CC3)c12,1
CS(=O)(=O)c1ccc(C(O)C(CO)NC(=O)C(Cl)Cl)cc1,1
CN(C)C1C(=O)C(C(N)=O)=C(O)C2(O)C(=O)C3=C(O)c4c(O)cccc4C(C)(O)C3C(O)C12,1
COC1C=COC2(C)Oc3c(C)c(O)c4c(c3C2=O)C(=O)C(=CNN2CCN(C)CC2)C(=C4O)NC(=O)C(C)=CC=CC(C)C(O)C(C)C(O)C(C)C(OC(C)=O)C1C,1
O=C1OCCN1N=Cc1ccc([N+](=O)[O-])o1,1
O=C1NCCN1c1ncc([N+](=O)[O-])s1,1
COC(=O)N=NC=C1C=[N+]([O-])c2ccccc2N1O,1
CC1(C)SC2C(NC(=O)Cc3ccccc3)C(=O)N2C1C(=O)O,1
CC1CCc2c(N3CCC(O)CC3)c(F)cc3c(=O)c(C(=O)O)cn1c23,1
COc1c(N2CCNC(C)C2)c(F)cc2c(=O)c(C(=O)O)cn(C3CC3)c12,1
O=C(O)c1cn(-c2ccc(F)cc2)c2cc(N3CCNCC3)c(F)cc2c1=O,1
COC1C=COC2(C)Oc3c(C)c(O)c4c(O)c(c5c(nc6cc(C)ccn65)c4c3C2=O)NC(=O)C(C)=CC=CC(C)C(O)C(C)C(O)C(C)C(OC(C)=O)C1C,1
O=C1OC(CN2CCOCC2)CN1N=Cc1ccc([N+](=O)[O-])o1,1
CC(O)C1C(=O)N2C(C(=O)O)=C(SC3CNC(C(=O)N(C)C)C3)C(C)C12,1
CCC1OC(=O)C(C)C(OC2CC(C)(OC)C(O)C(C)O2)C(C)C(OC2OC(C)CC(N(C)C)C2O)C(C)(O)CC(C)C(=O)C(C)C(O)C1(C)O,1
COC1C(OC(C)=O)CC(=O)OC(C)CC=CC=CC(O)C(C)CC(CC=O)C1OC1OC(C)C(OC2CC(C)(O)C(OC(=O)CC(C)C)C(C)O2)C(N(C)C)C1O,1
CCCC1CC(C(=O)NC(C(C)O)C2OC(SC)C(O)C(O)C2O)N(C)C1,1
O=C(NN=Cc1ccc([N+](=O)[O-])o1)c1ccc(O)cc1,1
Cc1nnc(SCC2=C(C(=O)O)N3C(=O)C(NC(=O)Cn4cnnn4)C3SC2)s1,1
CCN1CCN(C(=O)NC(C(=O)NC2C(=O)N3C2SC(C)(C)C3C(=O)O)c2ccccc2)C(=O)C1=O,1
CCC1OC(=O)C(C)C(OC2CC(C)(OC)C(O)C(C)O2)C(C)C(OC2OC(C)CC(N(C)C)C2O)C(C)(O)CC(C)C(=NOCOCCOC)C(C)C(O)C1(C)O,1
Oc1c(Cl)cc(Cl)c(Cl)c1Cc1c(O)c(Cl)cc(Cl)c1Cl,1
CCCCC(CC)CN=C(N)NC(N)=NCCCCCCN=C(N)NC(N)=NCC(CC)CCCC,1
CCC1OC(=O)CC(O)C(C)C(OC2OC(C)C(OC3CC(C)(O)C(O)C(C)O3)C(N(C)C)C2O)C(CC=O)CC(C)C(=O)C=CC(C)=CC1COC1OC(C)C(O)C(OC)C1OC,1
COC1C(OC(N)=O)C(O)C(Oc2ccc3c(O)c(NC(=O)c4ccc(O)c(CC=C(C)C)c4)c(=O)oc3c2C)OC1(C)C,1
CC1(C)SC2C(NC(=O)C(C(=O)O)c3ccsc3)C(=O)N2C1C(=O)O,1
CCC1OC(=O)C(C)C(OC2CC(C)(OC)C(O)C(C)O2)C(C)C(OC2OC(C)CC(N(C)C)C2O)C(C)(O)CC(C)C2NC(COCCOC)OC(C2C)C1(C)O,1
COC1C(O)CC(=O)OC(C)CC=CC=CC(OC2CCC(N(C)C)C(C)O2)C(C)CC(CC=O)C1OC1OC(C)C(OC2CC(C)(O)C(O)C(C)O2)C(N(C)C)C1O,1
O=C(Nc1ccc([N+](=O)[O-])cc1Cl)c1cc(Cl)ccc1O,1
O=C(O)c1ccccc1S,1
CC(=O)OCC1OC(S)C(OC(C)=O)C(OC(C)=O)C1OC(C)=O,1
Cc1cc(C(C#N)c2ccc(Cl)cc2)c(Cl)cc1NC(=O)c1cc(I)cc(I)c1O,1
CC1(C)SC2C(NC(=O)C(N)c3ccccc3)C(=O)N2C1C(=O)O,1
CON=C(C(=O)NC1C(=O)N2C(C(=O)O)=C(COC(C)=O)CSC12)c1csc(N)n1,1
CCN1CCN(C(=O)NC(C(=O)NC2C(=O)N3C(C(=O)O)=C(CSc4nnnn4C)CSC23)c2ccc(O)cc2)C(=O)C1=O,1
CC1(C)SC2C(NC(=O)C(N)c3ccc(O)cc3)C(=O)N2C1C(=O)O,1
CC(=O)OC1CC2(C)C(CC(O)C3C4(C)CCC(O)C(C)C4CCC32C)C1=C(CCC=C(C)C)C(=O)O,1
NC(=O)NN=Cc1ccc([N+](=O)[O-])o1,1
CC(C)(C)CC(C)(C)c1ccc(OCCOCC[N+](C)(C)Cc2ccccc2)cc1,1
C=C(NC(=O)C(=C)NC(=O)c1csc(C2=NC3c4csc(n4)C4NC(=O)c5csc(n5)C(C(C)(O)C(C)O)NC(=O)C5CSC(=N5)C(=CC)NC(=O)C(C(C)O)NC(=O)c5csc(n5)C3(CC2)NC(=O)C(C)NC(=O)C(=C)NC(=O)C(C)NC(=O)C(C(C)CC)NC2C=Cc3c(C(C)O)cc(nc3C2O)C(=O)OC4C)n1)C(N)=O,1
Cn1c([N+](=O)[O-])cnc1COC(N)=O,1
CC1(C)SC2C(NC(=O)C(N)c3ccccc3)C(=O)N2C1C(=O)OC1OC(=O)c2ccccc21,1
CC1CN(c2c(F)c(N)c3c(=O)c(C(=O)O)cn(C4CC4)c3c2F)CC(C)N1,1
CC(=O)OCC1=C(C(=O)O)N2C(=O)C(NC(=O)Cc3cccs3)C2SC1,1
CCS(=O)(=O)CCn1c([N+](=O)[O-])cnc1C,1
C=CC1=C(C(=O)O)N2C(=O)C(NC(=O)C(=NO)c3csc(N)n3)C2SC1,1
CN1CCN(c2c(F)cc3c(=O)c(C(=O)O)cn4c3c2SCC4)CC1,1
Cc1ncc([N+](=O)[O-])n1CC(O)CCl,1
COC1CC(OC2C(C)C(=O)OC(C)C(C)C(OC(C)=O)C(C)C(=O)C3(CO3)CC(C)C(OC3OC(C)CC(N(C)C)C3OC(C)=O)C2C)OC(C)C1OC(C)=O,1
NCc1ccccc1CC(=O)NC1C(=O)N2C(C(=O)O)=C(CSc3nnnn3CC(=O)O)CSC12,1
CC(O)C1C(=O)N2C(C(=O)O)=C(SCCN=CN)CC12,1
CC(Oc1ccccc1)C(=O)NC1C(=O)N2C1SC(C)(C)C2C(=O)O,1
Cc1ncc([N+](=O)[O-])n1CCO,1
COC1(NC(=O)Cc2cccs2)C(=O)N2C(C(=O)O)=C(COC(N)=O)CSC21,1
CC1CS(=O)(=O)CCN1N=Cc1ccc([N+](=O)[O-])o1,1
Cc1ncc([N+](=O)[O-])n1CC(C)O,1
Cc1cc(C(C)(C)CC(C)(C)C)ccc1OCCOCC[N+](C)(C)Cc1ccccc1,1
CC(=O)Oc1cccc2c1C(=O)c1c(OC(C)=O)cc(C(=O)O)cc1C2=O,1
CCC1(C2OC(C3OC(O)(CO)C(C)CC3C)CC2C)CCC(C2(C)CCC3(CC(O)C(C)C(C(C)C(OC)C(C)C(=O)O)O3)O2)O1,1
Oc1c(Cl)cc(Cl)c2cccnc12,1
N=C(N)c1ccc(OCCCCCOc2ccc(C(=N)N)cc2)cc1,1
O=C(O)c1ccccc1-c1c2cc(Br)c(=O)cc-2oc2[c]([Hg])c(O)c(Br)cc12,1
O=C1CN(N=Cc2ccc([N+](=O)[O-])o2)C(=O)N1,1
CON=C(C(=O)NC1C(=O)N2C(C(=O)O)=C(COC(N)=O)CSC12)c1ccco1,1
COC1(NC(=O)C(C(=O)O)c2ccc(O)cc2)C(=O)N2C(C(=O)O)=C(CSc3nnnn3C)COC21,1
O=c1c2ccccc2[se]n1-c1ccccc1,1
CON=C(C(=O)NC1C(=O)N2C(C(=O)[O-])=C(C[N+]3(C)CCCC3)CSC12)c1csc(N)n1,1
Cc1onc(-c2c(Cl)cccc2Cl)c1C(=O)NC1C(=O)N2C1SC(C)(C)C2C(=O)O,1
COC1(NC(=O)C2SC(=C(C(N)=O)C(=O)O)S2)C(=O)N2C(C(=O)O)=C(CSc3nnnn3C)CSC21,1
CNC(CC(C)C)C(=O)NC1C(=O)NC(CC(N)=O)C(=O)NC2C(=O)NC3C(=O)NC(C(=O)NC(C(=O)O)c4cc(O)cc(O)c4-c4cc3ccc4O)C(O)c3ccc(c(Cl)c3)Oc3cc2cc(c3OC2OC(CO)C(O)C(O)C2OC2CC(C)(N)C(O)C(C)O2)Oc2ccc(cc2Cl)C1O,1
CC1(C)SC2C(NC(=O)C(NC(=O)N3CCNC3=O)c3ccccc3)C(=O)N2C1C(=O)O,1
CCC(C)C(N)C1=NC(C(=O)NC(CC(C)C)C(=O)NC(CCC(=O)O)C(=O)NC(C(=O)NC2CCCCNC(=O)C(CC(N)=O)NC(=O)C(CC(=O)O)NC(=O)C(Cc3cnc[nH]3)NC(=O)C(Cc3ccccc3)NC(=O)C(C(C)CC)NC(=O)C(CCCN)NC2=O)C(C)CC)CS1,1
COc1cccc2c1C(=O)c1c(O)c3c(c(O)c1C2=O)CC(O)(C(C)=O)CC3OC1CC(N)C(O)C(C)O1,1
CN(C)CCn1nnnc1SCC1=C(C(=O)O)N2C(=O)C(NC(=O)Cc3csc(N)n3)C2SC1,1
COC1(NC(=O)CSCC#N)C(=O)N2C(C(=O)O)=C(CSc3nnnn3C)CSC21,1
Oc1c(I)cc(Cl)c2cccnc12,1
Oc1cc(Cl)ccc1Oc1ccc(Cl)cc1Cl,1
Cc1cc(N)c2ccccc2[n+]1CCCCCCCCCC[n+]1c(C)cc(N)c2ccccc21,1
Cc1onc(-c2c(F)cccc2Cl)c1C(=O)NC1C(=O)N2C1SC(C)(C)C2C(=O)O,1
CCn1cc(C(=O)O)c(=O)c2cc(F)c(N3CCNCC3)nc21,1
NC(C(=O)NC1C(=O)N2C(C(=O)O)=C(Cl)CCC12)c1ccccc1,1
Clc1ccc(C(Cn2ccnc2)OCc2c(Cl)cccc2Cl)c(Cl)c1,1
Clc1ccccc1C(c1ccccc1)(c1ccccc1)n1ccnc1,1
Cc1onc(-c2ccccc2Cl)c1C(=O)NC1C(=O)N2C1SC(C)(C)C2C(=O)O,1
CCn1cc(C(=O)O)c(=O)c2cc(F)c(N3CCNC(C)C3)c(F)c21,1
CC(C)(ON=C(C(=O)NC1C(=O)N2C(C(=O)[O-])=C(C[n+]3ccccc3)CSC12)c1csc(N)n1)C(=O)O,1
CCOc1ccc2ccccc2c1C(=O)NC1C(=O)N2C1SC(C)(C)C2C(=O)O,1
Clc1ccc(COC(Cn2ccnc2)c2ccc(Cl)cc2Cl)c(Cl)c1,1
O=c1[nH]cc(F)c(=O)[nH]1,1
CCc1oc2ccccc2c1C(=O)c1cc(Br)c(O)c(Br)c1,1
Cc1onc(-c2ccccc2)c1C(=O)NC1C(=O)N2C1SC(C)(C)C2C(=O)O,1
CC1CCc2cc(F)cc3c(=O)c(C(=O)O)cn1c23,1
CC(C)N=c1cc2n(-c3ccc(Cl)cc3)c3ccccc3nc-2cc1Nc1ccc(Cl)cc1,1
CCOC(=O)OC(C)OC(=O)C1N2C(=O)C(NC(=O)C(N)c3ccccc3)C2SC1(C)C,1
C=CC1=C(C(=O)O)N2C(=O)C(NC(=O)C(=NOCC(=O)O)c3csc(N)n3)C2SC1,1
Clc1ccc(C(Cn2ccnc2)OCc2ccsc2Cl)c(Cl)c1,1
CN(C(=O)CN(CCO)CC(=O)N(C)C(C)(C)Cc1ccccc1)C(C)(C)Cc1ccccc1,1
Clc1ccc(COC(Cn2ccnc2)c2ccc(Cl)cc2Cl)cc1,1
CCCCCCCCCCCCCCCC[N+](C)(C)CCN(Cc1ccc(OC)cc1)c1ncccn1,1
CC1COc2c(N3CCN(C)CC3)c(F)cc3c(=O)c(C(=O)O)cn1c23,1
CN(N=O)C(=O)NC1C(O)OC(CO)C(O)C1O,1
CN(C)C1C(=O)C(C(=O)NCNCCCCC(N)C(=O)O)=C(O)C2(O)C(=O)C3=C(O)c4c(O)cccc4C(C)(O)C3CC12,1
CCn1cc(C(=O)O)c(=O)c2cc(F)c(N3CCNCC3)cc21,1
COc1cc(Cc2cnc(N)nc2N)cc(OC)c1OC,1
CCC(C)CCCCC(=O)NC(CCN)C(=O)NC(C(=O)NC(CCN)C(=O)NC1CCNC(=O)C(C(C)O)NC(=O)C(CCN)NC(=O)C(CCN)NC(=O)C(CC(C)C)NC(=O)C(CC(C)C)NC(=O)C(CCN)NC1=O)C(C)O,1
NC(=O)c1cc[n+](CC2=C(C(=O)O)N3C(=O)C(NC(=O)C(c4ccccc4)S(=O)(=O)[O-])C3SC2)cc1,1
Clc1ccc(CON=C(Cn2ccnc2)c2ccc(Cl)cc2Cl)c(Cl)c1,1
O=c1[nH]c(=O)n(C2CC(O)C(CO)O2)cc1F,1
CC(C)(C)C(=O)OCOC(=O)C1N2C(=O)C(NC(=O)C(N)c3ccccc3)C2SC1(C)C,1
c1ccc(-c2ccc(C(c3ccccc3)n3ccnc3)cc2)cc1,1
CCc1nc(N)nc(N)c1-c1ccc(Cl)cc1,1
CC(C)(C)c1ccc(C(O)CCCN2CCC(C(O)(c3ccccc3)c3ccccc3)CC2)cc1,1
COc1cccc2c1C(=O)c1c(O)c3c(c(O)c1C2=O)CC(O)(C(=O)CO)CC3OC1CC(N)C(O)C(C)O1,1
CCC(c1ccc(O)cc1)C(CC)c1ccc(O)cc1,1
CCn1cc(C(=O)O)c(=O)c2cc(F)c(N3CCN(C)CC3)cc21,1
NCc1ccc(S(N)(=O)=O)cc1,1
CC=C(C(=CC)c1ccc(O)cc1)c1ccc(O)cc1,1
NC(C(=O)NC1C(=O)N2C(C(=O)O)=C(Cl)CSC12)c1ccccc1,1
Clc1ccc(CCC(Cn2ccnc2)Sc2c(Cl)cccc2Cl)cc1,1
COc1cc(C(=O)NS(=O)(=O)c2ccccc2C)ccc1Cc1cn(C)c2ccc(NC(=O)OC3CCCC3)cc12,1
CCOC(=O)C1=C(C)NC(C)=C(C(=O)OC)C1c1cccc(Cl)c1Cl,1
CCC(=C(c1ccccc1)c1ccc(OCCN(C)C)cc1)c1ccccc1,1
COc1cc(C2c3cc4c(cc3C(OC3OC5COC(C)OC5C(O)C3O)C3COC(=O)C23)OCO4)cc(OC)c1O,1
Clc1ccc(C(Cn2ccnc2)OCc2csc3c(Cl)cccc23)c(Cl)c1,1
Cc1cc(C=Cc2ccc3cc(N(C)C)ccc3[n+]2C)c(C)n1-c1ccccc1,1
CCOC(=O)N1CCC(=C2c3ccc(Cl)cc3CCc3cccnc32)CC1,1
Clc1ccc(Cn2c(CN3CCCC3)nc3ccccc32)cc1,1
CCC(=C(CC)c1ccc(O)cc1)c1ccc(O)cc1,1
CC1(Cn2ccnn2)C(C(=O)O)N2C(=O)CC2S1(=O)=O,1
Clc1ccc(CSC(Cn2ccnc2)c2ccc(Cl)cc2Cl)cc1,1
O=C(O)Cc1cc(I)c(Oc2ccc(O)c(I)c2)c(I)c1,1
CC(C)COCC(CN(Cc1ccccc1)c1ccccc1)N1CCCC1,1
OC(c1cc(C(F)(F)F)nc2c(C(F)(F)F)cccc12)C1CCCCN1,1
Nc1nc2[nH][nH]nc-2c(=O)n1,1
Cc1c(C)c2c(c(C)c1O)CCC(C)(COc1ccc(CC3SC(=O)NC3=O)cc1)O2,1
CSc1ccc2c(c1)N(CCC1CCCCN1C)c1ccccc1S2,1
C=CCOC(Cn1ccnc1)c1ccc(Cl)cc1Cl,1
Cc1cn(C2CC(N=[N+]=[N-])C(CO)O2)c(=O)[nH]c1=O,1
CN(Cc1cnc2nc(N)nc(N)c2n1)c1ccc(C(=O)NC(CCC(=O)O)C(=O)O)cc1,1
C1CCC(C(CC2CCCCN2)C2CCCCC2)CC1,1
CCN(CC)CCOc1ccc(C(=C(Cl)c2ccccc2)c2ccccc2)cc1,1
NCCC(O)C(=O)NC1CC(N)C(OC2OC(CN)C(O)C(O)C2O)C(O)C1OC1OC(CO)C(O)C(N)C1O,1
NCC1OC(OC2C(N)CC(N)C(OC3OC(CO)C(O)C(N)C3O)C2O)C(N)CC1O,1
CCC(C)C1OC2(C=CC1C)CC1CC(CC=C(C)C(OC3CC(OC)C(OC4CC(OC)C(O)C(C)O4)C(C)O3)C(C)C=CC=C3COC4C(O)C(C)=CC(C(=O)O1)C34O)O2,1
O=c1[nH]c(=O)n(C2CC(O)C(CO)O2)cc1C(F)(F)F,1
O=C1c2c(O)cccc2Cc2cccc(O)c21,1
CCCCC(=O)OC1CCC2C3CCc4cc(O)ccc4C3CCC12C,1
CN(C)CCCN1c2ccccc2Sc2ccccc21,1
CCN(CC)C(C)CN1c2ccccc2Sc2ccccc21,1
CN1CCN(c2c(F)cc3c(=O)c(C(=O)O)cn(CCF)c3c2F)CC1,1
CC(=O)N1CCN(c2ccc(OCC3COC(Cn4ccnc4)(c4ccc(Cl)cc4Cl)O3)cc2)CC1,1
O=C1Nc2ccc(Cl)cc2C(C#CC2CC2)(C(F)(F)F)O1,1
COc1ccc(CCN2CCC(Nc3nc4ccccc4n3Cc3ccc(F)cc3)CC2)cc1,1
CCN(CC)C(=O)C(C#N)=Cc1cc(O)c(O)c([N+](=O)[O-])c1,1
CC(OC1OCCN(Cc2nc(=O)[nH][nH]2)C1c1ccc(F)cc1)c1cc(C(F)(F)F)cc(C(F)(F)F)c1,1
COc1cc(Br)c(C[N+]2(CCOCCC3CCC4CC3C4(C)C)CCOCC2)cc1OC,1
Cc1c(Cl)cccc1Nc1ccccc1C(=O)O,1
CSc1ccc2c(c1)C(N1CCN(C)CC1)Cc1ccccc1S2,1
CCCCc1oc2ccccc2c1C(=O)c1cc(I)c(OCCN(CC)CC)c(I)c1,1
O=c1oc2ccccc2c(O)c1Cc1c(O)c2ccccc2oc1=O,1
CC(=O)OCC1=C(C(=O)O)N2C(=O)C(N)C2SC1,0
CC12Cc3cn[nH]c3CC1CCC1C2CCC2(C)C1CCC2(C)O,0
CN(C)CCOc1ccc(C(=C(CCCl)c2ccccc2)c2ccccc2)cc1,0
O=C1NCCN1CCN1CCC(c2cn(-c3ccc(F)cc3)c3ccc(Cl)cc23)CC1,0
CN1CCCC(CC2c3ccccc3Sc3ccccc32)C1,0
N#CC(c1ccc(Cl)cc1)c1c(Cl)cc(-n2ncc(=O)[nH]c2=O)cc1Cl,0
CC(C)(O)c1ccccc1CCC(SCC1(CC(=O)O)CC1)c1cccc(C=Cc2ccc3ccc(Cl)cc3n2)c1,0
COc1cc2ncnc(Nc3ccc(F)c(Cl)c3)c2cc1OCCCN1CCOCC1,0
CC(NCCC(c1ccccc1)c1ccccc1)c1ccccc1,0
CN(C)CCC=C1c2ccccc2Sc2ccc(Cl)cc21,0
CCCCCCCCNC(C)C(O)c1ccc(SC(C)C)cc1,0
Cc1cccc(CN2CCN(C(c3ccccc3)c3ccc(Cl)cc3)CC2)c1,0
CNCCCC1c2ccccc2C=Cc2ccccc21,0
CC1C(NC(=O)C(=NOC(C)(C)C(=O)O)c2csc(N)n2)C(=O)N1S(=O)(=O)O,0
CCOC(=O)Nc1ccc2c(c1)N(C(=O)CCN1CCOCC1)c1ccccc1S2,0
Cc1c(OCC(F)(F)F)ccnc1CS(=O)c1nc2ccccc2[nH]1,0
C=C1C(=CC=C2CCCC3(C)C2CCC3C(C)CCCC(C)C)CC(O)CC1O,0
CN1CCN(C2=Nc3ccccc3Oc3ccc(Cl)cc32)CC1,0
CN(C)CCOC1=Cc2ccccc2Sc2ccc(Cl)cc21,0
O=c1[nH]c2ccccc2n1C1CCN(CCCC(c2ccc(F)cc2)c2ccc(F)cc2)CC1,0
COc1ccc2nc(S(=O)Cc3ncc(C)c(OC)c3C)[nH]c2c1,0
CC(CN(C)C)CN1c2ccccc2Sc2ccccc21,0
Cn1cnc([N+](=O)[O-])c1Sc1ncnc2nc[nH]c12,0
OCCN1CCN(CCC=C2c3ccccc3Sc3ccc(Cl)cc32)CC1,0
Cc1cc(-n2c(=O)[nH]c(=O)n(C)c2=O)ccc1Oc1ccc(SC(F)(F)F)cc1,0
CNC1C(OC2OC(CO)C(N)C(O)C2O)OC2CC(N)C(OC3C(N)CC(N)C(O)C3O)OC2C1O,0
CN(Cc1ccc(C(C)(C)C)cc1)Cc1cccc2ccccc12,0
CCN(CC)CCNc1ccc(CO)c2sc3ccccc3c(=O)c12,0
CCCCC(CC)CN1CN(CC(CC)CCCC)CC(C)(N)C1,0
CC1OC(OC2C(CO)OC(OC3C(CO)OC(O)C(O)C3O)C(O)C2O)C(O)C(O)C1NC1C=C(CO)C(O)C(O)C1O,0
COc1ccc(-c2cc(=S)ss2)cc1,0
CCOC(=O)C1=C(C)NC(C)=C(C(=O)OCC)C1c1ccccc1C=CC(=O)OC(C)(C)C,0
COCCCOc1ccnc(CS(=O)c2nc3ccccc3[nH]2)c1C,0
C=C(CC)C(=O)c1ccc(OCC(=O)O)c(Cl)c1Cl,0
CN1CCC(=C2c3ccccc3Sc3ccccc32)CC1,0
CN1CCN(CCCN2c3ccccc3Sc3ccc(C(F)(F)F)cc32)CC1,0
CN1CCN(CCCN2c3ccccc3Sc3ccc(Cl)cc32)CC1,0
CN(C)CCCN1c2ccccc2Sc2ccc(Cl)cc21,0
COc1ccc(C(Cl)=C(c2ccc(OC)cc2)c2ccc(OC)cc2)cc1,0
CC(CN1c2ccccc2Sc2ccccc21)N(C)C,0
CC[N+](C)(CC)CCC[n+]1c(-c2ccccc2)c2cc(N)ccc2c2ccc(N)cc21,0
CNC1C(O)C(NC)C2OC3(O)C(=O)CC(C)OC3OC2C1O,0
Cc1cccc(N(C)C(=S)Oc2ccc3ccccc3c2)c1,0
CCC(C)C1OC2(CCC1C)CC1CC(CC=C(C)C(OC3CC(OC)C(OC4CC(OC)C(O)C(C)O4)C(C)O3)C(C)C=CC=C3COC4C(O)C(C)=CC(C(=O)O1)C34O)O2,0
CCCCN(CCCC)CCC(O)c1cc2c(Cl)cc(Cl)cc2c2cc(C(F)(F)F)ccc12,0
CCN(CC)CCCC(C)Nc1c2ccc(Cl)cc2nc2ccc(OC)cc12,0
O=c1[nH]c(=O)n(C2CC(O)C(CO)O2)cc1I,0
COCCOC(=O)C1=C(C)NC(C)=C(C(=O)OCC=Cc2ccccc2)C1c1cccc([N+](=O)[O-])c1,0
Cc1ccc(Cl)c(Nc2ccccc2C(=O)O)c1Cl,0
OCCN1CCN(CCCN2c3ccccc3Sc3ccc(C(F)(F)F)cc32)CC1,0
CC=CCC(C)C(O)C1C(=O)NC(CC)C(=O)N(C)CC(=O)N(C)C(CC(C)C)C(=O)NC(C(C)C)C(=O)N(C)C(CC(C)C)C(=O)NC(C)C(=O)NC(C)C(=O)N(C)C(CC(C)C)C(=O)N(C)C(CC(C)C)C(=O)N(C)C(C(C)C)C(=O)N1C,0
CC(Cc1ccccc1)NCCC(c1ccccc1)c1ccccc1,0
CCOc1ccc(Cc2nccc3cc(OCC)c(OCC)cc23)cc1OCC,0
CCCCc1ccc2nc(NC(=O)OC)[nH]c2c1,0
CC1(C)C(C(=O)O)N2C(=O)CC2S1(=O)=O,0
CCn1cc(C(=O)O)c(=O)c2ccc(C)nc21,0
CNC1C(OC2C(OC3C(O)C(O)C(N=C(N)N)C(O)C3N=C(N)N)OC(C)C2(O)CO)OC(CO)C(O)C1O,0
CCn1cc(C(=O)O)c(=O)c2cc3c(cc21)OCO3,0
CCn1nc(C(=O)O)c(=O)c2cc3c(cc21)OCO3,0
Clc1cc(Cl)c(OCC#CI)cc1Cl,0
CC(C)(C)NC(=O)C1CC2CCCCC2CN1CC(O)C(Cc1ccccc1)NC(=O)C(CC(N)=O)NC(=O)c1ccc2ccccc2n1,0
CCOC(=O)c1cncn1C(C)c1ccccc1,0
CCSc1ccc2c(c1)N(CCCN1CCN(C)CC1)c1ccccc1S2,0
CN1CCCC(n2nc(Cc3ccc(Cl)cc3)c3ccccc3c2=O)CC1,0
OCCN1CCN(CCCN2c3ccccc3Sc3ccc(Cl)cc32)CC1,0
CCCc1nc2c(C)cc(-c3nc4ccccc4n3C)cc2n1Cc1ccc(-c2ccccc2C(=O)O)cc1,0
CCCc1nc(C)c2c(=O)nc(-c3cc(S(=O)(=O)N4CCN(CC)CC4)ccc3OCC)[nH]n12,0
CC(=O)OC1CC2CCC3C(CCC4(C)C3CC([N+]3(C)CCCCC3)C4OC(C)=O)C2(C)CC1N1CCCCC1,0
S=c1nc[nH]c2nc[nH]c12,0
O=C(O)c1ccccc1Nc1cccc(C(F)(F)F)c1,0
CCCCCCC[N+](CC)(CC)CCCCc1ccc(Cl)cc1,0
Cc1cccc(C)c1NC(=O)CN1CCN(CCCC(c2ccc(F)cc2)c2ccc(F)cc2)CC1,0
CN(C)CCC=C1c2ccccc2C=Cc2ccccc21,0
COc1ccc2[nH]c(S(=O)Cc3ncc(C)c(OC)c3C)nc2n1,0
CCCC(C(=O)OCCN(CC)CC)(c1ccccc1)c1ccccc1,0
CNC(C)C1CCC(N)C(OC2C(N)CC(N)C(OC3OCC(C)(O)C(NC)C3O)C2O)O1,0
CCn1cc(C(=O)O)c(=O)c2cnc(N3CCNCC3)nc21,0
CCN(CC)Cc1cc(Nc2ccnc3cc(Cl)ccc23)ccc1O,0
NC(=O)c1ncn(C2OC(CO)C(O)C2O)n1,0
CNC1CCC(c2ccc(Cl)c(Cl)c2)c2ccccc21,0
O=C1CCc2ccc(OCCCCN3CCN(c4cccc(Cl)c4Cl)CC3)cc2N1,0
CN1CC2c3ccccc3Oc3ccc(Cl)cc3C2C1,0
COC1=C(OC)C(=O)C(CCCCCCCCCCO)=C(C)C1=O,0
Nc1nc(Cl)nc2c1ncn2C1CC(O)C(CO)O1,0
C(=Cc1ccccc1)CN1CCN(C(c2ccccc2)c2ccccc2)CC1,0
CC#CC1(O)CCC2C3CCC4=CC(=O)CCC4=C3C(c3ccc(N(C)C)cc3)CC21C,0
COc1cc(C)nc(-n2nc(C)cc2OC)n1,0
Nc1nc(=S)c2ncn(C3OC(CO)C(O)C3O)c2[nH]1,0
Fc1ccc(C(OCCN2CCN(CCCc3ccccc3)CC2)c2ccc(F)cc2)cc1,0
NC(Cc1cc(I)c(Oc2cc(I)c(O)c(I)c2)c(I)c1)C(=O)O,0
CC(=O)N(CC(O)CO)c1c(I)c(C(=O)NCC(O)CO)c(I)c(C(=O)NCC(O)CO)c1I,0
CN1CCCCC1CCN1c2ccccc2Sc2ccc(S(C)=O)cc21,0
O=[N+]([O-])OC1COC2C(O[N+](=O)[O-])COC12,0
CCC(C)(C)C(=O)OC1CC(C)C=C2C=CC(C)C(CCC3CC(O)CC(=O)O3)C21,0
CNC1CC(c2ccc(Cl)c(Cl)c2)c2ccccc21,0
CC(C)(C)C(=O)OCOC(=O)C1N2C(=O)C(N=CN3CCCCCC3)C2SC1(C)C,0
O=C(O)C1C(=CCO)OC2CC(=O)N21,0
CC1=C(C(=O)O)N2C(=O)C(NC(=O)C(N)c3ccc(O)cc3)C2SC1,0
CNC1C(O)C(OC2C(N)CC(N)C(OC3OC(CN)=CCC3N)C2O)OCC1(C)O,0
COC(=O)Nc1nc2ccc(Sc3ccccc3)cc2[nH]1,0
CCCSc1ccc2nc(NC(=O)OC)[nH]c2c1,0
O=C1C(=O)c2ccccc2C(O)=C1C1CCC(c2ccc(Cl)cc2)CC1,0
Clc1ccc2c(c1)C(N1CCNCC1)=Nc1ccccc1O2,0
CC(=O)CC(c1ccc([N+](=O)[O-])cc1)c1c(O)oc2ccccc2c1=O,0
O=C(CCCN1CCC(O)(c2ccc(Cl)cc2)CC1)c1ccc(F)cc1,0
CCOC(=O)C1=C(COCCN)NC(C)=C(C(=O)OC)C1c1ccccc1Cl,0
C#Cc1cccc(Nc2ncnc3cc(OCCOC)c(OCCOC)cc23)c1,0
Nc1ccn(C2OC(CO)C(O)C2(F)F)c(=O)n1,0
CCc1ccc(CCOc2ccc(CC3SC(=O)NC3=O)cc2)nc1,0
O=C(OCCOCCO)c1ccccc1Nc1cccc(C(F)(F)F)c1,0
CN(C)C(=O)C(CCN1CCC(O)(c2ccc(Cl)cc2)CC1)(c1ccccc1)c1ccccc1,0
Clc1ccc(C(c2ccccc2Cl)C(Cl)Cl)cc1,0
CNCC(O)c1ccc(O)c(O)c1,0
Cc1cccn2c(=O)c(-c3nn[nH]n3)cnc12,0
Nc1nc2ccc(OC(F)(F)F)cc2s1,0
CN1CC(CNC(=O)OCc2ccccc2)CC2c3cccc4c3c(cn4C)CC21,0
COC(=O)C1=C(C)NC(C)=C(C(=O)OCCN(C)Cc2ccccc2)C1c1cccc([N+](=O)[O-])c1,0
CC12CCC(=O)C=C1CCC1C2C(O)CC2(C)C1CCC2(O)C(=O)CO,0
CN1CCc2c(c3ccccc3n2Cc2ccccc2)C1,0
CNCCC=C1c2ccccc2C=Cc2ccccc21,0
CN(C)CCCN1c2ccccc2Sc2ccc(C(F)(F)F)cc21,0
CC(=O)c1ccc2c(c1)N(CCCN(C)C)c1ccccc1S2,0
Nc1nc(=O)c2nc(CNc3ccc(C(=O)NC(CCC(=O)O)C(=O)O)cc3)cnc2[nH]1,0
Cc1oncc1C(=O)Nc1ccc(C(F)(F)F)cc1,0
OC(CCN1CCCCC1)(c1ccccc1)c1ccccc1,0
CC1(C(=O)O)CCC2(C)CCC3(C)C(=CC(=O)C4C5(C)CCC(OC(=O)CCC(=O)O)C(C)(C)C5CCC43C)C2C1,0
O=C1NCN(c2ccccc2)C12CCN(CCCC(c1ccc(F)cc1)c1ccc(F)cc1)CC2,0
CC1(C)NC(=O)N(c2ccc([N+](=O)[O-])c(C(F)(F)F)c2)C1=O,0
C#CC1(O)CCC2C3CCC4=CCCCC4C3CCC21C,0
Cc1c(Nc2ncccc2C(=O)O)cccc1C(F)(F)F,0
NC1CONC1=O,0
NCC1OC(OC2C(N)CC(N)C(O)C2OC2OC(CO)C(O)C2O)C(N)C(O)C1O,0
Nc1[nH]c(=O)ncc1F,0
COP(=O)(OC)C(O)C(Cl)(Cl)Cl,0
CCN(CC)C(=S)SSC(=S)N(CC)CC,0
CC1CCC2C(C)C(=O)OC3OC4(C)CCC1C32OO4,0
CN(C(=O)C(Cl)Cl)c1ccc(O)cc1,0
CC(C)Cn1cnc2c(N)nc3ccccc3c21,0
Nc1nc(NC2CC2)c2ncn(C3C=CC(CO)C3)c2n1,0
Nc1ncnc2c1ncn2C1OC(CO)C(O)C1O,0
CN1CCc2cccc3c2C1Cc1ccc(O)c(O)c1-3,0
CN1C2CCC1CC(OC1c3ccccc3CCc3ccccc31)C2,0
CCOC1OC(C(COCc2ccccc2)OCc2ccccc2)C(OCc2ccccc2)C1O,0
CN1CCC(=C2c3ccccc3C=Cc3ccccc32)CC1,0
NC(N)=Nc1nc(CSCCC(N)=NS(N)(=O)=O)cs1,0
CCC(Cc1c(I)cc(I)c(N)c1I)C(=O)O,0
O=C(NCCO[N+](=O)[O-])c1cccnc1,0
O=C(O)CCc1nc(-c2ccccc2)c(-c2ccccc2)o1,0
CC[N+](C)(CC)CCOC(=O)C1c2ccccc2Oc2ccccc21,0
COC(=O)Nc1nc2ccc(SC(C)C)cc2[nH]1,0
CC(C)(C(=O)O)c1ccc(C(O)CCCN2CCC(C(O)(c3ccccc3)c3ccccc3)CC2)cc1,0
CCc1nn(CCCN2CCN(c3cccc(Cl)c3)CC2)c(=O)n1CCOc1ccccc1,0
CN(C)CCC(c1ccc(Cl)cc1)c1ccccn1,0
Cn1nnc2c(C(N)=O)ncn2c1=O,0
O=C1Cc2cc(CCN3CCN(c4nsc5ccccc45)CC3)c(Cl)cc2N1,0
COc1ccccc1Oc1c(NS(=O)(=O)c2ccc(C(C)(C)C)cc2)nc(-c2ncccn2)nc1OCCO,0
O=C(O)Cc1sc(-c2ccccc2)nc1-c1ccc(Cl)cc1,0
COc1ccccc1OCCNCC(O)COc1cccc2[nH]c3ccccc3c12,0
O=C(Nc1cccc2c(=O)cc(-c3nn[nH]n3)oc12)c1ccc(OCCCCc2ccccc2)cc1,0
OCCOCCN1CCN(C2=Nc3ccccc3Sc3ccccc32)CC1,0
CNS(=O)(=O)Cc1ccc2[nH]cc(CCN(C)C)c2c1,0
CC(c1cc2ccccc2s1)N(O)C(N)=O,0
CCOC(=O)C=C(C)C=CC=C(C)C=Cc1c(C)cc(OC)c(C)c1C,0
C#CC1(OC(C)=O)CCC2C3CCC4=CC(=NO)CCC4C3CCC21CC,0
Nc1nc(F)nc2c1ncn2C1OC(CO)C(O)C1O,0
CCCCCCCN(CC)CCCC(O)c1ccc(NS(C)(=O)=O)cc1,0
NC(=O)C(c1ccccc1)(c1ccccc1)C1CCN(CCc2ccc3c(c2)CCO3)C1,0
N#Cc1ccc(C2CCCc3cncn32)cc1,0
CC(=O)OC1C(=O)C2(C)C(O)CC3OCC3(OC(C)=O)C2C(OC(=O)c2ccccc2)C2(O)CC(OC(=O)C(O)C(NC(=O)c3ccccc3)c3ccccc3)C(C)=C1C2(C)C,0
CCN(CCCc1ccccc1)CCCc1ccccc1,0
CS(=O)(=O)Nc1ccc([N+](=O)[O-])cc1Oc1ccccc1,0
CCCNC(C)C(=O)Nc1ccccc1C,0
O=C(O)CCC(=O)c1ccc(-c2ccccc2)cc1,0
CCCCOc1ccc(CC(=O)NO)cc1,0
CN(C)CCCN1c2ccccc2CCc2ccc(Cl)cc21,0
O=C(CCCN1CCC2(CC1)C(=O)NCN2c1ccccc1)c1ccc(F)cc1,0
O=C1N=C(O)CN1N=Cc1ccc(-c2ccc([N+](=O)[O-])cc2)o1,0
O=c1n(CCCN2CCN(c3cccc(Cl)c3)CC2)nc2ccccn12,0
O=C(OCC(O)CO)c1ccccc1Nc1ccnc2cc(Cl)ccc12,0
CN(C)CCCOc1nn(Cc2ccccc2)c2ccccc12,0
Fc1ccc(C(c2ccc(F)cc2)N2CCN(CC=Cc3ccccc3)CC2)cc1,0
CC(Cc1cccc(C(F)(F)F)c1)NCCOC(=O)c1ccccc1,0
CC(C)NCC(O)COc1ccc(CCOCC2CC2)cc1,0
CCC(=O)OC1CCC2C3CCC4=CC(=O)CCC4(C)C3CCC12C,0
CC1OC(OC2C(O)CC(OC3C(O)CC(OC4CCC5(C)C(CCC6C5CC(O)C5(C)C(C7=CC(=O)OC7)CCC65O)C4)OC3C)OC2C)CC(O)C1O,0
CCN(CC)CCOC(=O)C1(C2CCCCC2)CCCCC1,0
O=C(CCCN1CCC(O)(c2ccc(Br)cc2)CC1)c1ccc(F)cc1,0
O=C1c2ccccc2C(=O)C1c1ccccc1,0
CC1CC2C3CCC4=CC(=O)C=CC4(C)C3(Cl)C(O)CC2(C)C1(OC(=O)c1ccco1)C(=O)CCl,0
CN(C)NN=C1N=CN=C1C(N)=O,0
CCC12CCCN3CCc4c(n(c5ccccc45)C(=O)C1)C32,0
CN(CCCCCCCCCCN(C)C(=O)Oc1cccc([N+](C)(C)C)c1)C(=O)Oc1cccc([N+](C)(C)C)c1,0
CCCCc1cc2ccccc2c(OCCN(C)C)n1,0
CC12CCC3c4ccc(OS(=O)(=O)O)cc4CCC3C1CCC2=O,0
CC(C)c1c(CN(C)C(C)Cc2ccccc2)n(C)n(-c2ccccc2)c1=O,0
CN1CCN(C(c2ccccc2)c2ccc(Cl)cc2)CC1,0
CC(=O)C1(O)CCC2C3CC(C)C4=CC(=O)C=CC4(C)C3(F)C(O)CC21C,0
CCCCOC(=O)c1ccc(N)cc1,0
NC(N)=NCC1COC2(CCCCC2)O1,0
COc1ccc2c(c1)N(CC(C)CN(C)C)c1ccccc1S2,0
CC(=O)N(CC(C)C(=O)O)c1c(I)cc(I)c(N)c1I,0
COc1cc2nc(N3CCN(C(=O)C4COc5ccccc5O4)CC3)nc(N)c2cc1OC,0
O=C(c1ccc(OCCN2CCCCC2)cc1)c1c(-c2ccc(O)cc2)sc2cc(O)ccc12,0
Nc1ncn(C2OC(CO)C(O)C2O)c(=O)n1,0
COC(=O)C1C2CC3c4[nH]c5cc(OC)ccc5c4CCN3CC2CC(OC(=O)c2cc(OC)c(OC)c(OC)c2)C1OC,0
COCCOC(=O)C1=C(C)NC(C)=C(C(=O)OC(C)C)C1c1cccc([N+](=O)[O-])c1,0
OCc1cc(C(O)CNCCCCCCOCCCCc2ccccc2)ccc1O,0
COc1ccccc1N1CCN(CC(O)COc2cccc3ccccc23)CC1,0
COc1ccc2c(c1)C(=O)N(CCc1ccc(S(=O)(=O)NC(=O)NC3CCCCC3)cc1)C(=O)C2(C)C,0
CN1CCC(=C2c3ccccc3CCc3sccc32)CC1,0
NS(=O)(=O)c1cc2c(cc1Cl)NC(CC1CCCC1)NS2(=O)=O,0
CNc1ncnc2c1ncn2C1OC(CO)C(O)C1O,0
CN(C)CCCOC1C(C(O)CO)OC2OC(C)(C)OC21,0
O=c1cc(-c2ccc(O)c(O)c2)oc2cc(O)cc(O)c12,0
CCCCOC(=O)c1ccc(O)cc1,0
CCCCNc1c(C(=O)OCC)c(C)nc2c1cnn2CC,0
COc1cc(NS(=O)(=O)c2ccc(N)cc2)ncn1,0
CCCOc1ccc2nc(NC(=O)OC)[nH]c2c1,0
NC(N)=NS(=O)(=O)c1ccc(N)cc1,0
NCCCC(N)CC(=O)NC1CNC(=O)C(C2CC(O)N=C(N)N2)NC(=O)C(=CNC(N)=O)NC(=O)C(CO)NC(=O)C(CO)NC1=O,0
Nc1ccc(C(=O)O)c(O)c1,0
C1N2CN3CN1CN(C2)C3,0
CCCc1cc(C(N)=S)ccn1,0
CC(=O)NS(=O)(=O)c1ccc(N)cc1,0
NCC1OC(OC2C(CO)OC(OC3C(O)C(N)CC(N)C3OC3OC(CN)C(O)C(O)C3N)C2O)C(N)C(O)C1O,0
Nc1ccc(S(=O)(=O)Nc2nccs2)cc1,0
NNC(=O)c1ccncc1,0
Cc1cc(NS(=O)(=O)c2ccc(N)cc2)no1,0
Nc1ccc(S(=O)(=O)Nc2ccnn2-c2ccccc2)cc1,0
Nc1ccc(S(=O)(=O)Nc2ncccn2)cc1,0
CCC(CO)NCCNC(CC)CO,0
CNC1C(OC2C(OC3C(O)C(O)C(N=C(N)N)C(O)C3N=C(N)N)OC(C)C2(O)C=O)OC(CO)C(O)C1O,0
Cc1noc(NS(=O)(=O)c2ccc(N)cc2)c1C,0
Nc1ccc(S(=O)(=O)c2ccc(N)cc2)cc1,0
NCC1OC(OC2C(N)CC(N)C(OC3OC(CO)C(O)C(N)C3O)C2O)C(O)C(O)C1O,0
NC(=O)c1cnccn1,0
CCc1cc(C(N)=S)ccn1,0
Cc1ccnc(NS(=O)(=O)c2ccc(N)cc2)n1,0
O=C(O)CCC(=O)Nc1ccc(S(=O)(=O)Nc2nccs2)cc1,0
COc1ccc(NS(=O)(=O)c2ccc(N)cc2)nn1,0
COc1cc(NS(=O)(=O)c2ccc(N)cc2)nc(OC)n1,0
Nc1ccc(S(N)(=O)=O)cc1,0
Cc1nnc(NS(=O)(=O)c2ccc(N)cc2)s1,0
Nc1ccc(S(=O)(=O)Nc2ccccn2)cc1,0
COc1cnc(NS(=O)(=O)c2ccc(N)cc2)nc1,0
Cc1cc(C)nc(NS(=O)(=O)c2ccc(N)cc2)n1,0
CCn1cc(C(=O)O)c(=O)c2cnc(N3CCCC3)nc21,0
NCC1OC(OC2C(CO)OC(OC3C(O)C(N)CC(N)C3OC3OC(CO)C(O)C(O)C3N)C2O)C(N)C(O)C1O,0
O=C(O)c1ccccc1C(=O)Nc1ccc(S(=O)(=O)Nc2nccs2)cc1,0
Nc1ccccc1S(N)(=O)=O,0
CN(CC=Cc1ccccc1)Cc1cccc2ccccc12,0
CCC(C)n1ncn(-c2ccc(N3CCN(c4ccc(OCC5COC(Cn6cncn6)(c6ccc(Cl)cc6Cl)O5)cc4)CC3)cc2)c1=O,0
COc1cccc(N(C)C(=S)Oc2ccc3c(c2)CCCC3)n1,0
OC(Cn1cncn1)(Cn1cncn1)c1ccc(F)cc1F,0
CC(c1ncncc1F)C(O)(Cn1cncn1)c1ccc(F)cc1F,0
COC1=CC(=O)CC(C)C12Oc1c(Cl)c(OC)cc(OC)c1C2=O,0
NC(=O)OCC(O)COc1ccc(Cl)cc1,0
CC1C=CC=CC=CC=CC=CC=CC=CC(OC2OC(C)C(O)C(N)C2O)CC2OC(O)(CC(O)CC(O)C(O)CCC(O)CC(O)CC(=O)OC(C)C(C)C1O)CC(O)C2C(=O)O,0
CC(C)N1CCN(c2ccc(OCC3COC(Cn4cncn4)(c4ccc(Cl)cc4Cl)O3)cc2)CC1,0
CC1C=CC=CCCC=CC=CC=CC=CC(OC2OC(C)C(O)C(N)C2O)CC2OC(O)(CC(O)C(O)CCC(O)CC(O)CC(O)CC(=O)OC(C)C(C)C1O)CC(O)C2C(=O)O,0
c1ccc2[nH]c(-c3cscn3)nc2c1,0
Cc1cc(C2CCCCC2)n(O)c(=O)c1,0
COC(=O)Nc1nc2ccc(C(=O)c3ccc(F)cc3)cc2[nH]1,0
c1ccc(C2CN3CCSC3=N2)cc1,0
CN1CCCN=C1C=Cc1cccs1,0
COC(=O)Nc1nc2ccc(C(=O)c3ccccc3)cc2[nH]1,0
O=C(C1CCCCC1)N1CC(=O)N2CCc3ccccc3C2C1,0
CCN(CC)C(=O)N1CCN(C)CC1,0
O=C(O)c1cc2ccccc2c(Cc2c(O)c(C(=O)O)cc3ccccc23)c1O,0
C[N+](C)(CCOc1ccccc1)Cc1ccccc1,0
CCN(CCO)CCCC(C)Nc1ccnc2cc(Cl)ccc12,0
C=CC1CN2CCC1CC2C(O)c1ccnc2ccc(OC)cc12,0
COc1cc(NC(C)CCCN)c2ncccc2c1,0
CCN(CC)CCCC(C)Nc1ccnc2cc(Cl)ccc12,0
O=C(Cn1ccnc1[N+](=O)[O-])NCCO,0
CNCC(O)C(O)C(O)C(O)CO,0
CC(C)N=C(N)N=C(N)Nc1ccc(Cl)cc1,0
Nc1ccc(S(=O)(=O)NC(=O)c2ccccc2)cc1,0
Nc1ccn(C2CCC(CO)O2)c(=O)n1,0
CC(=O)OCC(CCn1cnc2cnc(N)nc21)COC(C)=O,0
Cc1cn(C2C=CC(CO)O2)c(=O)[nH]c1=O,0
Nc1ccn(C2CSC(CO)O2)c(=O)n1,0
CC(N)C12CC3CC(CC(C3)C1)C2,0
Nc1nc(=O)c2ncn(CCC(CO)CO)c2[nH]1,0
CC(C)C(N)C(=O)OCCOCn1cnc2c(=O)nc(N)[nH]c21,0
O=c1nc[nH]c2c1ncn2C1CCC(CO)O1,0
Nc1nc(=O)n(C2CSC(CO)O2)cc1F,0
COc1cc(C2c3cc4c(cc3C(O)C3COC(=O)C23)OCO4)cc(OC)c1OC,0
Nc1nc(=O)c2ncn(COC(CO)CO)c2[nH]1,0
N=C(N=C(N)N)N1CCOCC1,0
Nc1nc(=O)c2ncn(COCCO)c2[nH]1,0
COC(=O)Nc1nc2ccc(C(=O)c3cccs3)cc2[nH]1,0
CC(=O)OCC(=O)C1CCC2C3CCC4CC(O)CCC4(C)C3C(=O)CC12C,0
CC(=O)C1CCC2C3CCC4CC(O)CCC4(C)C3C(=O)CC12C,0
CCCC1C(=O)N2C(N(C)C)=Nc3ccc(C)cc3N2C1=O,0
CCC1(c2cccc(O)c2)CCCCN(C)C1,0
CC12CCC3C(CCC4CC5SC5CC43C)C1CCC2O,0
CCN(CC)c1cc(C)nc2ncnn12,0
O=S(=O)(O)c1cc(O)ccc1O,0
COc1nc(C)nc(Cl)c1NC1=NCCN1,0
CCNCC(O)c1cccc(O)c1,0
CCCCCC(O)C=CC1C(O)CC(=O)C1CCCCCCC(=O)O,0
CCC(=O)C1(C)C(C)CC2C3CCC4=CC(=O)C=CC4(C)C3C(O)CC21C,0
COC(=O)C1=C(C)NC(C)=C(C(=O)OC(C)C)C1c1cccc2nonc12,0
CNC(C)CCC=C(C)C,0
N#Cc1ccc(C(c2ccc(C#N)cc2)n2cncn2)cc1,0
Cc1cccc(C)c1NC(=O)C(C)N,0
Cc1nc2n(c(=O)c1CCN1CCC(c3noc4cc(F)ccc34)CC1)CCCC2,0
Cc1cccc(Nc2ccncc2S(=O)(=O)NC(=O)NC(C)C)c1,0
CCCNC(C)C(=O)Nc1c(C)csc1C(=O)OC,0
CC(=O)OC1(C(C)=O)CCC2C3C=C(C)C4=CC(=O)CCC4C3CCC21C,0
CC(=O)OC1CC2CCC3C(CCC4(C)C3CC([N+]3(C)CCCCC3)C4OC(C)=O)C2(C)CC1[N+]1(C)CCCCC1,0
CCc1c(C)[nH]c2c1C(=O)C(CN1CCOCC1)CC2,0
C=CC[N+]12CCC34c5ccccc5N5C=C6C7CC8C9(CC[N+]8(CC=C)CC7=CCO)c7ccccc7N(C=C(C(CC31)C(=CCO)C2)C54)C69,0
CCOC(=O)C(C)(N)Cc1ccc(O)c(O)c1,0
CC1CN(C2CCC(C#N)(c3ccc(F)cc3)CC2)CCC1(C(=O)O)c1ccccc1,0
CC[N+](CC)(CC)CCC(O)(c1ccccc1)C1CCCCC1,0
CC(C)(C)NCC(O)COc1ccccc1C1CCCC1,0
CCOC(=O)OC1(C(=O)COC(=O)CC)CCC2C3CCC4=CC(=O)C=CC4(C)C3C(O)CC21C,0
CCOc1cc(CC(=O)NC(CC(C)C)c2ccccc2N2CCCCC2)ccc1C(=O)O,0
NS(=O)(=O)c1cc(C(=O)O)cc(N2CCCC2)c1Oc1ccccc1,0
CCCCC1C(=O)N(c2ccccc2)N(c2ccc(O)cc2)C1=O,0
C#CC1(O)CCC2C3CCC4=Cc5oncc5CC4(C)C3CCC21C,0
CCC1NC(=O)c2cc(S(N)(=O)=O)c(Cl)cc2N1,0
CCN1CCCC(OC(=O)C(c2ccccc2)c2ccccc2)C1,0
C=CCOc1ccccc1OCC(O)CNC(C)C,0
Cc1nccn1CC1CCc2c(c3ccccc3n2C)C1=O,0
CCCOc1cc(N)ccc1C(=O)OCCN(CC)CC,0
CN1C(=O)CC(c2ccccc2)C1=O,0
CNC(=O)c1c(I)c(C(=O)NCC(=O)Nc2c(I)c(C(=O)O)c(I)c(C(=O)NCCO)c2I)c(I)c(N(C)C(C)=O)c1I,0
CCCNC(C)(C)COC(=O)c1ccccc1,0
Cc1[nH]c(=O)c(C#N)cc1-c1ccncc1,0
Nc1ccc(O)c(C(=O)O)c1,0
CC(C[N+](C)(C)C)OC(N)=O,0
CC(=O)OC1(C(C)=O)CCC2C3C=C(Cl)C4=CC(=O)C5CC5C4(C)C3CCC21C,0
CC(C)NCC(O)COc1cccc2ccccc12,0
CC(C)(Oc1ccc(C2CC2(Cl)Cl)cc1)C(=O)O,0
O=C(O)CCCc1ccc(N(CCCl)CCCl)cc1,0
CN1Cc2c(N)cccc2C(c2ccccc2)C1,0
CN1CCC2(C)c3cc(O)ccc3N(C)C12,0
CNCC(O)c1ccc(O)cc1,0
CC12NC(Cc3ccccc31)c1ccccc12,0
CC(=O)NC(CC(=O)NC(CCC(=O)O)C(=O)O)C(=O)O,0
COc1ccccc1OCC(O)CN1CCN(CC(=O)Nc2c(C)cccc2C)CC1,0
CN(C)CCOC(=O)C(c1ccccc1)C1(O)CCCC1,0
CC12CCC3c4ccc(O)cc4CCC3C1CC(O)C2O,0
CC(C)NCC(O)c1ccc(O)c(O)c1,0
O=C(CCNNC(=O)c1ccncc1)NCc1ccccc1,0
Cc1cc2c(cc1S(N)(=O)=O)S(=O)(=O)CCC2,0
CCCC(NC(C)C(=O)N1C(C(=O)O)CC2CCCCC21)C(=O)OCC,0
Cc1c(Cl)cccc1Nc1ncccc1C(=O)O,0
CCOC(=O)C(CCc1ccccc1)NC(C)C(=O)N1C(C(=O)O)CC2CCCC21,0
CCC1(c2ccccc2)NC(=O)N(C)C1=O,0
C=CCN1CCC23c4c5ccc(O)c4OC2C(=O)CCC3(O)C1C5,0
CNC1(C)C2CCC(C2)C1(C)C,0
CNNCc1ccc(C(=O)NC(C)C)cc1,0
CCNC1CC(C)S(=O)(=O)c2sc(S(N)(=O)=O)cc21,0
CC1CC2C3CC(F)C4=CC(=O)C=CC4(C)C3(Cl)C(O)CC2(C)C1C(=O)COC(=O)C(C)(C)C,0
Cc1ccccc1N1C(=O)c2cc(S(N)(=O)=O)c(Cl)cc2NC1C,0
Cc1cnc(C(=O)O)c[n+]1[O-],0
CCOC(=O)C(CCc1ccccc1)NC1CCc2ccccc2N(CC(=O)O)C1=O,0
CCN(CC)C(=O)Nc1ccc(OCC(O)CNC(C)(C)C)c(C(C)=O)c1,0
Nc1ccn(C2OC(CO)C(O)C2O)c(=O)n1,0
Cn1c(=O)c2c(ncn2CC2OCCO2)n(C)c1=O,0
COC(=O)CCc1ccc(OCC(O)CNC(C)C)cc1,0
CN1CCN2c3ncccc3Cc3ccccc3C2C1,0
NC(=O)CS(=O)C(c1ccccc1)c1ccccc1,0
COC(=O)C1=C(C#N)NC(C)=C(C(=O)OC(C)C)C1c1cccc([N+](=O)[O-])c1,0
NC(=O)N1c2ccccc2CC(=O)c2ccccc21,0
CCCN(CCC)CCc1cccc2c1CC(=O)N2,0
CC(C)CC(N(C)C)C1(c2ccc(Cl)cc2)CCC1,0
O=C1CCC2(O)C3Cc4ccc(O)c5c4C2(CCN3CC2CC2)C1O5,0
NS(=O)(=O)Cc1noc2ccccc12,0
COc1cc(C)c(C=CC(C)=CC=CC(C)=CC(=O)O)c(C)c1C,0
O=C(NC(Cc1cc(=O)[nH]c2ccccc12)C(=O)O)c1ccc(Cl)cc1,0
OCCN1CC(O)C(O)C(O)C1CO,0
COc1ccc(C(CN(C)C)C2(O)CCCCC2)cc1,0
Nc1nc(N)nc(-c2cc(Cl)ccc2Cl)n1,0
COc1ccc(C(=O)N2CCCC2=O)cc1,0
CS(=O)(=O)OCCCCOS(C)(=O)=O,0
Oc1ccc2c3c1OC1C(O)CCC4(O)C(C2)N(CC2CCC2)CCC314,0
CC(=O)OC12COC1CC(O)C1(C)C(=O)C(O)C3=C(C)C(OC(=O)C(O)C(NC(=O)OC(C)(C)C)c4ccccc4)CC(O)(C(OC(=O)c4ccccc4)C21)C3(C)C,0
C#CC1(O)CCC2C3C(C)CC4=C(CCC(=O)C4)C3CCC21C,0
Clc1ccc2nsnc2c1NC1=NCCN1,0
CN1C2CCCC1CC(NC(=O)c1nn(C)c3ccccc13)C2,0
COc1ccc(C(=O)NCc2cccnc2)cc1C(=O)NCc1cccnc1,0
CCCc1nc(C(C)(C)O)c(C(=O)O)n1Cc1ccc(-c2ccccc2-c2nn[nH]n2)cc1,0
CC12COC(=O)CC1CCC1C2CCC2(C)C1CCC2(C)O,0
CCC1(O)C(=O)OCc2c1cc1n(c2=O)Cc2cc3c(CN(C)C)c(O)ccc3nc2-1,0
COc1ccc(C=CC(=O)Nc2ccccc2C(=O)O)cc1OC,0
CN(C)CCN(Cc1ccccc1)c1ccccn1,0
CCCCNc1ccc(C(=O)OCCOCCOCCOCCOCCOCCOCCOCCOCCOC)cc1,0
CC12C=CC(=O)C=C1CCC1C3CC(O)C(O)(C(=O)CO)C3(C)CC(O)C12F,0
CC(=O)NC(CS)C(=O)O,0
CC(=O)Oc1ccccc1C(=O)O,0
CC(C)CC1C(=O)N2CCCC2C2(O)OC(NC(=O)C3C=C4c5cccc6[nH]c(Br)c(c56)CC4N(C)C3)(C(C)C)C(=O)N12,0
NCCCC(O)(P(=O)(O)O)P(=O)(O)O,0
O=c1ncnc2[nH][nH]cc1-2,0
CCN1CCCC1CNC(=O)c1cc(S(=O)(=O)CC)c(N)cc1OC,0
CC(C)(C#N)c1cc(Cn2cncn2)cc(C(C)(C)C#N)c1,0
CC1CNc2c(cccc2S(=O)(=O)NC(CCCN=C(N)N)C(=O)N2CCC(C)CC2C(=O)O)C1,0
CC(C)c1c(C(=O)Nc2ccccc2)c(-c2ccccc2)c(-c2ccc(F)cc2)n1CCC(O)CC(O)CC(=O)O,0
CN1C2CCC1CC(OC(c1ccccc1)c1ccccc1)C2,0
CC(O)(CS(=O)(=O)c1ccc(F)cc1)C(=O)Nc1ccc(C#N)c(C(F)(F)F)c1,0
CN(Cc1cc(Br)cc(Br)c1N)C1CCCCC1,0
C=CCC1(CC(C)C)C(=O)NC(=O)NC1=O,0
CCCC[N+]1(C)C2CC(OC(=O)C(CO)c3ccccc3)CC1C1OC12,0
Cn1c(=O)c2c(ncn2C)n(C)c1=O,0
C=C1C(=CC=C2CCCC3(C)C2CCC3C(C)C=CC(O)C2CC2)CC(O)CC1O,0
CCOc1nc2cccc(C(=O)O)c2n1Cc1ccc(-c2ccccc2-c2nn[nH]n2)cc1,0
CC12CCC(=O)C=C1C=CC1C2CCC2(C)C1CCC21CCC(=O)O1,0
C#CC1(O)CCC2C3CCC4=CC(=O)CCC4=C3C=CC21CC,0
COc1ccccc1O,0
CN(C)CCCC1(c2ccc(F)cc2)OCc2cc(C#N)ccc21,0
CCOCCn1c(N2CCCN(C)CC2)nc2ccccc21,0
CC(=O)SC1CC2=CC(=O)CCC2(C)C2CCC3(C)C(CCC34CCC(=O)O4)C12,0
Cc1cccc(C)c1NC(=O)C1CCCCN1C,0
O=C1CC2(CCCC2)CC(=O)N1CCCCN1CCN(c2ncccn2)CC1,0
CCCCCN(C)CCC(O)(P(=O)(O)O)P(=O)(O)O,0
CC(C)C(=O)c1c(C(C)C)nn2ccccc12,0
CN1CCN(CC(=O)N2c3ccccc3C(=O)Nc3cccnc32)CC1,0
Cc1ccc(NC(=O)c2ccc(CN3CCN(C)CC3)cc2)cc1Nc1nccc(-c2cccnc2)n1,0
O=[N+]([O-])OC1COC2C(O)COC12,0
COc1ccc(C(=O)NCc2ccc(OCCN(C)C)cc2)cc1OC,0
NS(=O)(=O)c1cc2c(cc1C(F)(F)F)NCNS2(=O)=O,0
CC(=O)OCC(=O)C1(O)C(C)CC2C3CCC4=CC(=O)C=CC4(C)C3(F)C(O)CC21C,0
CN(C)CCC=C1c2ccccc2COc2ccc(CC(=O)O)cc21,0
CC(C)(N)Cc1ccccc1,0
Cc1cnc(C(=O)NCCc2ccc(S(=O)(=O)NC(=O)NC3CCCCC3)cc2)cn1,0
CCCCC1C(=O)N(c2ccccc2)N(c2ccccc2)C1=O,0
CCCNC1CCc2nc(N)sc2C1,0
CC(C(=O)O)c1ccc2c(c1)Cc1cccnc1O2,0
CCC(C)C(=O)OC1CC(O)C=C2C=CC(C)C(CCC(O)CC(O)CC(=O)O)C21,0
CN(C)C(=O)Oc1ccc[n+](C)c1,0
CCOc1ccccc1OC(c1ccccc1)C1CNCCO1,0
OCCOCCN1CCN(C(c2ccccc2)c2ccc(Cl)cc2)CC1,0
CCN(C)C(=O)Oc1cccc(C(C)N(C)C)c1,0
CS(=O)(=O)c1ccc(C2=C(c3ccccc3)C(=O)OC2)cc1,0
CN(CCOc1ccc(CC2SC(=O)NC2=O)cc1)c1ccccn1,0
COc1ccc(C2Sc3ccccc3N(CCN(C)C)C(=O)C2OC(C)=O)cc1,0
CCCc1nn(C)c2c(=O)nc(-c3cc(S(=O)(=O)N4CCN(C)CC4)ccc3OCC)[nH]c12,0
CC(C)(C)NCC(O)c1ccccc1Cl,0
Clc1ccc(Nc2nnc(Cc3ccncc3)c3ccccc23)cc1,0
CCOc1ccccc1OCC1CNCCO1,0
O=C(CCCCCCC(=O)Nc1ccccc1)NO,0
CC(=O)CC(c1ccccc1)c1c(O)c2ccccc2oc1=O,0
CN1CCN(C(=O)OC2c3nccnc3C(=O)N2c2ccc(Cl)cn2)CC1,0
CCN(C(C)=O)c1cccc(-c2ccnc3c(C#N)cnn23)c1,0
Cc1ccc(-c2cc(C(F)(F)F)nn2-c2ccc(S(N)(=O)=O)cc2)cc1,0
CC(=O)OC1(C(C)=O)CCC2C3C=C(Cl)C4=CC(=O)CCC4(C)C3CCC21C,0
CC(CN(C)C)C(C)(O)Cc1ccc(Cl)cc1,0
O=P(O)(O)C(Cl)(Cl)P(=O)(O)O,0
CCOC(=O)C(C)(C)Oc1ccc(Cl)cc1,0
Clc1ccc2c(c1)CCc1cccnc1C2=C1CCNCC1,0
CCNC(C)Cc1cccc(C(F)(F)F)c1,0
CN(C)CCN1C(=O)c2ccccc2N(C)c2ccccc21,0
NCCc1ccc(O)c(O)c1,0
C#CC1(O)CCC2C3CCc4cc(O)ccc4C3CCC21C,0
Cc1ccc(-c2ncc(Cl)cc2-c2ccc(S(C)(=O)=O)cc2)cn1,0
COc1ccc(CCN(C)CCCC(C#N)(c2ccc(OC)c(OC)c2)C(C)C)cc1OC,0
C=C1CC2C(CCC3(C)C(=O)CCC23)C2(C)C=CC(=O)C=C12,0
CC1(C)OC2CC3C4CC(F)C5=CC(=O)C=CC5(C)C4(F)C(O)CC3(C)C2(C(=O)CO)O1,0
OCCN(CCO)c1nc(N2CCCCC2)c2nc(N(CCO)CCO)nc(N3CCCCC3)c2n1,0
CC12CCC3C(CCC4=C(O)C(=O)CCC43C)C1CCC2=O,0
COc1ccc(CC(C)NCC(O)c2ccc(O)c(NC=O)c2)cc1,0
CCC(=O)OC(OP(=O)(CCCCc1ccccc1)CC(=O)N1CC(C2CCCCC2)CC1C(=O)O)C(C)C,0
CC12CCC3c4ccc(O)cc4CC(CCCCCCCCCS(=O)CCCC(F)(F)C(F)(F)F)C3C1CCC2O,0
CCC(C(N)=O)N1CCCC1=O,0
CC(Oc1c(Cl)cccc1Cl)C1=NCCN1,0
CCCCc1nc(Cl)c(CO)n1Cc1ccc(-c2ccccc2-c2nn[nH]n2)cc1,0
CCC(C)C(=O)OC1CCC=C2C=CC(C)C(CCC3CC(O)CC(=O)O3)C21,0
CCCCC(C)(O)CC=CC1C(O)CC(=O)C1CCCCCCC(=O)OC,0
NC(=O)c1cccnc1,0
CC(CCc1ccccc1)NC(C)C(O)c1ccc(O)cc1,0
Cc1cc2c(s1)=Nc1ccccc1NC=2N1CCN(C)CC1,0
OCCN1CCN(CCCN2c3ccccc3C=Cc3ccccc32)CC1,0
CNCCC(Oc1ccccc1C)c1ccccc1,0
COc1cccc(C2(O)CCCCC2CN(C)C)c1,0
COC12CC(COC(=O)c3cncc(Br)c3)CN(C)C1Cc1cn(C)c3cccc2c13,0
CCN(CC)C(C)C(=O)c1ccccc1,0
CC(=O)OCC(=O)C12OC3(CCCC3)OC1CC1C3CCC4=CC(=O)C=CC4(C)C3(F)C(O)CC12C,0
CC(C)(S)C(N)C(=O)O,0
CC12CCC(=O)C=C1C=CC1C2CCC2(C)C1CCC2(O)CCC(=O)O,0
O=P1(N(CCCl)CCCl)NCCCO1,0
CCCC(CCC)C(=O)O,0
CC(=O)OCC(=O)C1(O)CCC2C3CCC4=CC(=O)CCC4(C)C3C(O)CC21C,0
O=S(=O)(O)CCS,0
NCCCNCCSP(=O)(O)O,0
CN1CCN(CCCN2c3ccccc3Sc3ccc(S(=O)(=O)N(C)C)cc32)CC1,0
C=C1CCC2(O)C3Cc4ccc(O)c5c4C2(CCN3CC2CC2)C1O5,0
CCCC(C)C1(CC)C(=O)NC(=O)NC1=O,0
Nc1nnc(-c2cccc(Cl)c2Cl)c(N)n1,0
CC1(C)OC2COC3(COS(N)(=O)=O)OC(C)(C)OC3C2O1,0
CCc1c2c(nc3ccc(OC(=O)N4CCC(N5CCCCC5)CC4)cc13)-c1cc3c(c(=O)n1C2)COC(=O)C3(O)CC,0
COC(c1ccccc1)(c1ccccc1)C(Oc1nc(C)cc(C)n1)C(=O)O,0
CCN(CC)CCNC(C(=O)OCCC(C)C)c1ccccc1,0
Cc1cn[nH]c1,0
CC(N)CCCC(C)(C)O,0
CN1CC(C(=O)NC2(C)OC3(O)C4CCCN4C(=O)C(Cc4ccccc4)N3C2=O)CC2c3cccc4[nH]cc(c34)CC21,0
CCCCC(O)c1ccccc1,0
CC(=O)NCCCS(=O)(=O)O,0
COc1ccc(-c2cc(=O)c3c(O)cc(OC4OC(COC5OC(C)C(O)C(O)C5O)C(O)C(O)C4O)cc3o2)cc1O,0
CN(c1nccc(=O)[nH]1)C1CCN(c2nc3ccccc3n2Cc2ccc(F)cc2)CC1,0
Cn1c(=O)c2c(ncn2CC(=O)O)n(C)c1=O,0
CC(=O)OCC(=O)C12N=C(C)OC1CC1C3CCC4=CC(=O)C=CC4(C)C3C(O)CC12C,0
O=C(OC1CC2CC3CC(C1)N2CC3=O)c1c[nH]c2ccccc12,0
CC(=O)OC1CN2CCC1CC2,0
CC(C)(C)NCC(O)c1ccc(O)c(CO)c1,0
CC[N+](CC)(CC)CCOc1cccc(OCC[N+](CC)(CC)CC)c1OCC[N+](CC)(CC)CC,0
C1CCc2nnnn2CC1,0
O=c1[nH]c2cc(Cl)ccc2o1,0
CCC1(C)CC(=O)NC1=O,0
NNc1nncc2ccccc12,0
NC(Cc1ccc(O)c(O)c1)C(=O)O,0
NNCCc1ccccc1,0
NCC1CCC(C(=O)O)CC1,0
Cn1c(=O)c2c(ncn2CCO)n(C)c1=O,0
NC1CC1c1ccccc1,0
O=C(O)COC(=O)Cc1ccccc1Nc1c(Cl)cccc1Cl,0
CC(C)NNC(=O)c1ccncc1,0
Cc1ccccc1OCC(O)CO,0
NC(N)=NC(N)=NCCc1ccccc1,0
CC(C)C(=O)Nc1ccc([N+](=O)[O-])c(C(F)(F)F)c1,0
C#CCN(C)Cc1ccccc1,0
COc1ccccc1OCC(O)COC(N)=O,0
CCC1=CC2CN3CCc4c([nH]c5ccccc45)C(C(=O)OC)(C2)C13,0
C[N+]1(CCCCC[N+]2(C)CCCC2)CCCC1,0
CC(CS)C(=O)N1CCCC1C(=O)O,0
CCCCNC(=O)NS(=O)(=O)c1ccc(C)cc1,0
COc1ccc(OC)c(C(O)CNC(=O)CN)c1,0
O=C1CCC(N2C(=O)c3ccccc3C2=O)C(=O)N1,0
CC(=O)CCCCn1c(=O)c2c(ncn2C)n(C)c1=O,0
CC(N)C(O)c1cccc(O)c1,0
N=c1nc(N2CCCCC2)cc(N)n1O,0
CNC(=C[N+](=O)[O-])NCCSCc1ccc(CN(C)C)o1,0
CCN(CC)CCNC(=O)c1cc(Cl)c(N)cc1OC,0
CN1C(=C(O)Nc2ccccn2)C(=O)c2ccccc2S1(=O)=O,0
O=C1NCC2(CCN(CCc3ccccc3)CC2)O1,0
Cc1ccc(C)c(OCCCC(C)(C)C(=O)O)c1,0
CCN(CC)CCNC(=O)COc1ccc(OC)cc1,0
CCN(CC)CCNC(=O)c1cc(S(C)(=O)=O)ccc1OC,0
CC(C(=O)O)c1cccc(C(=O)c2ccccc2)c1,0
CC(C)(CO)C(O)C(=O)NCCCO,0
CC1Cc2ccccc2N1NC(=O)c1ccc(Cl)c(S(N)(=O)=O)c1,0
Cc1cc(C(C)(C)C)cc(C)c1CC1=NCCN1,0
Cc1cc(C(C)(C)C)c(O)c(C)c1CC1=NCCN1,0
Cc1c(NC(=O)c2cccnc2)c(=O)n(-c2ccccc2)n1C,0
CCN(Cc1ccncc1)C(=O)C(CO)c1ccccc1,0
CN1CCOC(c2ccccc2)c2ccccc2C1,0
Cc1ccc(N(CC2=NCCN2)c2cccc(O)c2)cc1,0
CCc1cccc2c3c([nH]c12)C(CC)(CC(=O)O)OCC3,0
C[N+]1([O-])C2CC(OC(=O)C(CO)c3ccccc3)CC1C1OC12,0
CN1C2CCC1CC(OC(=O)C(CO)c1ccccc1)C2,0
COc1cc(C(=O)OCCCN2CCCN(CCCOC(=O)c3cc(OC)c(OC)c(OC)c3)CC2)cc(OC)c1OC,0
Cc1ccccc1C(OCCN(C)C)c1ccccc1,0
C#CC1(O)CCC2C3CCC4=C(CCC(=O)C4)C3CCC21C,0
CCCN(CCC)C(=O)C(CCC(=O)O)NC(=O)c1ccccc1,0
Cc1cccc(C)c1OCC(C)N,0
Cc1c(-c2ccccc2)oc2c(C(=O)OCCN3CCCCC3)cccc2c1=O,0
CCC1(c2ccc(N)cc2)CCC(=O)NC1=O,0
OCC(O)CN1CCN(c2ccccc2)CC1,0
CC(N=C(NC#N)Nc1ccncc1)C(C)(C)C,0
Clc1cccc(Cl)c1NC1=NCCN1,0
CC(NC(C)(C)C)C(=O)c1cccc(Cl)c1,0
C=CCc1ccccc1OCC(O)CNC(C)C,0
NS(=O)(=O)c1cc2c(cc1Cl)NC=NS2(=O)=O,0
OC(CCCN1CCCCC1)(c1ccccc1)c1ccccc1,0
C#CC1(O)CCC2C3CCC4=CC(=O)CCC4C3CCC21C,0
CNCCC=C1c2ccccc2CCc2ccccc21,0
O=C(O)c1cccnc1Nc1cccc(C(F)(F)F)c1,0
CC(C=CC1=C(C)CCCC1(C)C)=CC=CC(C)=CC(=O)O,0
c1ccc(CN(CC2=NCCN2)c2ccccc2)cc1,0
CN=C(NC#N)NCCSCc1nc[nH]c1C,0
C#CC1(O)CCC2C3CCC4=CC(=O)CCC4(C)C3CCC21C,0
Cc1ccc(C(=CCN2CCCC2)c2ccccn2)cc1,0
CN(C)CCC=C1c2ccccc2COc2ccccc21,0
CCCCOc1ccc(C(=O)CCN2CCCCC2)cc1,0
CN(C)CCOC(c1ccccc1)c1ccccc1,0
CC(C)N(CCC(C(N)=O)(c1ccccc1)c1ccccn1)C(C)C,0
CCOC(=O)C1=CC2(CC)CCCN3CCc4c(n1c1ccccc41)C32,0
CN(C)CCOC(C)(c1ccccc1)c1ccccn1,0
CCC12CCCN3CCc4c(n(c5ccccc45)C(O)(C(=O)OC)C1)C32,0
COc1ccc2c(c1)c(CC(=O)O)c(C)n2C(=O)c1ccc(Cl)cc1,0
CC12CCC(=O)C=C1CCC1C2C(=O)CC2(C)C1CCC2(O)C(=O)CO,0
CC12C=CC(=O)C=C1CCC1C2C(O)CC2(C)C1CCC2(O)C(=O)CO,0
CC(C)OC(=O)C(C)(C)Oc1ccc(C(=O)c2ccc(Cl)cc2)cc1,0
CCCCNc1cc(C(=O)O)cc(S(N)(=O)=O)c1Oc1ccccc1,0
CC(CCc1ccccc1)NCC(O)c1ccc(O)c(C(N)=O)c1,0
CC1CC2C(C(O)CC3(C)C2CCC3(O)C(=O)CO)C2(C)C=CC(=O)C=C12,0
CC(=O)OCC(=O)C1(O)CCC2C3CCC4=CC(=O)CCC4(C)C3(F)C(O)CC21C,0
CC(Cc1ccc(O)cc1)NCC(O)c1cc(O)cc(O)c1,0
CN1CCCN(C(c2ccccc2)c2ccc(Cl)cc2)CC1,0
CC(CCC(=O)O)C1CCC2C3C(O)CC4CC(O)CCC4(C)C3CCC12C,0
CCN(CC)CC#CCOC(=O)C(O)(c1ccccc1)C1CCCCC1,0
COc1ccc(CN(CCN(C)C)c2ccccn2)cc1,0
Cc1cc(=O)n(-c2ccccc2)n1C,0
O=C1C(CCS(=O)c2ccccc2)C(=O)N(c2ccccc2)N1c1ccccc1,0
CCCN1CC(CSC)CC2c3cccc4[nH]cc(c34)CC21,0
COc1ccc2c(c1)c(CC(=O)OCC(=O)O)c(C)n2C(=O)c1ccc(Cl)cc1,0
O=C(COc1ccc(Cl)cc1)N1CCN(Cc2ccc3c(c2)OCO3)CC1,0
CC(=O)Nc1nnc(S(N)(=O)=O)s1,0
NCCCCC(NC(CCc1ccccc1)C(=O)O)C(=O)N1CCCC1C(=O)O,0
Cc1scc2c1N(C(=O)CN1CCN(C)CC1)c1ccccc1NC2=O,0
CCCCN1CCCCC1C(=O)Nc1c(C)cccc1C,0
CN1CCCC1CCOC(C)(c1ccccc1)c1ccc(Cl)cc1,0
CCN(CCCCOC(=O)c1ccc(OC)c(OC)c1)C(C)Cc1ccc(OC)cc1,0
CC(C(O)c1ccc(O)cc1)N1CCC(Cc2ccccc2)CC1,0
CCOC(=O)C(CCc1ccccc1)NC(C)C(=O)N1CCCC1C(=O)O,0
COc1ccc(Cl)cc1C(=O)NCCc1ccc(S(=O)(=O)NC(=O)NC2CCCCC2)cc1,0
NC(N)=NCCN1CCCCCCC1,0
COc1cc2nc(N(C)CCCNC(=O)C3CCCO3)nc(N)c2cc1OC,0
CCCNC(=O)NS(=O)(=O)c1ccc(Cl)cc1,0
CC(N)C(O)c1ccccc1,0
O=C1OC(C(O)CO)C(O)=C1O,0
CC(N)(Cc1ccc(O)c(O)c1)C(=O)O,0
Nc1c2c(nc3ccccc13)CCCC2,0
Cn1c(=O)c2c(ncn2CC(O)CO)n(C)c1=O,0
CC(C)NCC(O)COc1ccc(COCCOC(C)C)cc1,0
CC(=O)Nc1ccc(OCC(O)CNC(C)C)cc1,0
CN1C(=O)CCS(=O)(=O)C1c1ccc(Cl)cc1,0
CCN(CC)CCNC(=O)c1ccc(N)cc1,0
NC(N)=NC(=O)Cc1c(Cl)cccc1Cl,0
Nc1nc(N)c2nc(-c3ccccc3)c(N)nc2n1,0
O=c1[nH]c2ccccc2n1CCCN1CCC(n2c(=O)[nH]c3cc(Cl)ccc32)CC1,0
NS(=O)(=O)c1cc(C(=O)O)c(NCc2ccco2)cc1Cl,0
CN(C)CCN(Cc1cccs1)c1ccccn1,0
CNCCCN1c2ccccc2CCc2ccccc21,0
C#CCN(C)CCCOc1ccc(Cl)cc1Cl,0
CC(C)(C)NCC(O)c1cc(Cl)c(N)c(Cl)c1,0
CNCCCC12CCC(c3ccccc31)c1ccccc12,0
CC(NCCc1ccc(O)cc1)C(O)c1ccc(O)cc1,0
CN1CCN(C2=c3ccccc3=Nc3ccc(Cl)cc3N2)CC1,0
NS(=O)(=O)c1cc(C2(O)NC(=O)c3ccccc32)ccc1Cl,0
CC(CCc1ccc(O)cc1)NCCc1ccc(O)c(O)c1,0
O=C(NCCN1CCOCC1)c1ccc(Cl)cc1,0
CC1CCCC(C)N1NC(=O)c1ccc(Cl)c(S(N)(=O)=O)c1,0
COc1ccc2c(c1)C13CCCCC1C(C2)N(C)CC3,0
O=C(CCCN1CC=C(n2c(=O)[nH]c3ccccc32)CC1)c1ccc(F)cc1,0
CN(C)C(=O)Oc1cc(OC(=O)N(C)C)cc(C(O)CNC(C)(C)C)c1,0
CC1CC2C3CCC4=CC(=O)C=CC4(C)C3(F)C(O)CC2(C)C1(O)C(=O)CO,0
COc1cc2c(c(OC)c1OC)-c1ccc(OC)c(=O)cc1C(NC(C)=O)CC2,0
CCNC1CN(CCCOC)S(=O)(=O)c2sc(S(N)(=O)=O)cc21,0
Nc1c(Br)cc(Br)cc1CNC1CCC(O)CC1,0
Cc1cnc(NC(=O)C2=C(O)c3ccccc3S(=O)(=O)N2C)s1,0
CN1CCC(=C2c3ccccc3CC(=O)c3sccc32)CC1,0
N=C(N)N1CCc2ccccc2C1,0
CCC(CO)NC(=O)C1C=C2c3cccc4[nH]cc(c34)CC2N(C)C1,0
CCN(CC)CCOC(=O)C(Cc1cccc2ccccc12)CC1CCCO1,0
CC(C)(Oc1ccc(CCNC(=O)c2ccc(Cl)cc2)cc1)C(=O)O,0
COc1cc(N)c(Cl)cc1C(=O)NC1CCN(Cc2ccccc2)CC1,0
CC(C)(Sc1cc(C(C)(C)C)c(O)c(C(C)(C)C)c1)Sc1cc(C(C)(C)C)c(O)c(C(C)(C)C)c1,0
CCN(CC)CCOCCOC(=O)C1(c2ccccc2)CCCC1,0
O=C(O)c1cc(-c2ccc(F)cc2F)ccc1O,0
CC(C)(C)NCC(O)c1cc(O)cc(O)c1,0
O=C(c1ccc(F)cc1)C1CCN(CCn2c(=O)[nH]c3ccccc3c2=O)CC1,0
CN(C)C(=N)N=C(N)N,0
NC12CC3CC(CC(C3)C1)C2,0
CCN(CC)CCOC(=O)c1ccc(N)cc1,0
CC12CCC3C(CCC4CC(O)CCC43C)C1CCC2=O,0
O=C(O)CCCCC1SCC2NC(=O)NC21,0
CC(=O)Oc1ccc(C(c2ccc(OC(C)=O)cc2)c2ccccn2)cc1,0
CC(=O)Oc1cc(C(C)C)c(OCCN(C)C)cc1C,0
CCCC(C)(COC(N)=O)COC(=O)NC(C)C,0
COc1cc(OC)c(C(=O)CCCN2CCCC2)c(OC)c1,0
CC(=O)OCC(=O)NCCCOc1cccc(CN2CCCCC2)c1,0
NCCc1ccn[nH]1,0
COc1cc(N)c(Cl)cc1C(=O)NC1CCN(CCCOc2ccc(F)cc2)CC1OC,0
CC1=C2N=C(C=C3N=C(C(C)=C4NC(C(CC(N)=O)C4(C)CCC(=O)NCC(C)OP(=O)(O)OC4C(CO)OC(n5cnc6cc(C)c(C)cc65)C4O)C4(C)N=C1C(CCC(N)=O)C4(C)CC(N)=O)C(CCC(N)=O)C3(C)C)C(CCC(N)=O)C2(C)CC(N)=O,0
CC12CCC(O)CC1CCC1C2CCC2(C)C(C3=CC(=O)OC3)CCC12O,0
CCOC(=O)n1ccn(C)c1=S,0
Cc1cc(NC(=O)C2=C(O)c3ccccc3S(=O)(=O)N2C)no1,0
CC12CCC3c4ccc(O)cc4CCC3C1CCC2O,0
CC(C)(C)NCC(O)COc1cccc2c1CCC(=O)N2,0
Nc1c2c(nc3ccccc13)C(O)CCC2,0
CCC1C(=O)OCC1Cc1cncn1C,0
COc1ccc2cc(C(C)C(=O)O)ccc2c1,0
C=CCN1CCCC1CNC(=O)c1cc2n[nH]nc2cc1OC,0
COc1ccc2[nH]cc(CCNC(C)=O)c2c1,0
c1ccc2c(CC3=NCCN3)cccc2c1,0
CCCCCC(O)C=CC1C(O)CC(O)C1CC=CCCCC(=O)O,0
CN1C2CCC1CC(OC(=O)c1c[nH]c3ccccc13)C2,0
CC(=O)Nc1c(I)c(C(=O)NC2C(O)OC(CO)C(O)C2O)c(I)c(N(C)C(C)=O)c1I,0
CN(C)C(=O)Oc1cccc([N+](C)(C)C)c1,0
Clc1ccccc1CN1CCc2sccc2C1,0
CN(C)CCC(c1ccc(Br)cc1)c1ccccn1,0
CC(=O)C1CCC2C3CCC4=CC(=O)CCC4(C)C3CCC12C,0
O=C(CCCN1CCC(n2c(=O)[nH]c3ccccc32)CC1)c1ccc(F)cc1,0
CN(C)CCC=C1c2ccccc2CSc2ccccc21,0
CCC(C)(CN(C)C)OC(=O)c1ccccc1,0
NC(N)=NCc1cccc(I)c1,0
CCCc1cc(=O)[nH]c(=S)[nH]1,0
CC(C(=O)O)c1ccc(C(=O)c2ccccc2)s1,0
CCCNCC(O)COc1ccccc1C(=O)CCc1ccccc1,0
COc1ccc(CC2c3cc(OC)c(OC)cc3CC[N+]2(C)CCC(=O)OCCCCCOC(=O)CC[N+]2(C)CCc3cc(OC)c(OC)cc3C2Cc2ccc(OC)c(OC)c2)cc1OC,0
CCN(CC)CC(=O)Nc1c(C)cccc1C,0
CCN(CC)C(=O)c1ccc(O)c(OC)c1,0
C=CC(N)CCC(=O)O,0
OC(CCN1CCCCC1)(c1ccccc1)C1CC2C=CC1C2,0
O=C(O)COCCN1CCN(C(c2ccccc2)c2ccc(Cl)cc2)CC1,0
CCc1cccc(CC)c1NC(=O)CN(CC(=O)O)CC(=O)O,0
CC(C)NCC(O)c1cc(O)cc(O)c1,0
CN1CCN(C(c2ccccc2)c2ccccc2)CC1,0
CNCCC(Oc1ccc(C(F)(F)F)cc1)c1ccccc1,0
CN1C(=O)OC(C)(C)C1=O,0
CCC(C)C(=O)OC1CC(C)C=C2C=CC(C)C(CCC3CC(O)CC(=O)O3)C21,0
CCCC1OC2CC3C4CCC5=CC(=O)C=CC5(C)C4C(O)CC3(C)C2(C(=O)CO)O1,0
NC(=O)N1c2ccccc2C=Cc2ccccc21,0
O=C(O)C1=CC(=NNc2ccc(S(=O)(=O)Nc3ccccn3)cc2)C=CC1=O,0
CN1C(=C(O)Nc2ccccn2)C(=O)c2sccc2S1(=O)=O,0
CC(=O)Oc1cc(C(F)(F)F)ccc1C(=O)O,0
CCOc1ccc(NC(C)=O)cc1,0
COc1ccc(OC)c(C(O)C(C)N)c1,0
CC(C)NCC(O)COc1ccc(CC(N)=O)cc1,0
NC(=O)CN1CCCC1=O,0
COc1c(OC2OC(CO)C(O)C(O)C2O)cc2c(c1OC)-c1ccc(SC)c(=O)cc1C(NC(C)=O)CC2,0
Cc1cccc(Nc2ccccc2C(=O)O)c1C,0
CCCN(CCC)S(=O)(=O)c1ccc(C(=O)O)cc1,0
CNCCc1ccccn1,0
CCOC([O-])=Nc1c[n+](N2CCOCC2)no1,0
COc1ccc(CN2CCNCC2)c(OC)c1OC,0
CC(=O)c1ccc(S(=O)(=O)NC(=O)NC2CCCCC2)cc1,0
C#CCN(C)C(C)Cc1ccccc1,0
Cc1ccc(S(=O)(=O)NC(=O)NN2CCCCCC2)cc1,0
Cc1ccc(S(=O)(=O)NC(=O)NN2CC3CCCC3C2)cc1,0
CCN1CCCC1CNC(=O)c1cc(S(N)(=O)=O)ccc1OC,0
CNC(=O)Oc1ccc2c(c1)C1(C)CCN(C)C1N2C,0
CCCCOc1cc(C(=O)OCCN(CC)CC)ccc1N,0
CCCCNc1ccc(C(=O)OCCN(C)C)cc1,0
COc1ccc(Cc2nccc3cc(OC)c(OC)cc23)cc1OC,0
COC(=O)C1C(O)CCC2CN3CCc4c([nH]c5ccccc45)C3CC21,0
O=C1CCc2cc(OCCCCc3nnnn3C3CCCCC3)ccc2N1,0
COc1ccc2c3c1OC1CC(O)C=CC31CCN(C)C2,0
CN(C)CCC(c1ccccc1)c1ccccn1,0
O=C(O)Cc1ccccc1Nc1c(Cl)cccc1Cl,0
c1ccc(CC2=NCCN2)cc1,0
CC(=O)OCC(=O)C1(OC(C)=O)C(C)CC2C3CC(F)C4=CC(=O)C=CC4(C)C3(F)C(O)CC21C,0
CN1C2CCC1CC(OC(=O)C(O)c1ccccc1)C2,0
Cc1ncc(CO)c(CO)c1O,0
CC(=O)SCC(Cc1ccccc1)C(=O)NCC(=O)OCc1ccccc1,0
COC(=O)C1=C(C)NC(C)=C(C(=O)OC)C1c1ccccc1[N+](=O)[O-],0
Cc1ncc(C[n+]2csc(CCO)c2C)c(N)n1,0
CNCC(O)c1ccc(OC(=O)C(C)(C)C)c(OC(=O)C(C)(C)C)c1,0
O=C(O)CNC(=O)C(CS)Cc1ccccc1,0
CC1(C)OC2CC3C4CC(F)C5=CC(=O)C=CC5(C)C4C(O)CC3(C)C2(C(=O)CO)O1,0
CC(=O)NC1CCSC1=O,0
CC1(C)OC2CC3C4CC(F)C5=CC(=O)CCC5(C)C4C(O)CC3(C)C2(C(=O)CO)O1,0
CCC1=C(C)CN(C(=O)NCCc2ccc(S(=O)(=O)NC(=O)NC3CCC(C)CC3)cc2)C1=O,0
C[N+]1(C)CCCC(OC(=O)C(O)(c2ccccc2)c2ccccc2)C1,0
CC(=C(CCOP(=O)(O)O)SC(=O)c1ccccc1)N(C=O)Cc1cnc(C)nc1N,0
CC1(C)OC2CC3C4CCC5=CC(=O)CCC5(C)C4(F)C(O)CC3(C)C2(C(=O)CCl)O1,0
CC(=O)OC1CC(OC2C(O)CC(OC3C(O)CC(OC4CCC5(C)C(CCC6C5CC(O)C5(C)C(C7=CC(=O)OC7)CCC65O)C4)OC3C)OC2C)OC(C)C1OC1OC(CO)C(O)C(O)C1O,0
NC(=NCc1ccccc1)NC(=O)c1nc(Cl)c(N)nc1N,0
CCCCC1(COC(=O)CCC(=O)O)C(=O)N(c2ccccc2)N(c2ccccc2)C1=O,0
Cc1cc(-c2ccccc2)nnc1NCCN1CCOCC1,0
COC(=O)C1=C(C)NC(C)=C(C(=O)OCC(C)C)C1c1ccccc1[N+](=O)[O-],0
CC(=O)C1CCC2C3C=CC4=CC(=O)CCC4(C)C3CCC12C,0
CC(COc1ccccc1)NC(C)C(O)c1ccc(O)cc1,0
CN1C(C)(C)CCCC1(C)C,0
CCCC(=O)Nc1ccc(OCC(O)CNC(C)C)c(C(C)=O)c1,0
CCN1C(=O)NC(c2ccccc2)C1=O,0
c1ccc2c(c1)CCCC2C1=NCCN1,0
NC(N)=NC(=O)c1nc(Cl)c(N)nc1N,0
OC(CCN1CCCCC1)(c1ccccc1)C1CCCCC1,0
CCN(CC)CCNC(=O)c1cc(Br)c(N)cc1OC,0
CN1CCC(OC(c2ccccc2)c2ccccc2)CC1,0
Cc1cc2cc3c(C)cc(=O)oc3c(C)c2o1,0
CCOC(=O)c1ccc(N)cc1,0
Cc1c(N(C)CS(=O)(=O)O)c(=O)n(-c2ccccc2)n1C,0
CCCCOc1ccc(OCCCN2CCOCC2)cc1,0
CC(C)(C)NC(=O)C1CCC2C3CCC4NC(=O)C=CC4(C)C3CCC12C,0
CN(C)CCCN1c2ccccc2CCc2ccccc21,0
C=CCSCC1Nc2cc(Cl)c(S(N)(=O)=O)cc2S(=O)(=O)N1,0
CC(=O)N(O)CCCCCNC(=O)CCC(=O)N(O)CCCCCNC(=O)CCC(=O)N(O)CCCCCN,0
CNC(C)(C)Cc1ccccc1,0
CC1=C(CC(=O)O)c2cc(F)ccc2C1=Cc1ccc(S(C)=O)cc1,0
O=C(O)CCNC(=O)c1ccc(NN=C2C=CC(=O)C(C(=O)O)=C2)cc1,0
COCCc1ccc(OCC(O)CNC(C)C)cc1,0
CC1CC2C3CC(F)C4=CC(=O)C=CC4(C)C3(F)C(O)CC2(C)C1(O)C(=O)CO,0
O=C(NCC1CCCCN1)c1cc(OCC(F)(F)F)ccc1OCC(F)(F)F,0
Nc1nc(=O)c2c([nH]1)NCC(CNc1ccc(C(=O)NC(CCC(=O)O)C(=O)O)cc1)N2C=O,0
CC(N)C(O)c1ccc(O)c(O)c1,0
CN(C)CCC=C1c2ccccc2CCc2ccccc21,0
CC(=O)C1CCC2C3CC(C)C4=CC(=O)CCC4(C)C3C(O)CC12C,0
C[N+]1(C)CCC(OC(=O)C(O)(c2ccccc2)C2CCCC2)C1,0
CCC(NC(C)C)C(O)c1ccc(O)c(O)c1,0
CCN(CC)CCOC(=O)C(c1ccccc1)c1ccccc1,0
COc1cc2nc(N3CCN(C(=O)C4CCCO4)CC3)nc(N)c2cc1OC,0
Nc1ccc(N=Nc2ccccc2)c(N)n1,0
CC(C(=O)O)c1cccc(Oc2ccccc2)c1,0
CC(=O)OC(C)C[N+](C)(C)C,0
CCCCOc1cc(C(=O)NCCN(CC)CC)c2ccccc2n1,0
CC[N+]1(C)CCCC(OC(=O)C(O)(c2ccccc2)c2ccccc2)C1,0
CN(C)CCOC(=O)COc1ccc(Cl)cc1,0
CC12C=CC(=O)C=C1CCC1C2C(=O)CC2(C)C1CCC2(O)C(=O)CO,0
CC(C)[N+](C)(CCC(C(N)=O)(c1ccccc1)c1ccccc1)C(C)C,0
CCC(=O)OCC(=O)C1(OC(=O)CC)C(C)CC2C3C(Cl)CC4=CC(=O)C=CC4(C)C3C(O)CC21C,0
C#CC1(O)CCC2C3CCC4=CC(=O)CCC4C3CCC21CC,0
CC(=O)OCC(=O)C12OC(C)(C)OC1CC1C3CC(F)C4=CC(=O)C=CC4(C)C3(F)C(O)CC12C,0
COc1ccccc1OCC(O)CO,0
Cc1cc(CC(=O)O)n(C)c1C(=O)c1ccc(Cl)cc1,0
CCC(=O)OC1(C(=O)CCl)C(C)CC2C3CCC4=CC(=O)C=CC4(C)C3(F)C(O)CC21C,0
NS(=O)(=O)c1cc2c(cc1C(F)(F)F)NC(Cc1ccccc1)NS2(=O)=O,0
Cn1cc[nH]c1=S,0
CC(CNC1CCCCC1)OC(=O)c1ccccc1,0
CCN(CC)CCOC(=O)C(c1ccccc1)C1CCCCC1,0
C[N+]1(C)CCC(=C(c2ccccc2)c2ccccc2)CC1,0
Clc1ccc(C(OCCN2CCCCC2)c2ccccc2)cc1,0
Cc1cc(C(=O)NNCc2ccccc2)no1,0
COc1cc(C(=O)NCc2ccc(OCCN(C)C)cc2)cc(OC)c1OC,0
Nc1cc(-c2ccncc2)c[nH]c1=O,0
CN(C)CCOC(c1ccc(Cl)cc1)c1ccccn1,0
CC(=O)Nc1sc(S(N)(=O)=O)n[n+]1C,0
CCC1(CC)C(=O)C=CNC1=O,0
CC(CN(C)C)CN1c2ccccc2CCc2ccccc21,0
CN(C)CCN(Cc1ccc(Cl)cc1)c1ccccn1,0
NS(=O)(=O)c1cc(Cl)c(Cl)c(S(N)(=O)=O)c1,0
O=C(O)c1cc(=O)c2c(OCC(O)COc3cccc4oc(C(=O)O)cc(=O)c34)cccc2o1,0
CCCC(=O)Nc1ncnc2c1ncn2C1OC(COC(=O)CCC)C2OP(=O)(O)OC21,0
O=C(O)c1ccccc1OP(=O)(O)O,0
CC(C(=O)O)c1ccc(C(=O)c2cccs2)cc1,0
CC(C)(C)NCC(O)COc1cccc2c1CC(O)C(O)C2,0
Cn1c(=O)c2[nH]cnc2n(C)c1=O,0
C[N+]12CCC(CC1)C(OC(=O)C(O)(c1ccccc1)c1ccccc1)C2,0
NS(=O)(=O)c1cc2c(cc1Cl)NC(CSCc1ccccc1)=NS2(=O)=O,0
NS(=O)(=O)c1cc2c(cc1Cl)NC(C(Cl)Cl)NS2(=O)=O,0
CCN(CC)CCc1nc(-c2ccccc2)no1,0
CC(C)[N+](C)(CCOC(=O)C1c2ccccc2Oc2ccccc21)C(C)C,0
CC1(C)OC(=O)NC1=O,0
CC[N+](C)(C)c1cccc(O)c1,0
CCCCN(CCCC)CCCOC(=O)c1ccc(N)cc1,0
O=P1(NCCCl)OCCCN1CCCl,0
CC(C(=O)O)c1ccc(N2Cc3ccccc3C2=O)cc1,0
OC(CCN1CCCC1)(c1ccccc1)C1CCCCC1,0
C#CC1(O)CCC2C3CCc4cc(OC)ccc4C3CCC21C,0
CC(C)(C)NCC(O)COc1cccc2c1CCCC2=O,0
CC(=O)N(CC(O)CN(C(C)=O)c1c(I)c(C(=O)NCC(O)CO)c(I)c(C(=O)NCC(O)CO)c1I)c1c(I)c(C(=O)NCC(O)CO)c(I)c(C(=O)NCC(O)CO)c1I,0
NCC(CC(=O)O)c1ccc(Cl)cc1,0
CC12CCC3C(=CCc4cc(O)ccc43)C1CCC2=O,0
Fc1ccc(C2CCNCC2COc2ccc3c(c2)OCO3)cc1,0
NC(Cc1cc(I)c(Oc2ccc(O)c(I)c2)c(I)c1)C(=O)O,0
CCC(=O)OCC(=O)C1(OC(=O)CC)C(C)CC2C3CCC4=CC(=O)C=CC4(C)C3(Cl)C(O)CC21C,0
Cc1ccc(C(=O)c2ccc(CC(=O)O)n2C)cc1,0
CC(C)n1c(C=CC(O)CC(O)CC(=O)O)c(-c2ccc(F)cc2)c2ccccc21,0
NCC1(CC(=O)O)CCCCC1,0
CC(O)(P(=O)(O)O)P(=O)(O)O,0
CC(=O)Nc1ccc(O)cc1,0
CC1=NS(=O)(=O)c2cc(Cl)ccc2N1,0
CC(O)C(=O)Nc1c(I)c(C(=O)NC(CO)CO)c(I)c(C(=O)NC(CO)CO)c1I,0
COCC(=O)Nc1c(I)c(C(=O)NCC(O)CO)c(I)c(C(=O)N(C)CC(O)CO)c1I,0
Cn1cnc2c1c(=O)[nH]c(=O)n2C,0
CN1C2CC(OC(=O)C(CO)c3ccccc3)CC1C1OC12,0
O=C(NCC(O)CO)c1c(I)c(C(=O)NCC(O)CO)c(I)c(N(CCO)C(=O)CO)c1I,0
Cc1c(N(C)C)c(=O)n(-c2ccccc2)n1C,0
C[N+](C)(C)CCOC(N)=O,0
O=C(O)c1cccnc1,0
CCC1(C)CC(=O)NC(=O)C1,0
O=C(O)Cc1ccc(-c2ccccc2)cc1,0
Nc1ccc(C(=O)NCC(=O)O)cc1,0
CC(=O)NC(CC(C)C)C(=O)O,0
CC12CC(=O)C3C(CCC4=CC(=O)CCC43C)C1CCC2=O,0
NS(=O)(=O)c1cc2c(cc1Cl)NCNS2(=O)=O,0
CC(C)NCC(O)COc1cccc2[nH]ccc12,0
C[N+]1(C)C2CCC1CC(OC(=O)C(CO)c1ccccc1)C2,0
Cc1cc(=O)oc2cc(O)ccc12,0
CC(C)(C(=O)c1cccnc1)c1cccnc1,0
COc1ccccc1N1CCN(CCCNc2cc(=O)n(C)c(=O)n2C)CC1,0
CC(C)Cc1ccc(C(C)C(=O)O)cc1,0
C#CC1(OC(C)=O)CCC2C3CCC4=CC(OC(C)=O)CCC4C3CCC21C,0
COc1ccc2cc(CCC(C)=O)ccc2c1,0
Oc1ccc(OCc2ccccc2)cc1,0
CC12CCC3c4ccc(O)cc4CCC3C1CCC2=O,0
CCOC(=O)C1=C(C)NC(C)=C(C(=O)OC)C1c1cccc([N+](=O)[O-])c1,0
CC(C(=O)O)c1ccc(-c2ccccc2)c(F)c1,0
CN(C)CC=C(c1ccc(Br)cc1)c1cccnc1,0
CNC(=C[N+](=O)[O-])NCCSCc1csc(CN(C)C)n1,0
O=C(NCCNCC(O)COc1ccc(O)cc1)N1CCOCC1,0
CCOC(=O)C(CCc1ccccc1)NC(C)C(=O)N1Cc2ccccc2CC1C(=O)O,0
O=C(c1ccccc1)c1ccc2n1CCC2C(=O)O,0
OC(c1ccccc1)(c1ccccc1)C1CCNCC1,0
CC(C)c1cccc(C(C)C)c1O,0
CCC1(c2ccccc2)C(=O)NCNC1=O,0
CC(=O)OC1CCC2(C)C(=CCC3C4CCC(=O)C4(C)CCC32)C1,0
O=C(CCCCC(=O)Nc1c(I)cc(I)c(C(=O)O)c1I)Nc1c(I)cc(I)c(C(=O)O)c1I,0
CC[N+](C)(C)Cc1ccccc1Br,0
CN1C=CC=CC1=CN=O,0
CC(COc1ccccc1)N(CCCl)Cc1ccccc1,0
CN(C)c1nc(N(C)C)nc(N(C)C)n1,0
COc1cc2nc(N3CCN(C(=O)c4ccco4)CC3)nc(N)c2cc1OC,0
CC(C)(C)NCC(O)COc1nsnc1N1CCOCC1,0
NCC(O)c1ccc(O)cc1,0
CC(C)(C)CC(C)(C)c1ccc(O)cc1,0
CC(=O)OC1(C(C)=O)CCC2C3C=C(C)C4=CC(=O)CCC4(C)C3CCC21C,0
CC12CCC(=O)C=C1CCC1C2CCC2(C)C(C(=O)CO)CCC12,0
CCCOc1ccc(C(=O)OCCN(CC)CC)cc1N,0
NC(N)=NN=Cc1c(Cl)cccc1Cl,0
NCCCCCC(=O)O,0
CC(C)NCC(O)c1ccc(NS(C)(=O)=O)cc1,0
C[N+](C)(C)CCCCCCCCCC[N+](C)(C)C,0
CCN1CCCC1CNC(=O)c1c(OC)ccc(Br)c1OC,0
Cc1ccc2c(c1)c1c3n2CCNC3CCC1,0
CC12CC3CC(C)(C1)CC(N)(C3)C2,0
O=C(O)C=Cc1ccc(Cn2ccnc2)cc1,0
c1cnc(N2CCN(Cc3ccc4c(c3)OCO4)CC2)nc1,0
CC12CCC3C4CCC(=O)C=C4CCC3C1CCC2O,0
CC1OC(OC2C=C3CCC4C(CCC5(C)C(c6ccc(=O)oc6)CCC45O)C3(C)CC2)C(O)C(O)C1O,0
CN1CCN2c3ccccc3Cc3ccccc3C2C1,0
COCCCCC(=NOCCN)c1ccc(C(F)(F)F)cc1,0
CCC(=O)OC1(C(=O)SCF)C(C)CC2C3CC(F)C4=CC(=O)C=CC4(C)C3(F)C(O)CC21C,0
CC(=C(CCO)SSCC1CCCO1)N(C=O)Cc1cnc(C)nc1N,0
CCOC(=O)c1ccc(OC(=O)CCCCCN=C(N)N)cc1,0
OCC1OC(Oc2ccc(O)cc2)C(O)C(O)C1O,0
CC(=O)c1ccc2c(c1)N(CCCN1CCC(CCO)CC1)c1ccccc1S2,0
CCC(=O)OC(Cc1ccccc1)(c1ccccc1)C(C)CN(C)C,0
O=C(NCNC(=O)NC1C(=O)NC(=O)N1CO)NC1C(=O)NC(=O)N1CO,0
Clc1cnccn1,0
CC1CC(OC(=O)c2ccccc2O)CC(C)(C)C1,0
CC(Cc1ccc(O)c(O)c1)(NN)C(=O)O,0
CC(CCC(=O)O)C1CCC2C3C(=O)CC4CC(=O)CCC4(C)C3CC(=O)C12C,0
O=C1c2ccccc2S(=O)(=O)N1CCCCN1CCN(c2ncccn2)CC1,0
CCN1CCCC1CNC(=O)c1c(O)c(Cl)cc(Cl)c1OC,0
NCCNCCNCCNCCN,0
C=C1CC2C3C=C(C)C4=CC(=O)CCC4(C)C3CCC2(C)C1(OC(C)=O)C(C)=O,0
Cc1c(N)c(=O)n(-c2ccccc2)n1C,0
c1ccc(CNc2ncnc3nc[nH]c23)cc1,0
NC(=O)NC1NC(=O)NC1=O,0
CCC1(O)C(=O)OCc2c1cc1n(c2=O)Cc2cc3ccccc3nc2-1,0
Cc1c(O)c(=O)n(-c2ccccc2)n1C,0
O=C(Nc1ccccc1)OCC(CN1CCCCC1)OC(=O)Nc1ccccc1,0
Nc1nc2cc(Cl)ccc2o1,0
C(#CCN1CCCC1)CN1CCCC1,0
CCCOc1ccccc1-c1nc2[nH][nH]nc-2c(=O)n1,0
Nc1ncnc2c1ncn2C1OC(COP(=O)(O)O)C(O)C1O,0
C[N+](C)(C)CCCCCC[N+](C)(C)C,0
C[N+]1(C)CCOC(O)(c2ccc(-c3ccc(C4(O)C[N+](C)(C)CCO4)cc3)cc2)C1,0
COc1ccc(C2CC(=O)c3c(O)cc(OC4OC(COC5OC(C)C(O)C(O)C5O)C(O)C(O)C4O)cc3O2)cc1O,0
CC(C)CC(=O)NC(C(=O)NC(C(=O)NC(CC(C)C)C(O)CC(=O)NC(C)C(=O)NC(CC(C)C)C(O)CC(=O)O)C(C)C)C(C)C,0
c1ccc2c(c1)CCCc1cc(NCCN3CCOCC3)nnc1-2,0
NC(=O)Nc1ccc([As](=O)(O)O)cc1,0
CC12CCC(=O)C=C1CCC1C2C(O)CC2(C)C(C(=O)CO)CCC12,0
COc1ccc(-c2ccc(N)[n+](CCCC(=O)O)n2)cc1,0
NCCc1c[nH]c2ccc(O)cc12,0
Cc1c(C)c2c(c(C)c1O)CCC(C)(C(=O)O)O2,0
Cc1nc2ccccn2c(=O)c1CCN1CCC(C(=O)c2ccc(F)cc2)CC1,0
COc1cc2c(cc1OC)C(C)NCC2,0
CC(=O)C1CCC2C3CC=C4CC(O)CCC4(C)C3CCC12C,0
C=C1C(=O)OC2C1CCC(C)=CCCC1(C)OC21,0
COc1ccccc1N1CCN(CCCCNC(=O)c2ccc3ccccc3c2)CC1,0
c1ccc2nc(N3CCNCC3)ccc2c1,0
COc1cc(S(C)=O)ccc1-c1nc2ncccc2[nH]1,0
C=C(C)C1C2OC(=O)C1C1(O)CC3OC34C(=O)OC2C14C,0
c1coc(CNc2ncnc3nc[nH]c23)c1,0
CC=C(C)C(=O)OC1C(OC(C)=O)C2(CO)C(O)CC3(C)C(=CCC4C5(C)CCC(OC6OC(C(=O)O)C(OC7OC(CO)C(O)C(O)C7O)C(O)C6OC6OC(CO)C(O)C(O)C6O)C(C)(CO)C5CCC43C)C2CC1(C)C,0
CCOC(=O)NNc1nncc2ccccc12,0
Cc1c(NC(C)C)c(=O)n(-c2ccccc2)n1C,0
C=C1C2CCC3C4(C)CC(OC5OC(CO)C(OS(=O)(=O)O)C(OS(=O)(=O)O)C5OC(=O)CC(C)C)CC(C(=O)O)C4CCC3(C2)C1O,0
NC(=O)c1ccc[n+](C2OC(COP(=O)([O-])OP(=O)(O)OCC3OC(n4cnc5c(N)ncnc54)C(O)C3O)C(O)C2O)c1,0
CC1(O)CCOC(=O)C1,0
CCOc1ccc2c(c1)C(C)=CC(C)(C)N2,0
CC(C)(Oc1ccc(Cl)cc1)C(=O)O,0
CC1CC(C)C(=O)C(C(O)CC2CC(=O)NC(=O)C2)C1,0
CC1CC(OC(=O)C(O)c2ccccc2)CC(C)(C)N1C,0
CC(CCC(=O)O)C1CCC2C3CCC4CC(O)CCC4(C)C3CCC12C,0
O=C1C(O)=C(O)C(=O)C(O)=C1O,0
CC1NC(=O)NC1=O,0
CC12CCC(O)CC1CCC1C2CC(O)C2(C)C(C3=CC(=O)OC3)CCC12O,0
COc1ccc(C(=O)c2ccccc2)c(O)c1,0
COc1ccc(C(=O)c2ccccc2O)c(O)c1,0
COc1c2occc2c(OC)c2c(=O)cc(C)oc12,0
CNCCC(Oc1ccccc1OC)c1ccccc1,0
CCCCCN(CCCCC)C(=O)C(CCC(=O)O)NC(=O)c1ccc(Cl)c(Cl)c1,0
OC1CCCCC1N1CCC(c2ccccc2)CC1,0
S=C(NC1CCCCC1)N1CCC(c2cnc[nH]2)CC1,0
COc1ccc(C2CNC(=O)C2)cc1OC1CCCC1,0
c1ccc2c(c1)OCC(C1=NCCN1)O2,0
CCc1cc(Cl)c(OC)c(C(=O)NCC2CCCN2CC)c1O,0
NC(CO)C(=O)NNCc1ccc(O)c(O)c1O,0
O=C(O)CN(CCN(CC(=O)O)CC(=O)O)CCN(CC(=O)O)CC(=O)O,0
CC[N+](CC)(CC(=O)Nc1c(C)cccc1C)Cc1ccccc1,0
O=c1[nH]oc2c1CCNC2,0
CC(C)NCC(O)c1ccc2ccccc2c1,0
COc1cc(-c2ccc(=O)[nH]n2)ccc1OC(F)F,0
CC(=O)Oc1ccccc1C(=O)Oc1ccccc1C(=O)O,0
CCN(CC)CCOC(=O)C1(c2ccc([N+](=O)[O-])cc2)CCCC1,0
CN(C)CCCSC(=N)N,0
CCNC1(c2cccs2)CCCCC1=O,0
O=C(CCCN1CCN(c2ccccn2)CC1)c1ccc(F)cc1,0
CC(C(=O)O)c1ccc2c(c1)[nH]c1ccc(Cl)cc12,0
Cc1cccc(C)c1NC1=NCCCS1,0
CC(=O)OCC(=O)C1(O)CCC2C3CCC4=CC(=O)C=CC4(C)C3(F)C(O)CC21C,0
COc1ncnc(NS(=O)(=O)c2ccc(N)cc2)c1OC,0
CCCCCCC1C(=O)OC(C)C(NC(=O)c2cccc(NC=O)c2O)C(=O)OC(C)C1OC(=O)CC(C)C,0
Nc1ccc(S(=O)(=O)Nc2ccc(Cl)nn2)cc1,0
COC(=O)Nc1nc2ccc(S(=O)c3ccccc3)cc2[nH]1,0
Nc1cc(C(Cl)=C(Cl)Cl)c(S(N)(=O)=O)cc1S(N)(=O)=O,0
Cc1ccsc1C=CC1=NCCCN1C,0
Nc1ccc(S(=O)(=O)Nc2cnc3ccccc3n2)cc1,0
CCCc1ncc(C[n+]2ccccc2C)c(N)n1,0
CC=CC(=O)N(CC)c1ccccc1C,0
