date,actual,predicted,residual
2020-04-09,2.0787674060669405,2.21945350320107,-0.14068609713412927
2020-04-10,2.0787674060669405,2.532135762387172,-0.4533683563202313
2020-04-11,2.0787674060669405,2.5037778395208568,-0.4250104334539162
2020-04-12,2.0787674060669405,2.5694354099588947,-0.4906680038919542
2020-04-13,2.0787674060669405,2.583997621582181,-0.5052302155152404
2020-04-14,2.0787674060669405,2.5985944314022786,-0.5198270253353381
2020-04-15,2.0787674060669405,2.596172547236034,-0.5174051411690934
2020-04-16,2.0787674060669405,2.6795041734174374,-0.6007367673504969
2020-04-17,2.0787674060669405,2.5062885064255322,-0.4275211003585917
2020-04-18,2.0787674060669405,2.496293504603308,-0.4175260985363676
2020-04-19,2.0787674060669405,2.3552440834452377,-0.2764766773782972
2020-04-20,2.0787674060669405,2.3544882284200352,-0.2757208223530947
2020-04-21,2.0787674060669405,2.16003961584424,-0.08127220977729932
2020-04-22,2.0787674060669405,1.7999238269870421,0.27884357907989843
2020-04-23,2.0787674060669405,2.21508860528942,-0.13632119922247954
2020-04-24,2.0787674060669405,2.1277978831831055,-0.04903047711616493
2020-04-25,2.0787674060669405,2.1373677087651908,-0.05860030269825023
2020-04-26,2.0787674060669405,1.9946344600408328,0.08413294602610777
2020-04-27,2.0787674060669405,2.0205881652740767,0.05817924079286385
2020-04-28,2.0787674060669405,1.7436215063462024,0.33514589972073816
2020-04-29,2.0787674060669405,1.5795200267094185,0.49924737935752206
2020-04-30,2.0787674060669405,1.5810974274097158,0.49766997865722473
2020-05-01,2.0787674060669405,1.5713302481047797,0.5074371579621608
2020-05-02,2.0787674060669405,1.9384038841921456,0.14036352187479495
2020-05-03,2.0787674060669405,2.0652463021479117,0.013521103919028832
2020-05-04,2.0787674060669405,2.0254383460053758,0.05332906006156479
2020-05-05,2.0787674060669405,2.319893492517778,-0.24112608645083755
2020-05-06,2.0787674060669405,2.3163349808910016,-0.2375675748240611
2020-05-07,2.0787674060669405,2.3588432801565786,-0.2800758740896381
2020-05-08,2.0787674060669405,1.6685787277689765,0.410188678297964
2020-05-09,2.0787674060669405,1.690006474280414,0.3887609317865266
2020-05-10,2.0787674060669405,1.8142450237642884,0.2645223823026521
2020-05-11,2.0787674060669405,1.8922428032883598,0.18652460277858074
2020-05-12,2.0787674060669405,1.6478536411025468,0.4309137649643937
2020-05-13,2.0787674060669405,1.6126425329179521,0.46612487314898843
2020-05-14,2.0787674060669405,1.5933890461314826,0.48537835993545797
2020-05-15,1.9116227993996004,1.6078489913586562,0.3037738080409442
2020-05-16,1.7480112691818523,1.886419545268365,-0.13840827608651263
2020-05-17,1.5839652719259014,1.9380283572566153,-0.35406308533071384
2020-05-18,1.4349480711928468,1.9047903355140157,-0.4698422643211688
2020-05-19,1.2891385661230568,1.9209038338043911,-0.6317652676813343
2020-05-20,1.1204577533993094,1.5226514152493027,-0.4021936618499933
2020-05-21,0.9555601509882123,1.3149438354650802,-0.35938368447686786
2020-05-22,0.9555601509882123,1.2518150488682418,-0.29625489788002946
2020-05-23,0.9555601509882123,1.1650881202803065,-0.20952796929209416
2020-05-24,0.9555601509882123,0.6550838543221673,0.30047629666604503
2020-05-25,0.9555601509882123,0.6446366835531236,0.3109234674350887
2020-05-26,0.7872789874028062,0.46797805764717265,0.31930092975563357
2020-05-27,0.6220207633777137,0.40123356700851825,0.22078719636919547
2020-05-28,0.46426646239702,0.3231947360538728,0.14107172634314724
2020-05-29,0.30147017980755003,0.3776470333882549,-0.07617685358070486
2020-05-30,0.14307061018539155,0.11939811466340432,0.023672495521987233
2020-05-31,0.0,0.10802062224809665,-0.10802062224809665
2020-06-01,0.0,0.2508429691883344,-0.2508429691883344
2020-06-02,0.0,0.6615787323957235,-0.6615787323957235
2020-06-03,0.0,0.41668783722793007,-0.41668783722793007
2020-06-04,0.0,0.2504848316442292,-0.2504848316442292
2020-06-05,0.0,0.2341827790005837,-0.2341827790005837
2020-06-06,0.0,0.07822728154607222,-0.07822728154607222
2020-06-07,0.0,0.07794778084529343,-0.07794778084529343
2020-06-08,0.0,0.06719213760761455,-0.06719213760761455
2020-06-09,0.0,0.05290374744919733,-0.05290374744919733
2020-06-10,0.0,0.05290374744919733,-0.05290374744919733
2020-06-11,0.0,0.03447741635695751,-0.03447741635695751
2020-06-12,0.0,0.05103503414669543,-0.05103503414669543
2020-06-13,0.0,0.05703559246122926,-0.05703559246122926
2020-06-14,0.0,0.03447741635695751,-0.03447741635695751
2020-06-15,0.0,0.06451598708013676,-0.06451598708013676
2020-06-16,0.0,0.015854658404152726,-0.015854658404152726
2020-06-17,0.0,0.001638610271113417,-0.001638610271113417
2020-06-18,0.0,0.01876050065095735,-0.01876050065095735
2020-06-19,0.0,0.01876050065095735,-0.01876050065095735
2020-06-20,0.0,0.027763907794927926,-0.027763907794927926
2020-06-21,0.0,0.050601584599978475,-0.050601584599978475
2020-06-22,0.0,0.02558483501209742,-0.02558483501209742
2020-06-23,0.0,0.06719213760761455,-0.06719213760761455
2020-06-24,0.0,0.07274272515921679,-0.07274272515921679
2020-06-25,0.0,0.07492179794204729,-0.07492179794204729
2020-06-26,0.0,0.06719213760761455,-0.06719213760761455
2020-06-27,0.0,0.052728264438213136,-0.052728264438213136
2020-06-28,0.0,0.07274272515921679,-0.07274272515921679
2020-06-29,0.0,0.07101251387026963,-0.07101251387026963
2020-06-30,0.0,0.06180133052226702,-0.06180133052226702
2020-07-01,0.0,0.035968682459410664,-0.035968682459410664
2020-07-02,0.0,0.11405583353472853,-0.11405583353472853
2020-07-03,0.0,0.24573390824601424,-0.24573390824601424
2020-07-04,0.0,0.25425524327430693,-0.25425524327430693
2020-07-05,0.0,0.2539757425735282,-0.2539757425735282
2020-07-06,0.0,0.2539757425735282,-0.2539757425735282
2020-07-07,0.0,0.25425524327430693,-0.25425524327430693
2020-07-08,0.0,0.24873082913034464,-0.24873082913034464
2020-07-09,0.0,0.24873082913034464,-0.24873082913034464
2020-07-10,0.0,0.10028958506325232,-0.10028958506325232
2020-07-11,0.0,0.040261084119295645,-0.040261084119295645
2020-07-12,0.0,0.012152320463421707,-0.012152320463421707
2020-07-13,0.0,0.001495906720280041,-0.001495906720280041
2020-07-14,0.0,0.001216406019501247,-0.001216406019501247
2020-07-15,0.0,0.0,0.0
2020-07-16,0.0,0.0,0.0
2020-07-17,0.0,0.0,0.0
2020-07-18,0.0,0.0,0.0
2020-07-19,0.0,0.0,0.0
2020-07-20,0.0,0.0,0.0
2020-07-21,0.0,0.0,0.0
2020-07-22,0.0,0.0,0.0
2020-07-23,0.0,0.0,0.0
2020-07-24,0.0,0.0,0.0
2020-07-25,0.0,0.0,0.0
2020-07-26,0.0,0.0,0.0
2020-07-27,0.0,0.0,0.0
2020-07-28,0.0,0.0,0.0
2020-07-29,0.0,0.0,0.0
2020-07-30,0.0,0.0,0.0
2020-07-31,0.0,0.0,0.0
2020-08-01,0.0,0.0,0.0
2020-08-02,0.0,0.0,0.0
2020-08-03,0.0,0.0,0.0
2020-08-04,0.0,0.0,0.0
2020-08-05,0.0,0.0,0.0
2020-08-06,0.0,0.0,0.0
2020-08-07,0.0,0.0,0.0
2020-08-08,0.0,0.0,0.0
2020-08-09,0.0,0.012169220451092425,-0.012169220451092425
2020-08-10,0.0,0.013555202874748054,-0.013555202874748054
2020-08-11,0.0,0.0,0.0
2020-08-12,0.0,0.0,0.0
2020-08-13,0.0,0.0,0.0
2020-08-14,0.0,0.0,0.0
2020-08-15,0.0,0.0,0.0
2020-08-16,0.0,0.0,0.0
2020-08-17,0.0,0.0,0.0
2020-08-18,0.0,0.0,0.0
2020-08-19,0.0,0.0,0.0
2020-08-20,0.0,0.0,0.0
2020-08-21,0.0,0.0,0.0
2020-08-22,0.0,0.0,0.0
2020-08-23,0.0,0.060031507954200376,-0.060031507954200376
2020-08-24,0.0,0.13911756477331658,-0.13911756477331658
2020-08-25,0.0,0.0,0.0
2020-08-26,0.0,0.0,0.0
2020-08-27,0.0,0.0,0.0
2020-08-28,0.0,0.12497158076630621,-0.12497158076630621
2020-08-29,0.0,0.04627323094106094,-0.04627323094106094
2020-08-30,0.0,0.08316024636073222,-0.08316024636073222
2020-08-31,0.0,0.08024800301924577,-0.08024800301924577
2020-09-01,0.0,0.07719619216385878,-0.07719619216385878
2020-09-02,0.0,0.10415203624027713,-0.10415203624027713
2020-09-03,0.0,0.017340210953838503,-0.017340210953838503
2020-09-04,0.0,0.01276692181530291,-0.01276692181530291
2020-09-05,0.0,0.0448368318630427,-0.0448368318630427
2020-09-06,0.0,0.014551711191491139,-0.014551711191491139
2020-09-07,0.0,0.0,0.0
2020-09-08,0.0,0.0,0.0
2020-09-09,0.0,0.0004282381860046437,-0.0004282381860046437
2020-09-10,0.0,0.0,0.0
2020-09-11,0.0,0.003698783646332087,-0.003698783646332087
2020-09-12,0.0,0.0,0.0
2020-09-13,0.0,0.01612155525610038,-0.01612155525610038
2020-09-14,0.0,0.050076634916580334,-0.050076634916580334
2020-09-15,0.0,0.0,0.0
2020-09-16,0.0,0.0,0.0
2020-09-17,0.0,0.04058572623414338,-0.04058572623414338
2020-09-18,0.0,0.0,0.0
2020-09-19,0.0,0.04198468243418709,-0.04198468243418709
2020-09-20,0.0,0.04198468243418709,-0.04198468243418709
2020-09-21,0.0,0.034872501554778564,-0.034872501554778564
2020-09-22,0.0,0.0,0.0
2020-09-23,0.0,0.0,0.0
2020-09-24,0.0,0.0,0.0
2020-09-25,0.0,0.0,0.0
2020-09-26,0.0,0.0,0.0
2020-09-27,0.0,0.0,0.0
2020-09-28,0.0,0.0,0.0
2020-09-29,0.0,0.0,0.0
2020-09-30,0.0,0.0,0.0
2020-10-01,0.0,0.0,0.0
2020-10-02,0.0,0.0,0.0
2020-10-03,0.0,0.10642337505338802,-0.10642337505338802
2020-10-04,0.0,0.1063498064140851,-0.1063498064140851
2020-10-05,0.0,0.10619955830707511,-0.10619955830707511
2020-10-06,0.0,0.1063498064140851,-0.1063498064140851
2020-10-07,0.0,0.10642337505338802,-0.10642337505338802
2020-10-08,0.0,0.10642337505338802,-0.10642337505338802
2020-10-09,0.0,0.0,0.0
2020-10-10,0.0,0.0,0.0
2020-10-11,0.0,0.0,0.0
2020-10-12,0.0,0.10619955830707511,-0.10619955830707511
2020-10-13,0.0,0.10642337505338802,-0.10642337505338802
2020-10-14,0.0,0.1063498064140851,-0.1063498064140851
2020-10-15,0.0,0.1063498064140851,-0.1063498064140851
2020-10-16,0.0,0.10642337505338802,-0.10642337505338802
2020-10-17,0.0,0.10642337505338802,-0.10642337505338802
2020-10-18,0.0,0.1063498064140851,-0.1063498064140851
2020-10-19,0.0,0.1063498064140851,-0.1063498064140851
2020-10-20,0.0,0.10642337505338802,-0.10642337505338802
2020-10-21,0.0,0.10642337505338802,-0.10642337505338802
2020-10-22,0.0,0.10642337505338802,-0.10642337505338802
2020-10-23,0.0,0.10642337505338802,-0.10642337505338802
2020-10-24,0.0,0.10642337505338802,-0.10642337505338802
2020-10-25,0.0,0.10642337505338802,-0.10642337505338802
2020-10-26,0.0,0.10627312694637803,-0.10627312694637803
2020-10-27,0.0,0.10627312694637803,-0.10627312694637803
2020-10-28,0.0,0.10619955830707511,-0.10619955830707511
2020-10-29,0.0,0.10627312694637803,-0.10627312694637803
2020-10-30,0.0,0.10642337505338802,-0.10642337505338802
2020-10-31,0.0,0.1079293332273223,-0.1079293332273223
2020-11-01,0.0,0.10785576458801939,-0.10785576458801939
2020-11-02,0.0,0.10785576458801939,-0.10785576458801939
2020-11-03,0.0,0.10785576458801939,-0.10785576458801939
2020-11-04,0.0,0.10785576458801939,-0.10785576458801939
2020-11-05,0.0,0.10785576458801939,-0.10785576458801939
2020-11-06,0.0,0.10785576458801939,-0.10785576458801939
2020-11-07,0.0,0.1079293332273223,-0.1079293332273223
2020-11-08,0.0,0.1079293332273223,-0.1079293332273223
2020-11-09,0.0,0.1079293332273223,-0.1079293332273223
2020-11-10,0.0,0.1079293332273223,-0.1079293332273223
2020-11-11,0.0,0.1079293332273223,-0.1079293332273223
2020-11-12,0.0,0.10538222486940349,-0.10538222486940349
2020-11-13,0.0,0.10785576458801939,-0.10785576458801939
2020-11-14,0.0,0.1079293332273223,-0.1079293332273223
2020-11-15,0.0,0.1079293332273223,-0.1079293332273223
2020-11-16,0.0,0.1079293332273223,-0.1079293332273223
2020-11-17,0.0,0.10785576458801939,-0.10785576458801939
2020-11-18,0.0,0.1079293332273223,-0.1079293332273223
2020-11-19,0.0,0.12784392275723416,-0.12784392275723416
2020-11-20,0.0,0.10785576458801939,-0.10785576458801939
2020-11-21,0.0,0.1079293332273223,-0.1079293332273223
2020-11-22,0.0,0.1079293332273223,-0.1079293332273223
2020-11-23,0.0,0.1054557935087064,-0.1054557935087064
2020-11-24,0.0,0.1079293332273223,-0.1079293332273223
2020-11-25,0.0,0.1079293332273223,-0.1079293332273223
2020-11-26,0.0,0.1079293332273223,-0.1079293332273223
2020-11-27,0.0,0.1079293332273223,-0.1079293332273223
2020-11-28,0.0,0.10785576458801939,-0.10785576458801939
2020-11-29,0.0,0.1079293332273223,-0.1079293332273223
2020-11-30,0.0,0.1047400511464603,-0.1047400511464603
2020-12-01,0.0,0.10466648250715739,-0.10466648250715739
2020-12-02,0.0,0.10086315047475725,-0.10086315047475725
2020-12-03,0.0,0.1047400511464603,-0.1047400511464603
2020-12-04,0.0,0.1047400511464603,-0.1047400511464603
2020-12-05,0.0,0.10466648250715739,-0.10466648250715739
2020-12-06,0.0,0.10466648250715739,-0.10466648250715739
2020-12-07,0.0,0.10458980303945031,-0.10458980303945031
2020-12-08,0.0,0.1047400511464603,-0.1047400511464603
2020-12-09,0.0,0.1047400511464603,-0.1047400511464603
2020-12-10,0.0,0.1047400511464603,-0.1047400511464603
2020-12-11,0.0,0.1047400511464603,-0.1047400511464603
2020-12-12,0.0,0.1047400511464603,-0.1047400511464603
2020-12-13,0.0,0.1047400511464603,-0.1047400511464603
2020-12-14,0.0,0.10466648250715739,-0.10466648250715739
2020-12-15,0.0,0.1047400511464603,-0.1047400511464603
2020-12-16,0.0,0.1047400511464603,-0.1047400511464603
2020-12-17,0.0,0.1047400511464603,-0.1047400511464603
2020-12-18,0.0,0.1047400511464603,-0.1047400511464603
2020-12-19,0.0,0.1047400511464603,-0.1047400511464603
2020-12-20,0.0,0.10466648250715739,-0.10466648250715739
2020-12-21,0.0,0.1047400511464603,-0.1047400511464603
2020-12-22,0.0,0.10466648250715739,-0.10466648250715739
2020-12-23,0.0,0.10466648250715739,-0.10466648250715739
2020-12-24,0.0,0.1047400511464603,-0.1047400511464603
2020-12-26,0.0,0.1047400511464603,-0.1047400511464603
2020-12-27,0.0,0.10466648250715739,-0.10466648250715739
2020-12-28,0.0,0.1047400511464603,-0.1047400511464603
2020-12-29,0.0,0.1047400511464603,-0.1047400511464603
2020-12-30,0.0,0.10466648250715739,-0.10466648250715739
2020-12-31,0.0,0.10431345103007188,-0.10431345103007188
2021-01-01,0.0,0.10431345103007188,-0.10431345103007188
2021-01-02,0.0,0.10431345103007188,-0.10431345103007188
2021-01-03,0.0,0.10423988239076896,-0.10423988239076896
2021-01-04,0.0,0.10431345103007188,-0.10431345103007188
2021-01-05,0.0,0.10431345103007188,-0.10431345103007188
2021-01-06,0.0,0.10423988239076896,-0.10423988239076896
2021-01-07,0.0,0.10431345103007188,-0.10431345103007188
2021-01-08,0.0,0.1289744392527616,-0.1289744392527616
2021-01-09,0.0,0.12749726846767095,-0.12749726846767095
2021-01-10,0.0,0.10431345103007188,-0.10431345103007188
2021-01-11,0.0,0.10423988239076896,-0.10423988239076896
2021-01-12,0.0,0.10423988239076896,-0.10423988239076896
2021-01-13,0.0,0.10423988239076896,-0.10423988239076896
2021-01-14,0.0,0.10431345103007188,-0.10431345103007188
2021-01-15,0.0,0.0,0.0
2021-01-16,0.0,0.0,0.0
2021-01-17,0.0,0.0,0.0
2021-01-18,0.0,0.0,0.0
2021-01-19,0.0,0.0,0.0
2021-01-20,0.0,0.10431345103007188,-0.10431345103007188
2021-01-21,0.0,0.10431345103007188,-0.10431345103007188
2021-01-22,0.0,0.10431345103007188,-0.10431345103007188
2021-01-23,0.0,0.10431345103007188,-0.10431345103007188
2021-01-24,0.0,0.10431345103007188,-0.10431345103007188
2021-01-25,0.0,0.10431345103007188,-0.10431345103007188
2021-01-26,0.0,0.10431345103007188,-0.10431345103007188
2021-01-27,0.0,0.10431345103007188,-0.10431345103007188
2021-01-28,0.0,0.10431345103007188,-0.10431345103007188
2021-01-29,0.0,0.10431345103007188,-0.10431345103007188
2021-01-30,0.0,0.10431345103007188,-0.10431345103007188
2021-01-31,0.0,0.10431345103007188,-0.10431345103007188
2021-02-01,0.0,0.10529236610128813,-0.10529236610128813
2021-02-02,0.0,0.10529236610128813,-0.10529236610128813
2021-02-03,0.0,0.1047098953865129,-0.1047098953865129
2021-02-04,0.0,0.10463632674720999,-0.10463632674720999
2021-02-05,0.0,0.10463632674720999,-0.10463632674720999
2021-02-06,0.0,0.1047098953865129,-0.1047098953865129
2021-02-07,0.0,0.1047098953865129,-0.1047098953865129
2021-02-08,0.0,0.10529236610128813,-0.10529236610128813
2021-02-09,0.0,0.10529236610128813,-0.10529236610128813
2021-02-10,0.0,0.10521879746198522,-0.10521879746198522
2021-02-11,0.0,0.10529236610128813,-0.10529236610128813
2021-02-12,0.0,0.1047098953865129,-0.1047098953865129
2021-02-13,0.0,0.1047098953865129,-0.1047098953865129
2021-02-14,0.0,0.10174118478395053,-0.10174118478395053
2021-02-15,0.0,0.10181388196720771,-0.10181388196720771
2021-02-16,0.0,0.10188745060651062,-0.10188745060651062
2021-02-17,0.0,0.10576435127821368,-0.10576435127821368
2021-02-18,0.0,0.10926218376962844,-0.10926218376962844
2021-02-19,0.0,0.11780779509954101,-0.11780779509954101
2021-02-20,0.0,0.35007656949966826,-0.35007656949966826
2021-02-21,0.0,0.43123999761532594,-0.43123999761532594
2021-02-22,0.0,0.4502599775241219,-0.4502599775241219
2021-02-23,0.0,0.6074271175884707,-0.6074271175884707
2021-02-24,0.0,0.5409544935542182,-0.5409544935542182
2021-02-25,0.0,0.6039036753977819,-0.6039036753977819
2021-02-26,0.0,0.6000267747260789,-0.6000267747260789
2021-02-27,0.0,0.5955455937618768,-0.5955455937618768
2021-02-28,0.1789914955683243,0.5955455937618768,-0.4165540981935525
2021-03-01,0.3924801763048395,0.6218610677010774,-0.2293808913962379
2021-03-02,0.6130936322524002,0.688693350332961,-0.07559971808056076
2021-03-03,0.8335581906552437,0.5860978076657033,0.24746038298954043
2021-03-04,1.0545753099923796,0.603788158484375,0.45078715150800464
2021-03-05,1.2749777216874172,0.5902990477474428,0.6846786739399744
2021-03-06,1.4910974567703,0.7220991822856156,0.7689982744846843
2021-03-07,1.6865369902523284,0.6649762587981731,1.0215607314541553
2021-03-08,1.8828091091126637,0.6603202960200651,1.2224888130925986
2021-03-09,2.089186556293122,0.834457382490702,1.25472917380242
2021-03-10,2.3126693869592896,0.8919822990970157,1.420687087862274
2021-03-11,2.541427087622171,1.157141664535923,1.384285423086248
2021-03-12,2.7804666465540953,1.1522958290585166,1.6281708174955787
2021-03-13,3.0089996758696196,1.247413789167086,1.7615858867025336
2021-03-14,3.2298771841252507,1.2251901182205087,2.0046870659047418
2021-03-15,3.4405076625496624,1.0014564019345369,2.4390512606151256
2021-03-16,3.6491736018948706,0.8850256452842006,2.76414795661067
2021-03-17,3.8661778259582724,0.9860888435121484,2.880088982446124
2021-03-18,4.089933797459897,1.0177814842870445,3.072152313172852
2021-03-19,4.308891570182866,0.9994349506641442,3.309456619518722
2021-03-20,4.5176428491825815,1.0635099403813433,3.4541329088012382
2021-03-21,4.716367985850171,1.0901590424024712,3.6262089434477
2021-03-22,4.905286295020736,1.008119025488788,3.8971672695319484
2021-03-23,5.085724748400113,1.0174375442981918,4.068287204101922
2021-03-24,5.2526496813845585,1.0152010859753557,4.2374485954092025
2021-03-25,5.2526496813845585,1.0113241853036525,4.241325496080906
2021-03-26,5.2526496813845585,1.0522552570460757,4.200394424338483
2021-03-27,5.2526496813845585,0.97324836167321,4.279401319711348
2021-03-28,5.2526496813845585,0.7900095329735483,4.46264014841101
2021-03-29,5.2526496813845585,0.7613315996517475,4.491318081732811
2021-03-30,5.2526496813845585,0.7833351784193183,4.46931450296524
2021-03-31,5.2526496813845585,0.7833351784193183,4.46931450296524
2021-04-01,5.2526496813845585,0.8333624470016519,4.419287234382907
2021-04-02,5.2526496813845585,1.305335796778193,3.9473138846063653
2021-04-03,5.2526496813845585,1.3020737830881324,3.9505758982964263
2021-04-04,5.2526496813845585,1.6580778883169192,3.5945717930676393
2021-04-05,5.2526496813845585,1.492271169460134,3.7603785119244244
2021-04-06,5.2526496813845585,1.49203374577594,3.7606159356086186
2021-04-07,5.2526496813845585,1.5013067906694215,3.751342890715137
2021-04-08,5.2526496813845585,1.6142412826453814,3.638408398739177
2021-04-09,5.2526496813845585,1.4092001225431185,3.84344955884144
2021-04-10,5.2526496813845585,1.1655497817201794,4.087099899664379
2021-04-11,5.2526496813845585,1.5269722107214398,3.7256774706631184
2021-04-12,5.2526496813845585,1.1144610514059814,4.138188629978577
2021-04-13,5.2526496813845585,1.0650222447940971,4.1876274365904615
2021-04-14,5.2526496813845585,1.0682017291020514,4.1844479522825075
2021-04-15,5.2526496813845585,1.309870826331091,3.9427788550534677
2021-04-16,5.2526496813845585,1.3948915956768657,3.857758085707693
2021-04-17,5.2526496813845585,1.2928943813518783,3.95975530003268
2021-04-18,5.2526496813845585,1.2933394320446443,3.9593102493399144
2021-04-19,5.2526496813845585,1.3102020038665578,3.9424476775180004
2021-04-20,5.2526496813845585,1.4398662147903591,3.8127834665941993
2021-04-21,5.2526496813845585,1.5784498446135515,3.674199836771007
2021-04-22,5.2526496813845585,1.3739151390649187,3.8787345423196395
2021-04-23,5.2526496813845585,1.2018193090524514,4.050830372332107
2021-04-24,5.2526496813845585,0.9733657016202256,4.279283979764333
2021-04-25,5.2526496813845585,0.9336965066999144,4.318953174684644
2021-04-26,5.2526496813845585,0.9251322430069011,4.327517438377657
2021-04-27,5.2526496813845585,0.8394001350977635,4.413249546286795
2021-04-28,5.2526496813845585,0.8150266518358338,4.437623029548725
2021-04-29,5.2526496813845585,1.5201722846678623,3.732477396716696
2021-04-30,5.2526496813845585,4.878411089317045,0.3742385920675133
2021-05-01,5.2526496813845585,4.93441173262577,0.31823794875878875
2021-05-02,5.2526496813845585,4.9255725833098944,0.327077098074664
2021-05-03,5.2526496813845585,5.12469151978772,0.1279581615968386
2021-05-04,5.2526496813845585,5.154144519525293,0.09850516185926583
2021-05-05,5.2526496813845585,5.125243259677576,0.1274064217069828
2021-05-06,5.2526496813845585,3.836680110241,1.4159695711435583
2021-05-07,5.2526496813845585,3.866204894512799,1.3864447868717593
2021-05-08,5.2526496813845585,4.721856859796241,0.5307928215883173
2021-05-09,5.2526496813845585,5.302158097861433,-0.04950841647687465
2021-05-10,5.2526496813845585,5.39665680705134,-0.1440071256667812
2021-05-11,5.2526496813845585,5.357960819590304,-0.10531113820574589
2021-05-12,5.2526496813845585,5.4356841951627635,-0.183034513778205
2021-05-13,5.2526496813845585,7.016041553226159,-1.7633918718416002
2021-05-14,5.2526496813845585,6.731951886564931,-1.4793022051803728
2021-05-15,5.2526496813845585,6.718654230543615,-1.4660045491590568
2021-05-16,5.2526496813845585,6.881023308371165,-1.6283736269866065
2021-05-17,5.2526496813845585,6.852787046312503,-1.600137364927945
2021-05-18,5.2526496813845585,5.658566749533556,-0.4059170681489972
2021-05-19,5.2526496813845585,5.681392214349161,-0.42874253296460285
2021-05-20,5.2526496813845585,4.42256994480958,0.8300797365749784
2021-05-21,5.2526496813845585,4.398149073155334,0.8545006082292241
2021-05-22,5.2526496813845585,4.265026297018206,0.9876233843663522
2021-05-23,5.073658185816234,4.5074150805537325,0.5662431052625019
2021-05-24,4.8601695050797185,4.497370545676777,0.3627989594029417
2021-05-25,4.639556049132158,4.36552361235218,0.2740324367799776
2021-05-26,4.419091490729314,4.2986288036866345,0.12046268704267948
2021-05-27,4.198074371392178,4.217986525906688,-0.01991215451450934
2021-05-28,3.977671959697141,4.243405634289945,-0.2657336745928043
2021-05-29,3.7615522246142583,4.080244760877093,-0.318692536262835
2021-05-30,3.5661126911322296,4.064543420783246,-0.4984307296510164
2021-05-31,3.3698405722718943,4.022535663036733,-0.6526950907648383
2021-06-01,3.163463125091436,5.180455260544776,-2.01699213545334
2021-06-02,2.9399802944252684,5.124020647910565,-2.1840403534852966
2021-06-03,2.711222593762387,4.04442978217303,-1.3332071884106433
2021-06-04,2.4721830348304628,4.0170254029068095,-1.5448423680763468
2021-06-05,2.243650005514939,3.85647473381753,-1.612824728302591
2021-06-06,2.0227724972593073,3.833822293789784,-1.8110497965304768
2021-06-07,1.8121420188348958,3.3905121272753695,-1.5783701084404738
2021-06-08,1.6034760794896872,3.5470678059862237,-1.9435917264965366
2021-06-09,1.3864718554262854,3.491972147133728,-2.1055002917074424
2021-06-10,1.1627158839246619,3.6911690403346378,-2.528453156409976
2021-06-11,0.9437581112016916,3.264702512686189,-2.320944401484497
2021-06-12,0.7350068322019762,2.9514622551242153,-2.2164554229222393
2021-06-13,0.5362816955343871,2.933333395570786,-2.397051700036399
2021-06-14,0.3473633863638221,2.229899314441247,-1.8825359280774248
2021-06-15,0.16692493298444436,2.3945502698869854,-2.227625336902541
2021-06-16,0.0,2.3356017228216155,-2.3356017228216155
2021-06-17,0.0,1.7609570080783425,-1.7609570080783425
2021-06-18,0.0,1.6448333096840888,-1.6448333096840888
2021-06-19,0.0,1.4057712840039613,-1.4057712840039613
2021-06-20,0.0,1.413983365848942,-1.413983365848942
2021-06-21,0.0,1.2958735282713005,-1.2958735282713005
2021-06-22,0.0,1.2792903798849322,-1.2792903798849322
2021-06-23,0.0,0.9953284083724745,-0.9953284083724745
2021-06-24,0.0,0.986826237857073,-0.986826237857073
2021-06-25,0.0,0.41107294397310323,-0.41107294397310323
2021-06-26,0.0,0.2687606565558513,-0.2687606565558513
2021-06-27,0.0,0.2578025218724642,-0.2578025218724642
2021-06-28,0.0,0.12479336751557267,-0.12479336751557267
2021-06-29,0.0,0.10040004300360696,-0.10040004300360696
2021-06-30,0.0,0.07623470966949049,-0.07623470966949049
2021-07-01,0.0,0.12773133262172764,-0.12773133262172764
2021-07-02,0.0,0.12315804348319202,-0.12315804348319202
2021-07-03,0.0,0.10063951748592719,-0.10063951748592719
2021-07-04,0.0,0.14027789886577077,-0.14027789886577077
2021-07-05,0.0,0.132561572646696,-0.132561572646696
2021-07-06,0.0,0.10478787099125113,-0.10478787099125113
2021-07-07,0.0,0.09733451261674898,-0.09733451261674898
2021-07-08,0.0,0.12900535968913648,-0.12900535968913648
2021-07-09,0.0,0.13212793823950372,-0.13212793823950372
2021-07-10,0.0,0.13003061442383024,-0.13003061442383024
2021-07-11,0.0,0.10563728991186455,-0.10563728991186455
2021-07-12,0.0,0.03353882956196857,-0.03353882956196857
2021-07-13,0.0,0.03126920830328738,-0.03126920830328738
2021-07-14,0.0,0.0,0.0
2021-07-15,0.0,0.020392682529046212,-0.020392682529046212
2021-07-16,0.0,0.020392682529046212,-0.020392682529046212
2021-07-17,0.0,0.052756732206532125,-0.052756732206532125
2021-07-18,0.0,0.05971680625144232,-0.05971680625144232
2021-07-19,0.0,0.02393526525420895,-0.02393526525420895
2021-07-20,0.0,0.0,0.0
2021-07-21,0.0,0.0,0.0
2021-07-22,0.0,0.0,0.0
2021-07-23,0.0,0.0,0.0
2021-07-24,0.0,0.0,0.0
2021-07-25,0.0,0.0,0.0
2021-07-26,0.0,0.0,0.0
2021-07-27,0.0,0.008915008461979717,-0.008915008461979717
2021-07-28,0.0,0.014277897782641888,-0.014277897782641888
2021-07-29,0.0,0.009704608644106286,-0.009704608644106286
2021-07-30,0.0,0.016456970565472386,-0.016456970565472386
2021-07-31,0.0,0.0,0.0
2021-08-01,0.0,0.052999979325859696,-0.052999979325859696
2021-08-02,0.0,0.048426690187324095,-0.048426690187324095
2021-08-03,0.0,0.05224071395180982,-0.05224071395180982
2021-08-04,0.0,0.05703781983665833,-0.05703781983665833
2021-08-05,0.0,0.014395698090607362,-0.014395698090607362
2021-08-06,0.0,0.014322129451304436,-0.014322129451304436
2021-08-07,0.0,0.01276074710895215,-0.01276074710895215
2021-08-08,0.0,0.05556064905156766,-0.05556064905156766
2021-08-09,0.0,0.01417188134429445,-0.01417188134429445
2021-08-10,0.0,0.01199280856146394,-0.01199280856146394
2021-08-11,0.0,0.009598592205758847,-0.009598592205758847
2021-08-12,0.0,0.005784568441273125,-0.005784568441273125
2021-08-13,0.0,0.005784568441273125,-0.005784568441273125
2021-08-14,0.0,0.010357857579808729,-0.010357857579808729
2021-08-15,0.0,0.01199280856146394,-0.01199280856146394
2021-08-16,0.0,0.010357857579808729,-0.010357857579808729
2021-08-17,0.0,0.01276074710895215,-0.01276074710895215
2021-08-18,0.0,0.013001702559872815,-0.013001702559872815
2021-08-19,0.0,0.013001702559872815,-0.013001702559872815
2021-08-20,0.0,0.013001702559872815,-0.013001702559872815
2021-08-21,0.0,0.012925023092165755,-0.012925023092165755
2021-08-22,0.0,0.01276074710895215,-0.01276074710895215
2021-08-23,0.0,0.01276074710895215,-0.01276074710895215
2021-08-24,0.0,0.012536930362639238,-0.012536930362639238
2021-08-25,0.0,0.010357857579808729,-0.010357857579808729
2021-08-26,0.0,0.012687178469649224,-0.012687178469649224
2021-08-27,0.0,0.01276074710895215,-0.01276074710895215
2021-08-28,0.0,0.012687178469649224,-0.012687178469649224
2021-08-29,0.0,0.01276074710895215,-0.01276074710895215
2021-08-30,0.0,0.012447448731266915,-0.012447448731266915
2021-08-31,0.0,0.012373880091963989,-0.012373880091963989
2021-09-01,0.0,0.0,0.0
2021-09-02,0.0,0.0,0.0
2021-09-03,0.0,0.0,0.0
2021-09-04,0.0,0.0,0.0
2021-09-05,0.0,0.0,0.0
2021-09-06,0.0,0.0,0.0
2021-09-07,0.0,0.0,0.0
2021-09-08,0.0,0.0,0.0
2021-09-09,0.0,0.0,0.0
2021-09-10,0.0,0.0,0.0
2021-09-11,0.0,0.0,0.0
2021-09-12,0.0,0.0,0.0
2021-09-13,0.0,0.0,0.0
2021-09-14,0.0,0.0,0.0
2021-09-15,0.0,0.0,0.0
2021-09-16,0.0,0.0,0.0
2021-09-17,0.0,0.0,0.0
2021-09-18,0.0,0.0,0.0
2021-09-19,0.0,0.0,0.0
2021-09-20,0.0,0.0,0.0
2021-09-21,0.0,0.0,0.0
2021-09-22,0.0,0.0,0.0
2021-09-23,0.0,0.0,0.0
2021-09-24,0.0,0.0,0.0
2021-09-25,0.0,0.0,0.0
2021-09-26,0.0,0.0,0.0
2021-09-27,0.0,0.0,0.0
2021-09-28,0.0,0.0,0.0
2021-09-29,0.0,0.0,0.0
2021-09-30,0.0,0.03884332521914802,-0.03884332521914802
2021-10-01,0.0,0.03876664575144096,-0.03876664575144096
2021-10-02,0.0,0.03891689385845094,-0.03891689385845094
2021-10-03,0.0,0.03891689385845094,-0.03891689385845094
2021-10-04,0.0,0.03884332521914802,-0.03884332521914802
2021-10-05,0.0,0.03891689385845094,-0.03891689385845094
2021-10-06,0.0,0.039231417948674525,-0.039231417948674525
2021-10-07,0.0,0.0391578493093716,-0.0391578493093716
2021-10-08,0.0,0.0391578493093716,-0.0391578493093716
2021-10-09,0.0,0.0391578493093716,-0.0391578493093716
2021-10-10,0.0,0.039231417948674525,-0.039231417948674525
2021-10-11,0.0,0.0391578493093716,-0.0391578493093716
2021-10-12,0.0,0.039231417948674525,-0.039231417948674525
2021-10-13,0.0,0.039231417948674525,-0.039231417948674525
2021-10-14,0.0,0.0391578493093716,-0.0391578493093716
2021-10-15,0.0,0.039007601202361616,-0.039007601202361616
2021-10-16,0.0,0.039231417948674525,-0.039231417948674525
2021-10-17,0.0,0.039007601202361616,-0.039007601202361616
2021-10-18,0.0,0.039231417948674525,-0.039231417948674525
2021-10-19,0.0,0.0391578493093716,-0.0391578493093716
2021-10-20,0.0,0.039231417948674525,-0.039231417948674525
2021-10-21,0.0,0.039231417948674525,-0.039231417948674525
2021-10-22,0.0,0.0391578493093716,-0.0391578493093716
2021-10-23,0.0,0.039007601202361616,-0.039007601202361616
2021-10-24,0.0,0.039007601202361616,-0.039007601202361616
2021-10-25,0.0,0.0391578493093716,-0.0391578493093716
2021-10-26,0.0,0.039231417948674525,-0.039231417948674525
2021-10-27,0.0,0.039231417948674525,-0.039231417948674525
2021-10-28,0.0,0.039231417948674525,-0.039231417948674525
2021-10-29,0.0,0.05356101599802909,-0.05356101599802909
2021-10-30,0.0,0.05348744735872617,-0.05348744735872617
2021-10-31,0.0,0.0,0.0
2021-11-01,0.0,0.0,0.0
2021-11-02,0.0,0.0,0.0
2021-11-03,0.0,0.0,0.0
2021-11-04,0.0,0.0,0.0
2021-11-05,0.0,0.0,0.0
2021-11-06,0.0,0.011846196943385158,-0.011846196943385158
2021-11-07,0.0,0.0,0.0
2021-11-08,0.0,0.0,0.0
2021-11-09,0.0,0.0,0.0
2021-11-10,0.0,0.0,0.0
2021-11-11,0.0,0.015891187129658736,-0.015891187129658736
2021-11-12,0.0,0.0,0.0
2021-11-13,0.0,0.0,0.0
2021-11-14,0.0,0.0,0.0
2021-11-15,0.0,0.0,0.0
2021-11-16,0.0,0.015891187129658736,-0.015891187129658736
2021-11-17,0.0,0.0,0.0
2021-11-18,0.0,0.0,0.0
2021-11-19,0.0,0.0,0.0
2021-11-20,0.0,0.0,0.0
2021-11-21,0.0,0.0,0.0
2021-11-22,0.0,0.0,0.0
2021-11-23,0.0,0.0,0.0
2021-11-24,0.0,0.0,0.0
2021-11-25,0.0,0.0,0.0
2021-11-26,0.0,0.0,0.0
2021-11-27,0.0,0.0,0.0
2021-11-28,0.0,0.0,0.0
2021-11-29,0.0,0.0,0.0
2021-11-30,0.0,0.048749265404351365,-0.048749265404351365
2021-12-01,0.0,0.04867569676504844,-0.04867569676504844
2021-12-02,0.0,0.04867569676504844,-0.04867569676504844
2021-12-03,0.0,0.048749265404351365,-0.048749265404351365
2021-12-04,0.0,0.04867569676504844,-0.04867569676504844
2021-12-05,0.0,0.048749265404351365,-0.048749265404351365
2021-12-06,0.0,0.04867569676504844,-0.04867569676504844
2021-12-07,0.0,0.048749265404351365,-0.048749265404351365
2021-12-08,0.0,0.04867569676504844,-0.04867569676504844
2021-12-09,0.0,0.048749265404351365,-0.048749265404351365
2021-12-10,0.0,0.048749265404351365,-0.048749265404351365
2021-12-11,0.0,0.05788454799501391,-0.05788454799501391
2021-12-12,0.0,0.04950429175948071,-0.04950429175948071
2021-12-13,0.0,0.04957786039878364,-0.04957786039878364
2021-12-14,0.0,0.04832956828018444,-0.04832956828018444
2021-12-15,0.0,0.04561726038841156,-0.04561726038841156
2021-12-16,0.0,0.04561726038841156,-0.04561726038841156
2021-12-17,0.0,0.04561726038841156,-0.04561726038841156
2021-12-18,0.0,0.03175563381579702,-0.03175563381579702
2021-12-19,0.0,0.03168206517649409,-0.03168206517649409
2021-12-20,0.0,0.03175563381579702,-0.03175563381579702
2021-12-21,0.0,0.052657021874745996,-0.052657021874745996
2021-12-22,0.0,0.04859901729734138,-0.04859901729734138
2021-12-23,0.0,0.037449433322873635,-0.037449433322873635
2021-12-24,0.0,0.06754781987867609,-0.06754781987867609
2021-12-26,0.0,0.0921694364698798,-0.0921694364698798
2021-12-27,0.0,0.0021870427574712647,-0.0021870427574712647
2021-12-28,0.0,0.0021870427574712647,-0.0021870427574712647
2021-12-29,0.0,0.12953178867229978,-0.12953178867229978
2021-12-30,0.0,0.0,0.0
2021-12-31,0.0,0.0,0.0
2022-01-01,0.0,9.051032803644466e-05,-9.051032803644466e-05
2022-01-02,0.0,0.0,0.0
2022-01-03,0.0,0.0,0.0
2022-01-04,0.0,0.0,0.0
2022-01-05,0.0,0.0,0.0
2022-01-06,0.0,0.038506069831896465,-0.038506069831896465
2022-01-07,0.0,0.04522117745216274,-0.04522117745216274
2022-01-08,0.0,0.014147724745580239,-0.014147724745580239
2022-01-09,0.0,0.014147724745580239,-0.014147724745580239
2022-01-10,0.0,0.014147724745580239,-0.014147724745580239
2022-01-11,0.0,0.014147724745580239,-0.014147724745580239
2022-01-12,0.0,0.022466272463066067,-0.022466272463066067
2022-01-13,0.0,0.022466272463066067,-0.022466272463066067
2022-01-14,0.0,0.0,0.0
2022-01-15,0.0,0.0,0.0
2022-01-16,0.0,0.0,0.0
2022-01-17,0.0,0.0,0.0
2022-01-18,0.0,0.0,0.0
2022-01-19,0.0,0.0,0.0
2022-01-20,0.0,0.0,0.0
2022-01-21,0.0,0.017435955281168453,-0.017435955281168453
2022-01-22,0.0,0.0,0.0
2022-01-23,0.0,0.0,0.0
2022-01-24,0.0,0.028067492257814658,-0.028067492257814658
2022-01-25,0.0,0.014287374395352572,-0.014287374395352572
2022-01-26,0.0,0.014093279323931458,-0.014093279323931458
2022-01-27,0.0,0.014360943034655498,-0.014360943034655498
2022-01-28,0.0,0.0698821656748525,-0.0698821656748525
2022-01-29,0.0,0.10614791994552217,-0.10614791994552217
2022-01-30,0.0,0.10074860222509065,-0.10074860222509065
2022-01-31,0.0,0.1276265694766279,-0.1276265694766279
2022-02-01,0.0,0.07374029781808615,-0.07374029781808615
2022-02-02,0.0,0.07210534683643094,-0.07210534683643094
2022-02-03,0.0,0.09336182150529874,-0.09336182150529874
2022-02-04,0.0,0.1057609933459537,-0.1057609933459537
2022-02-05,0.0,0.1221493395788746,-0.1221493395788746
2022-02-06,0.0,0.09864881246654515,-0.09864881246654515
2022-02-07,0.0,0.041967128715987866,-0.041967128715987866
2022-02-08,0.0,0.041967128715987866,-0.041967128715987866
2022-02-09,0.0,0.03920887174319548,-0.03920887174319548
2022-02-10,0.15247453271435418,0.0670184408517011,0.08545609186265309
2022-02-11,0.3375795339419904,0.03920887174319548,0.29837066219879493
2022-02-12,0.5300269574291759,0.03920887174319548,0.49081808568598045
2022-02-13,0.7202983567149681,0.06386985996588522,0.6564284967490829
2022-02-14,0.9280222627346225,0.07050280635854848,0.8575194563760741
2022-02-15,1.1511556302382857,0.04161411584662077,1.109541514391665
2022-02-16,1.3729321189366945,0.5017112440076824,0.8712208749290121
2022-02-17,1.5834615245178603,0.5572324666478794,1.0262290578699809
2022-02-18,1.782279613820106,0.4977995652715193,1.2844800485485868
2022-02-19,1.9810083896579198,0.5063451766014319,1.474663213056488
2022-02-20,2.1847406393398843,0.5691480928665552,1.6155925464733292
2022-02-21,2.4096801380621713,0.46435032286145106,1.9453298152007203
2022-02-22,2.636122389416235,0.48397839204555915,2.152143997370676
2022-02-23,2.8068947351053493,0.48553602329184126,2.321358711813508
2022-02-24,3.0532259595823916,0.4756418028745237,2.577584156707868
2022-02-25,3.2916734490292643,0.5348048735430312,2.756868575486233
2022-02-26,3.563467273199421,0.5348048735430312,3.02866239965639
2022-02-27,3.83914777939341,0.5348048735430312,3.304342905850379
2022-02-28,4.096150211212494,0.49723555820214405,3.5989146530103504
2022-03-01,4.3545776997472405,0.4510548132168834,3.9035228865303573
2022-03-02,4.614166944845637,0.0,4.614166944845637
2022-03-03,4.8264026300234635,0.0,4.8264026300234635
2022-03-04,5.0319652396872465,0.0,5.0319652396872465
2022-03-05,5.221096367412211,0.0,5.221096367412211
2022-03-06,5.4247969704383445,0.15220346271862933,5.272593507719715
2022-03-07,5.634096241900766,0.18724410225279797,5.446852139647968
2022-03-08,5.829996557911686,0.0024471018168038573,5.827549456094882
2022-03-09,5.991782034318376,0.0,5.991782034318376
2022-03-10,5.991782034318376,0.0,5.991782034318376
2022-03-11,5.991782034318376,0.09992068102622503,5.8918613532921515
2022-03-12,5.991782034318376,0.1138260975106779,5.877955936807698
2022-03-13,5.991782034318376,0.1138260975106779,5.877955936807698
2022-03-14,5.991782034318376,0.11756367029694657,5.87421836402143
2022-03-15,5.991782034318376,0.07342755971742095,5.918354474600956
2022-03-16,5.991782034318376,0.08706930139239263,5.904712732925984
2022-03-17,5.991782034318376,0.08872016338184012,5.903061870936536
2022-03-18,5.991782034318376,0.08872016338184012,5.903061870936536
2022-03-19,5.991782034318376,0.08876488864090853,5.903017145677468
2022-03-20,5.991782034318376,0.08087126311684933,5.910910771201527
2022-03-21,5.991782034318376,0.08082653785778092,5.910955496460596
2022-03-22,5.991782034318376,0.08082653785778092,5.910955496460596
2022-03-23,5.991782034318376,0.08087126311684933,5.910910771201527
2022-03-24,5.991782034318376,0.07480436944074018,5.916977664877636
2022-03-25,5.991782034318376,0.07011278640383324,5.921669247914543
2022-03-26,5.991782034318376,0.0,5.991782034318376
2022-03-27,5.991782034318376,0.0,5.991782034318376
2022-03-28,5.991782034318376,0.0,5.991782034318376
2022-03-29,5.991782034318376,0.0,5.991782034318376
2022-03-30,5.991782034318376,0.09211146508985989,5.899670569228516
2022-03-31,5.991782034318376,0.14464360007218505,5.847138434246191
2022-04-01,5.991782034318376,0.37611537644541904,5.615666657872957
2022-04-02,5.991782034318376,0.3993291600883922,5.592452874229984
2022-04-03,5.991782034318376,0.4858750658664211,5.5059069684519555
2022-04-04,5.991782034318376,0.47406047346818164,5.517721560850195
2022-04-05,5.991782034318376,0.38977773128047216,5.602004303037904
2022-04-06,5.991782034318376,0.36090153685307025,5.630880497465306
2022-04-07,5.991782034318376,0.28317929743979703,5.708602736878579
2022-04-08,5.991782034318376,1.2345229113743799,4.757259122943997
2022-04-09,5.991782034318376,1.70564426807537,4.286137766243006
2022-04-10,5.991782034318376,1.8030204536330696,4.1887615806853065
2022-04-11,5.991782034318376,1.5390314043952205,4.452750629923155
2022-04-12,5.991782034318376,1.8208661909999528,4.170915843318424
2022-04-13,5.991782034318376,2.144175736428103,3.847606297890273
2022-04-14,5.991782034318376,2.3350408882125726,3.6567411461058037
2022-04-15,5.991782034318376,2.294716902227759,3.6970651320906174
2022-04-16,5.991782034318376,4.903628632783103,1.0881534015352736
2022-04-17,5.991782034318376,5.441296725627337,0.5504853086910391
2022-04-18,5.991782034318376,5.449246288270077,0.5425357460482996
2022-04-19,5.991782034318376,6.11249157384429,-0.12070953952591346
2022-04-20,5.991782034318376,5.8799320107969,0.11185002352147588
2022-04-21,5.991782034318376,5.179713261662028,0.8120687726563487
2022-04-22,5.991782034318376,5.1642316213636414,0.8275504129547349
2022-04-23,5.991782034318376,5.183199869144977,0.8085821651733989
2022-04-24,5.991782034318376,3.8484895138637683,2.143292520454608
2022-04-25,5.991782034318376,5.521056069372309,0.4707259649460669
2022-04-26,5.991782034318376,5.338088528211553,0.6536935061068236
2022-04-27,5.991782034318376,5.314440785353885,0.677341248964491
2022-04-28,5.991782034318376,5.4182380114255615,0.5735440228928148
2022-04-29,5.991782034318376,5.622332217955784,0.3694498163625921
2022-04-30,5.991782034318376,5.564465301718075,0.42731673260030156
2022-05-01,5.991782034318376,5.5259768503326185,0.46580518398575776
2022-05-02,5.991782034318376,5.542724151514195,0.4490578828041816
2022-05-03,5.991782034318376,5.293587554248216,0.6981944800701605
2022-05-04,5.991782034318376,4.89315466200875,1.0986273723096263
2022-05-05,5.839307501604021,5.397095759564012,0.44221174204000935
2022-05-06,5.654202500376385,5.473441917198973,0.1807605831774124
2022-05-07,5.4617550768892,5.053805346926054,0.40794972996314627
2022-05-08,5.271483677603408,4.711596703984741,0.5598869736186671
2022-05-09,5.0637597715837535,4.937433209988907,0.1263265615948468
2022-05-10,4.840626404080091,5.08325184410507,-0.24262544002497943
2022-05-11,4.6188499153816815,4.971138732176793,-0.35228881679511126
2022-05-12,4.408320509800516,4.174942939801036,0.23337756999948045
2022-05-13,4.2095024204982705,4.102717231021431,0.1067851894768399
2022-05-14,4.010773644660456,4.733086265249819,-0.7223126205893626
2022-05-15,3.807041394978492,3.3962183478506516,0.41082304712784046
2022-05-16,3.582101896256205,2.851239528218784,0.7308623680374211
2022-05-17,3.355659644902141,2.7095147059680182,0.646144938934123
2022-05-18,3.184887299213027,2.535227018436458,0.649660280776569
2022-05-19,2.9385560747359847,1.8798684279331783,1.0586876468028064
2022-05-20,2.700108585289112,1.5132396448815082,1.1868689404076038
2022-05-21,2.4283147611189553,1.3482714871834354,1.08004327393552
2022-05-22,2.1526342549249664,0.7005629881593937,1.4520712667655729
2022-05-23,1.8956318231058822,0.3523275008618203,1.5433043222440619
2022-05-24,1.637204334571136,0.3435392530519017,1.2936650815192343
2022-05-25,1.3776150894727393,0.26469041027229406,1.1129246792004452
2022-05-26,1.1653794042949133,0.27103104596690303,0.8943483583280103
2022-05-27,0.9598167946311297,0.2381807402476764,0.7216360543834532
2022-05-28,0.7706856669061644,0.31222760792514787,0.4584580589810165
2022-05-29,0.5669850638800317,0.2517332251882255,0.3152518386918062
2022-05-30,0.3576857924176099,0.25994994897631113,0.09773584344129876
2022-05-31,0.16178547640668992,0.12353665485070102,0.038248821555988896
2022-06-01,0.0,0.053258874591184766,-0.053258874591184766
2022-06-02,0.0,0.05652617403818532,-0.05652617403818532
2022-06-03,0.0,0.059761443472141546,-0.059761443472141546
2022-06-04,0.0,0.05985156567612927,-0.05985156567612927
2022-06-05,0.0,0.06020646892251967,-0.06020646892251967
2022-06-06,0.0,0.057453670333090665,-0.057453670333090665
2022-06-07,0.0,0.05333016757455761,-0.05333016757455761
2022-06-08,0.0,0.06353944705597876,-0.06353944705597876
2022-06-09,0.0,0.0,0.0
2022-06-10,0.0,0.0,0.0
2022-06-11,0.0,0.0,0.0
2022-06-12,0.0,0.0,0.0
2022-06-13,0.0,0.0,0.0
2022-06-14,0.0,0.0,0.0
2022-06-15,0.0,0.0,0.0
2022-06-16,0.0,0.0,0.0
2022-06-17,0.0,0.030425030392662242,-0.030425030392662242
2022-06-18,0.0,0.0,0.0
2022-06-19,0.0,0.0,0.0
2022-06-20,0.0,0.0,0.0
2022-06-21,0.0,0.0,0.0
2022-06-22,0.0,0.0,0.0
2022-06-23,0.0,0.0,0.0
2022-06-24,0.0,0.0,0.0
2022-06-25,0.0,0.0,0.0
2022-06-26,0.0,0.0,0.0
2022-06-27,0.0,0.0,0.0
2022-06-28,0.0,0.0,0.0
2022-06-29,0.0,0.0,0.0
2022-06-30,0.0,0.05001491800584871,-0.05001491800584871
2022-07-01,0.0,0.05458820714438431,-0.05458820714438431
2022-07-02,0.0,0.0399298385828104,-0.0399298385828104
2022-07-03,0.0,0.04306184359875021,-0.04306184359875021
2022-07-04,0.0,0.05314692302178852,-0.05314692302178852
2022-07-05,0.0,0.05779378079962705,-0.05779378079962705
2022-07-06,0.0,0.05314692302178852,-0.05314692302178852
2022-07-07,0.0,0.05314692302178852,-0.05314692302178852
2022-07-08,0.0,0.05772021216032412,-0.05772021216032412
2022-07-09,0.0,0.05314692302178852,-0.05314692302178852
2022-07-10,0.0,0.05314692302178852,-0.05314692302178852
2022-07-11,0.0,0.04346418275027248,-0.04346418275027248
2022-07-12,0.0,0.043390614110969554,-0.043390614110969554
2022-07-13,0.0,0.043390614110969554,-0.043390614110969554
2022-07-14,0.0,0.04346418275027248,-0.04346418275027248
2022-07-15,0.0,0.04033217773433267,-0.04033217773433267
2022-07-16,0.0,0.04033217773433267,-0.04033217773433267
2022-07-17,0.0,0.04033217773433267,-0.04033217773433267
2022-07-18,0.0,0.03757392076154028,-0.03757392076154028
2022-07-19,0.0,0.04055567767047011,-0.04055567767047011
2022-07-20,0.0,0.040632357138177165,-0.040632357138177165
2022-07-21,0.0,0.037423672654530296,-0.037423672654530296
2022-07-22,0.0,0.037423672654530296,-0.037423672654530296
2022-07-23,0.0,0.03750035212223735,-0.03750035212223735
2022-07-24,0.0,0.040632357138177165,-0.040632357138177165
2022-07-25,0.0,0.040632357138177165,-0.040632357138177165
2022-07-26,0.0,0.040632357138177165,-0.040632357138177165
2022-07-27,0.0,0.040632357138177165,-0.040632357138177165
2022-07-28,0.0,0.040632357138177165,-0.040632357138177165
2022-07-29,0.0,0.040632357138177165,-0.040632357138177165
2022-07-30,0.0,0.04070592577748009,-0.04070592577748009
2022-07-31,0.0,0.0,0.0
2022-08-01,0.0,0.0,0.0
2022-08-02,0.0,0.0,0.0
2022-08-03,0.0,0.0,0.0
2022-08-04,0.0,0.0,0.0
2022-08-05,0.0,0.0,0.0
2022-08-06,0.0,0.0,0.0
2022-08-07,0.0,0.0,0.0
2022-08-08,0.0,0.0,0.0
2022-08-09,0.0,0.0,0.0
2022-08-10,0.0,0.0,0.0
2022-08-11,0.0,0.0,0.0
2022-08-12,0.0,0.0,0.0
2022-08-13,0.0,0.0,0.0
2022-08-14,0.0,0.0,0.0
2022-08-15,0.0,0.0,0.0
2022-08-16,0.0,0.0,0.0
2022-08-17,0.0,0.0,0.0
2022-08-18,0.0,0.0,0.0
2022-08-19,0.0,0.0,0.0
2022-08-20,0.0,0.0,0.0
2022-08-21,0.0,0.0,0.0
2022-08-22,0.0,0.0,0.0
2022-08-23,0.0,0.0,0.0
2022-08-24,0.0,0.0,0.0
2022-08-25,0.0,0.0,0.0
2022-08-26,0.0,0.0,0.0
2022-08-27,0.0,0.0,0.0
2022-08-28,0.0,0.0,0.0
2022-08-29,0.0,0.0,0.0
2022-08-30,0.0,0.0,0.0
2022-08-31,0.0,0.0,0.0
2022-09-01,0.0,0.0,0.0
2022-09-02,0.0,0.0,0.0
2022-09-03,0.0,0.0,0.0
2022-09-04,0.0,0.0,0.0
2022-09-05,0.0,0.0,0.0
2022-09-06,0.0,0.0,0.0
2022-09-07,0.0,0.0,0.0
2022-09-08,0.0,0.0,0.0
2022-09-09,0.0,0.0,0.0
2022-09-10,0.0,0.0,0.0
2022-09-11,0.0,0.0,0.0
2022-09-12,0.0,0.0,0.0
2022-09-13,0.0,0.0,0.0
2022-09-14,0.0,0.0,0.0
2022-09-15,0.0,0.0,0.0
2022-09-16,0.0,0.0,0.0
2022-09-17,0.0,0.0,0.0
2022-09-18,0.0,0.0,0.0
2022-09-19,0.0,0.0,0.0
2022-09-20,0.0,0.015209959495426898,-0.015209959495426898
2022-09-21,0.0,0.015209959495426898,-0.015209959495426898
2022-09-22,0.0,0.015136390856123972,-0.015136390856123972
2022-09-23,0.0,0.012004385840184163,-0.012004385840184163
2022-09-24,0.0,0.012004385840184163,-0.012004385840184163
2022-09-25,0.0,0.0,0.0
2022-09-26,0.0,0.0,0.0
2022-09-27,0.0,0.013306575125845066,-0.013306575125845066
2022-09-28,0.0,0.013380143765147992,-0.013380143765147992
2022-09-29,0.0,0.030386657269100885,-0.030386657269100885
2022-09-30,0.0,0.0375049613843406,-0.0375049613843406
2022-10-01,0.0,0.02057201651969063,-0.02057201651969063
2022-10-02,0.0,0.0,0.0
2022-10-03,0.0,0.0,0.0
2022-10-04,0.0,0.0,0.0
2022-10-05,0.0,0.0,0.0
2022-10-06,0.0,0.0,0.0
2022-10-07,0.0,0.0,0.0
2022-10-08,0.0,0.0,0.0
2022-10-09,0.0,0.0,0.0
2022-10-10,0.0,0.0,0.0
2022-10-11,0.0,0.0,0.0
2022-10-12,0.0,0.0,0.0
2022-10-13,0.0,0.0,0.0
2022-10-14,0.0,0.0,0.0
2022-10-15,0.0,0.0,0.0
2022-10-16,0.0,0.0,0.0
2022-10-17,0.0,0.0,0.0
2022-10-18,0.0,0.0,0.0
2022-10-19,0.0,0.0,0.0
2022-10-20,0.0,0.0,0.0
2022-10-21,0.0,0.0,0.0
2022-10-22,0.0,0.0,0.0
2022-10-23,0.0,0.0,0.0
2022-10-24,0.0,0.0,0.0
2022-10-25,0.0,0.0,0.0
2022-10-26,0.0,0.0,0.0
2022-10-27,0.0,0.0,0.0
2022-10-28,0.0,0.0,0.0
2022-10-29,0.0,0.0,0.0
2022-10-30,0.0,0.0,0.0
2022-10-31,0.0,0.0,0.0
2022-11-01,0.0,0.0,0.0
2022-11-02,0.0,0.0,0.0
2022-11-03,0.0,0.008219546961781904,-0.008219546961781904
2022-11-04,0.0,0.00829311560108483,-0.00829311560108483
2022-11-05,0.0,0.00829311560108483,-0.00829311560108483
2022-11-06,0.0,0.003646257823246296,-0.003646257823246296
2022-11-07,0.0,0.008219546961781904,-0.008219546961781904
2022-11-08,0.0,0.008219546961781904,-0.008219546961781904
2022-11-09,0.0,0.0,0.0
2022-11-10,0.0,0.0,0.0
2022-11-11,0.0,0.0,0.0
2022-11-12,0.0,0.0,0.0
2022-11-13,0.0,0.0,0.0
2022-11-14,0.0,0.0,0.0
2022-11-15,0.0,0.0,0.0
2022-11-16,0.0,0.0,0.0
2022-11-17,0.0,0.0,0.0
2022-11-18,0.0,0.0,0.0
2022-11-19,0.0,0.0,0.0
2022-11-20,0.0,0.0,0.0
2022-11-21,0.0,0.0,0.0
2022-11-22,0.0,0.0,0.0
2022-11-23,0.0,0.0,0.0
2022-11-24,0.0,0.0,0.0
2022-11-25,0.0,0.0,0.0
2022-11-26,0.0,0.0,0.0
2022-11-27,0.0,0.0,0.0
2022-11-28,0.0,0.0,0.0
2022-11-29,0.0,0.0,0.0
2022-11-30,0.0,0.0,0.0
2022-12-01,0.0,0.0,0.0
2022-12-02,0.0,0.0,0.0
2022-12-03,0.0,0.0,0.0
2022-12-04,0.0,0.0,0.0
2022-12-05,0.0,0.0,0.0
2022-12-06,0.0,0.0,0.0
2022-12-07,0.0,0.0,0.0
2022-12-08,0.0,0.0,0.0
2022-12-09,0.0,0.0,0.0
2022-12-10,0.0,0.0,0.0
2022-12-11,0.0,0.025984213079597807,-0.025984213079597807
2022-12-12,0.0,0.0,0.0
2022-12-13,0.0,0.0,0.0
2022-12-14,0.0,0.0,0.0
2022-12-15,0.0,0.0,0.0
2022-12-16,0.0,0.0,0.0
2022-12-17,0.0,0.0,0.0
2022-12-18,0.0,0.0,0.0
2022-12-19,0.0,0.0,0.0
2022-12-20,0.0,0.0,0.0
2022-12-21,0.0,0.0,0.0
2022-12-22,0.0,0.0,0.0
2022-12-23,0.0,0.0,0.0
2022-12-24,0.0,0.0,0.0
2022-12-26,0.0,0.0,0.0
2022-12-27,0.0,0.0,0.0
2022-12-28,0.0,0.0,0.0
2022-12-29,0.0,0.0,0.0
2022-12-30,0.0,0.0,0.0
2022-12-31,0.0,0.0,0.0
2023-01-01,0.0,0.0,0.0
2023-01-02,0.0,0.0,0.0
2023-01-03,0.0,0.0,0.0
2023-01-04,0.0,0.0,0.0
2023-01-05,0.0,0.0,0.0
2023-01-06,0.0,0.0,0.0
2023-01-07,0.0,0.0,0.0
2023-01-08,0.0,0.0,0.0
2023-01-09,0.0,0.0,0.0
2023-01-10,0.0,0.0,0.0
2023-01-11,0.0,0.0,0.0
2023-01-12,0.0,0.0,0.0
2023-01-13,0.0,0.0,0.0
2023-01-14,0.0,0.0,0.0
2023-01-15,0.0,0.0,0.0
2023-01-16,0.0,0.0,0.0
2023-01-17,0.0,0.0,0.0
2023-01-18,0.0,0.0,0.0
2023-01-19,0.0,0.0,0.0
2023-01-20,0.0,0.0,0.0
2023-01-21,0.0,0.0,0.0
2023-01-22,0.0,0.0,0.0
2023-01-23,0.0,0.0,0.0
2023-01-24,0.0,0.0,0.0
2023-01-25,0.0,0.0,0.0
2023-01-26,0.0,0.0,0.0
2023-01-27,0.0,0.0,0.0
2023-01-28,0.0,0.0,0.0
2023-01-29,0.0,0.0,0.0
2023-01-30,0.0,0.053711759475948966,-0.053711759475948966
2023-01-31,0.0,0.053711759475948966,-0.053711759475948966
2023-02-01,0.0,0.053711759475948966,-0.053711759475948966
2023-02-02,0.0,0.053129288761173746,-0.053129288761173746
2023-02-03,0.0,0.053129288761173746,-0.053129288761173746
2023-02-04,0.0,0.053129288761173746,-0.053129288761173746
2023-02-05,0.0,0.053129288761173746,-0.053129288761173746
2023-02-06,0.0,0.053129288761173746,-0.053129288761173746
2023-02-07,0.0,0.053129288761173746,-0.053129288761173746
2023-02-08,0.0,0.051779222287987446,-0.051779222287987446
2023-02-09,0.0,0.051779222287987446,-0.051779222287987446
2023-02-10,0.0,0.051779222287987446,-0.051779222287987446
2023-02-11,0.0,0.051779222287987446,-0.051779222287987446
2023-02-12,0.0,0.051779222287987446,-0.051779222287987446
2023-02-13,0.0,0.051779222287987446,-0.051779222287987446
2023-02-14,0.0,0.0634966465713124,-0.0634966465713124
2023-02-15,0.0,0.050470726676392526,-0.050470726676392526
2023-02-16,0.1465580884975703,0.045056155021435756,0.10150193347613454
2023-02-17,0.311170524691429,0.045056155021435756,0.26611436966999324
2023-02-18,0.46960232025166143,0.05001947669195688,0.41958284355970454
2023-02-19,0.6178050722196937,0.049429805431206904,0.5683752667884868
2023-02-20,0.7723528059134652,0.0,0.7723528059134652
2023-02-21,0.9420782140235912,0.0,0.9420782140235912
2023-02-22,1.1261157780760627,0.0,1.1261157780760627
2023-02-23,1.3199210971030293,0.0,1.3199210971030293
2023-02-24,1.5039390489951268,0.0,1.5039390489951268
2023-02-25,1.6936578770935513,0.0,1.6936578770935513
2023-02-26,1.8782737616419627,0.0,1.8782737616419627
2023-02-27,2.0643741326247835,0.0,2.0643741326247835
2023-02-28,2.2689631004706095,0.0,2.2689631004706095
2023-03-01,2.4667589953054505,0.12165020877591241,2.345108786529538
2023-03-02,2.667412187643554,0.08492483733254572,2.5824873503110086
2023-03-03,2.855258027513554,0.011356003958914361,2.84390202355464
2023-03-04,3.0299223618987328,0.005247484488959678,3.024674877409773
2023-03-05,3.1948989859682535,0.0,3.1948989859682535
2023-03-06,3.3695935005753586,0.0,3.3695935005753586
2023-03-07,3.5399015527252655,0.0,3.5399015527252655
2023-03-08,3.7311825144734585,0.0,3.7311825144734585
2023-03-09,3.93255922957639,0.0,3.93255922957639
2023-03-10,4.143749296082603,0.0,4.143749296082603
2023-03-11,4.303869555595588,0.0,4.303869555595588
2023-03-12,4.303869555595588,0.0,4.303869555595588
2023-03-13,4.303869555595588,0.0,4.303869555595588
2023-03-14,4.303869555595588,0.0,4.303869555595588
2023-03-15,4.303869555595588,0.0,4.303869555595588
2023-03-16,4.303869555595588,0.0,4.303869555595588
2023-03-17,4.303869555595588,0.0,4.303869555595588
2023-03-18,4.303869555595588,0.0,4.303869555595588
2023-03-19,4.303869555595588,0.0,4.303869555595588
2023-03-20,4.303869555595588,0.0,4.303869555595588
2023-03-21,4.303869555595588,0.0,4.303869555595588
2023-03-22,4.303869555595588,0.0,4.303869555595588
2023-03-23,4.303869555595588,0.0,4.303869555595588
2023-03-24,4.303869555595588,0.0,4.303869555595588
2023-03-25,4.303869555595588,0.0,4.303869555595588
2023-03-26,4.303869555595588,0.0,4.303869555595588
2023-03-27,4.303869555595588,0.0,4.303869555595588
2023-03-28,4.303869555595588,0.0,4.303869555595588
2023-03-29,4.303869555595588,0.0,4.303869555595588
2023-03-30,4.303869555595588,0.0,4.303869555595588
2023-03-31,4.303869555595588,0.0,4.303869555595588
2023-04-01,4.303869555595588,0.0,4.303869555595588
2023-04-02,4.303869555595588,0.07163971235080027,4.232229843244788
2023-04-03,4.303869555595588,0.07204071153972902,4.231828844055859
2023-04-04,4.303869555595588,0.0,4.303869555595588
2023-04-05,4.303869555595588,0.1032320728868213,4.200637482708767
2023-04-06,4.303869555595588,0.08081013001980707,4.223059425575781
2023-04-07,4.303869555595588,0.1032320728868213,4.200637482708767
2023-04-08,4.303869555595588,0.014103582251168078,4.28976597334442
2023-04-09,4.303869555595588,0.05646317706334194,4.247406378532246
2023-04-10,4.303869555595588,0.07160619845962769,4.2322633571359605
2023-04-11,4.303869555595588,0.11699697589117615,4.186872579704412
2023-04-12,4.303869555595588,0.36181075203378005,3.942058803561808
2023-04-13,4.303869555595588,0.807229257182874,3.496640298412714
2023-04-14,4.303869555595588,0.8284351141873765,3.4754344414082112
2023-04-15,4.303869555595588,1.2617266959814586,3.0421428596141293
2023-04-16,4.303869555595588,1.581548372240193,2.722321183355395
2023-04-17,4.303869555595588,1.5237282335633888,2.780141322032199
2023-04-18,4.303869555595588,1.999190037478382,2.304679518117206
2023-04-19,4.303869555595588,5.12881607093737,-0.8249465153417823
2023-04-20,4.303869555595588,5.068710162673068,-0.7648406070774803
2023-04-21,4.303869555595588,2.953951938792198,1.3499176168033897
2023-04-22,4.303869555595588,2.5754872222344964,1.7283823333610915
2023-04-23,4.303869555595588,2.454232124798633,1.849637430796955
2023-04-24,4.303869555595588,3.557709566317262,0.7461599892783259
2023-04-25,4.303869555595588,2.850005100878649,1.453864454716939
2023-04-26,4.303869555595588,3.4615759090549827,0.8422936465406052
2023-04-27,4.303869555595588,3.4748579545870837,0.8290116010085042
2023-04-28,4.303869555595588,3.5039898319831613,0.7998797236124267
2023-04-29,4.303869555595588,3.7491085581043406,0.5547609974912473
2023-04-30,4.303869555595588,3.8261797715909895,0.4776897840045984
2023-05-01,4.303869555595588,5.1730133711146165,-0.8691438155190285
2023-05-02,4.303869555595588,5.206232841550968,-0.9023632859553805
2023-05-03,4.303869555595588,4.814421061874847,-0.5105515062792589
2023-05-04,4.303869555595588,4.65972835132663,-0.3558587957310424
2023-05-05,4.303869555595588,4.731061370955488,-0.42719181535990014
2023-05-06,4.303869555595588,4.83902102461677,-0.5351514690211818
2023-05-07,4.303869555595588,5.377435172236768,-1.0735656166411802
2023-05-08,4.303869555595588,5.421734881622121,-1.117865326026533
2023-05-09,4.303869555595588,6.752210233597463,-2.448340678001875
2023-05-10,4.303869555595588,5.254309674425863,-0.9504401188302749
2023-05-11,4.157311467098018,3.5546526116729216,0.6026588554250965
2023-05-12,3.9926990309041592,3.445816773308689,0.5468822575954704
2023-05-13,3.8342672353439267,3.9295951852051423,-0.09532794986121562
2023-05-14,3.6860644833758944,3.223525766513326,0.4625387168625683
2023-05-15,3.531516749682123,3.8716317869722143,-0.3401150372900914
2023-05-16,3.361791341571997,4.120646825631911,-0.758855484059914
2023-05-17,3.1777537775195257,4.007462243224964,-0.8297084657054383
2023-05-18,2.983948458492559,3.6152853277291666,-0.6313368692366077
2023-05-19,2.7999305066004614,3.621301676979738,-0.8213711703792765
2023-05-20,2.610211678502037,3.5616553560130035,-0.9514436775109667
2023-05-21,2.4255957939536255,3.667381513102889,-1.2417857191492634
2023-05-22,2.239495422970805,3.6801442807008184,-1.4406488577300136
2023-05-23,2.034906455124979,4.476231368006515,-2.4413249128815364
2023-05-24,1.8371105602901376,3.5250021012129573,-1.6878915409228197
2023-05-25,1.6364573679520338,3.1314116391384204,-1.4949542711863866
2023-05-26,1.448611528082034,3.098174080310653,-1.649562552228619
2023-05-27,1.2739471936968556,3.075690260958325,-1.8017430672614694
2023-05-28,1.1089705696273349,3.281606115985644,-2.172635546358309
2023-05-29,0.9342760550202297,2.69932160156469,-1.76504554654446
2023-05-30,0.7639680028703226,2.5007327663357635,-1.7367647634654408
2023-05-31,0.5726870411221299,1.431802950121433,-0.8591159089993032
2023-06-01,0.37131032601919856,2.466384944407655,-2.0950746183884563
2023-06-02,0.16012025951298522,2.6132406472002625,-2.453120387687277
2023-06-03,0.0,1.4629289616849888,-1.4629289616849888
2023-06-04,0.0,1.2886729454116697,-1.2886729454116697
2023-06-05,0.0,1.1665475463960473,-1.1665475463960473
2023-06-06,0.0,0.7593778868170374,-0.7593778868170374
2023-06-07,0.0,0.558088355685551,-0.558088355685551
2023-06-08,0.0,0.5523566109842019,-0.5523566109842019
2023-06-09,0.0,0.5269155990775155,-0.5269155990775155
2023-06-10,0.0,0.37588213040233603,-0.37588213040233603
2023-06-11,0.0,0.165225934176998,-0.165225934176998
2023-06-12,0.0,0.13084038344112192,-0.13084038344112192
2023-06-13,0.0,0.0921745285248841,-0.0921745285248841
2023-06-14,0.0,0.07198565374529234,-0.07198565374529234
2023-06-15,0.0,0.08516994322011605,-0.08516994322011605
2023-06-16,0.0,0.06982548533783213,-0.06982548533783213
2023-06-17,0.0,0.06979441416325835,-0.06979441416325835
2023-06-18,0.0,0.03964058559234196,-0.03964058559234196
2023-06-19,0.0,0.031369967114549216,-0.031369967114549216
2023-06-20,0.0,0.014581290660190347,-0.014581290660190347
2023-06-21,0.0,0.014581290660190347,-0.014581290660190347
2023-06-22,0.0,0.022851909137983076,-0.022851909137983076
2023-06-23,0.0,0.02277834049868015,-0.02277834049868015
2023-06-24,0.0,0.014581290660190347,-0.014581290660190347
2023-06-25,0.0,0.014581290660190347,-0.014581290660190347
2023-06-26,0.0,0.007835522901666728,-0.007835522901666728
2023-06-27,0.0,0.012706492145489454,-0.012706492145489454
2023-06-28,0.0,0.011255781557321095,-0.011255781557321095
2023-06-29,0.0,0.013779589676153097,-0.013779589676153097
2023-06-30,0.0,0.013016316728918873,-0.013016316728918873
2023-07-01,0.0,0.0130898853682218,-0.0130898853682218
2023-07-02,0.0,0.01163917478005344,-0.01163917478005344
2023-07-03,0.0,0.01235155188297661,-0.01235155188297661
2023-07-04,0.0,0.00924270714931067,-0.00924270714931067
2023-07-05,0.0,0.009316275788613597,-0.009316275788613597
2023-07-06,0.0,0.009316275788613597,-0.009316275788613597
2023-07-07,0.0,0.004966634601450898,-0.004966634601450898
2023-07-08,0.0,0.003515924013282539,-0.003515924013282539
2023-07-09,0.0,0.0034423553739796136,-0.0034423553739796136
2023-07-10,0.0,0.0,0.0
2023-07-11,0.0,0.0,0.0
2023-07-12,0.0,0.0,0.0
2023-07-13,0.0,0.0,0.0
2023-07-14,0.0,0.0006656525329995187,-0.0006656525329995187
2023-07-15,0.0,0.0006656525329995187,-0.0006656525329995187
2023-07-16,0.0,0.0,0.0
2023-07-17,0.0,0.0,0.0
2023-07-18,0.0,0.0,0.0
2023-07-19,0.0,0.0006656525329995187,-0.0006656525329995187
2023-07-20,0.0,0.0036273599880596113,-0.0036273599880596113
2023-07-21,0.0,0.004270269175678276,-0.004270269175678276
2023-07-22,0.0,0.0,0.0
2023-07-23,0.0,0.0,0.0
2023-07-24,0.0,0.0,0.0
2023-07-25,0.0,0.0,0.0
2023-07-26,0.0,0.0,0.0
2023-07-27,0.0,0.0,0.0
2023-07-28,0.0,0.0,0.0
2023-07-29,0.0,0.0,0.0
2023-07-30,0.0,0.0,0.0
2023-07-31,0.0,0.0,0.0
2023-08-01,0.0,0.0,0.0
2023-08-02,0.0,0.0,0.0
2023-08-03,0.0,0.0,0.0
2023-08-04,0.0,0.0,0.0
2023-08-05,0.0,0.0,0.0
2023-08-06,0.0,0.0,0.0
2023-08-07,0.0,0.0,0.0
2023-08-08,0.0,0.0,0.0
2023-08-09,0.0,0.0,0.0
2023-08-10,0.0,0.0,0.0
2023-08-11,0.0,0.0,0.0
2023-08-12,0.0,0.0,0.0
2023-08-13,0.0,0.0,0.0
2023-08-14,0.0,0.0,0.0
2023-08-15,0.0,0.0,0.0
2023-08-16,0.0,0.0,0.0
2023-08-17,0.0,0.0,0.0
2023-08-18,0.0,0.0,0.0
2023-08-19,0.0,0.0,0.0
2023-08-20,0.0,0.0,0.0
2023-08-21,0.0,0.0,0.0
2023-08-22,0.0,0.0,0.0
2023-08-23,0.0,0.0,0.0
2023-08-24,0.0,0.0,0.0
2023-08-25,0.0,0.0,0.0
2023-08-26,0.0,0.0,0.0
2023-08-27,0.0,0.0,0.0
2023-08-28,0.0,0.0,0.0
2023-08-29,0.0,0.0,0.0
2023-08-30,0.0,0.0,0.0
2023-08-31,0.0,0.0,0.0
2023-09-01,0.0,0.0,0.0
2023-09-02,0.0,0.0,0.0
2023-09-03,0.0,0.0,0.0
2023-09-04,0.0,0.0,0.0
2023-09-05,0.0,0.0,0.0
2023-09-06,0.0,0.0,0.0
2023-09-07,0.0,0.0,0.0
2023-09-08,0.0,0.0,0.0
2023-09-09,0.0,0.0,0.0
2023-09-10,0.0,0.0,0.0
2023-09-11,0.0,0.0,0.0
2023-09-12,0.0,0.0,0.0
2023-09-13,0.0,0.0,0.0
2023-09-14,0.0,0.0,0.0
2023-09-15,0.0,0.0,0.0
2023-09-16,0.0,0.0,0.0
2023-09-17,0.0,0.0,0.0
2023-09-18,0.0,0.0,0.0
2023-09-19,0.0,0.0,0.0
2023-09-20,0.0,0.0,0.0
2023-09-21,0.0,0.0,0.0
2023-09-22,0.0,0.0,0.0
2023-09-23,0.0,0.0,0.0
2023-09-24,0.0,0.0,0.0
2023-09-25,0.0,0.0,0.0
2023-09-26,0.0,0.0,0.0
2023-09-27,0.0,0.0,0.0
2023-09-28,0.0,0.0,0.0
2023-09-29,0.0,0.0,0.0
2023-09-30,0.0,0.0,0.0
2023-10-01,0.0,0.0,0.0
2023-10-02,0.0,0.0,0.0
2023-10-03,0.0,0.0,0.0
2023-10-04,0.0,0.0,0.0
2023-10-05,0.0,0.0,0.0
2023-10-06,0.0,0.0,0.0
2023-10-07,0.0,0.0,0.0
2023-10-08,0.0,0.0,0.0
2023-10-09,0.0,0.0,0.0
2023-10-10,0.0,0.0,0.0
2023-10-11,0.0,0.0,0.0
2023-10-12,0.0,0.0,0.0
2023-10-13,0.0,0.0,0.0
2023-10-14,0.0,0.0,0.0
2023-10-15,0.0,0.0,0.0
2023-10-16,0.0,0.0,0.0
2023-10-17,0.0,0.0,0.0
2023-10-18,0.0,0.0,0.0
2023-10-19,0.0,0.0,0.0
2023-10-20,0.0,0.0,0.0
2023-10-21,0.0,0.0,0.0
2023-10-22,0.0,0.0,0.0
2023-10-23,0.0,0.0,0.0
2023-10-24,0.0,0.0,0.0
2023-10-25,0.0,0.0,0.0
2023-10-26,0.0,0.0,0.0
2023-10-27,0.0,0.0,0.0
2023-10-28,0.0,0.0,0.0
2023-10-29,0.0,0.0,0.0
2023-10-30,0.0,0.0,0.0
2023-10-31,0.0,0.0,0.0
2023-11-01,0.0,0.0,0.0
2023-11-02,0.0,0.0,0.0
2023-11-03,0.0,0.0,0.0
2023-11-04,0.0,0.03340790393914331,-0.03340790393914331
2023-11-05,0.0,0.03408372734612156,-0.03408372734612156
2023-11-06,0.0,0.008588192817550185,-0.008588192817550185
2023-11-07,0.0,0.0,0.0
2023-11-08,0.0,0.0,0.0
2023-11-09,0.0,0.0,0.0
2023-11-10,0.0,0.0,0.0
2023-11-11,0.0,0.004391326572842964,-0.004391326572842964
2023-11-12,0.0,0.0,0.0
2023-11-13,0.0,0.06488757386452518,-0.06488757386452518
2023-11-14,0.0,0.06985611216950725,-0.06985611216950725
2023-11-15,0.0,0.07248791359481131,-0.07248791359481131
2023-11-16,0.0,0.07196100393277924,-0.07196100393277924
2023-11-17,0.0,0.018160740666753036,-0.018160740666753036
2023-11-18,0.0,0.0,0.0
2023-11-19,0.0,0.008920182531814992,-0.008920182531814992
2023-11-20,0.0,0.04322679597228858,-0.04322679597228858
2023-11-21,0.0,0.022642965426697734,-0.022642965426697734
2023-11-22,0.0,0.06003316863777785,-0.06003316863777785
2023-11-23,0.0,0.13178922763184808,-0.13178922763184808
2023-11-24,0.0,0.06234710860646869,-0.06234710860646869
2023-11-25,0.0,0.0,0.0
2023-11-26,0.0,0.0,0.0
2023-11-27,0.0,0.03700660409525734,-0.03700660409525734
2023-11-28,0.0,0.03615902016160013,-0.03615902016160013
2023-11-29,0.0,0.036001012116599375,-0.036001012116599375
2023-11-30,0.0,0.0,0.0
2023-12-01,0.0,0.0,0.0
2023-12-02,0.0,0.0,0.0
2023-12-03,0.0,0.0,0.0
2023-12-04,0.0,0.0,0.0
2023-12-05,0.0,0.0,0.0
2023-12-06,0.0,0.0,0.0
2023-12-07,0.0,0.03219572850737708,-0.03219572850737708
2023-12-08,0.0,0.047936271220092176,-0.047936271220092176
2023-12-09,0.0,0.023477036640895434,-0.023477036640895434
2023-12-10,0.0,0.006064388554767275,-0.006064388554767275
2023-12-11,0.0,0.006027421911539516,-0.006027421911539516
2023-12-12,0.0,0.005021829932881554,-0.005021829932881554
2023-12-13,0.0,0.0021582792023004966,-0.0021582792023004966
2023-12-14,0.0,0.01098553053725449,-0.01098553053725449
2023-12-15,0.0,0.008997080933342762,-0.008997080933342762
2023-12-16,0.0,0.011991122515912455,-0.011991122515912455
2023-12-17,0.0,0.01098553053725449,-0.01098553053725449
2023-12-18,0.0,0.004356343196702376,-0.004356343196702376
2023-12-19,0.0,0.045128089499863654,-0.045128089499863654
2023-12-20,0.0,0.030809739622831744,-0.030809739622831744
2023-12-21,0.0,0.020303158592016965,-0.020303158592016965
2023-12-22,0.0,0.015319605127011422,-0.015319605127011422
2023-12-23,0.0,0.01689454271227786,-0.01689454271227786
2023-12-24,0.0,0.04276004481415481,-0.04276004481415481
2023-12-26,0.0,0.027509496505172523,-0.027509496505172523
2023-12-27,0.0,0.0295035087622101,-0.0295035087622101
2023-12-28,0.0,0.024008457788183748,-0.024008457788183748
2023-12-29,0.0,0.019894146947973403,-0.019894146947973403
2023-12-30,0.0,0.019894146947973403,-0.019894146947973403
2023-12-31,0.0,0.06373350347300719,-0.06373350347300719
2024-01-01,0.0,0.02407646377436083,-0.02407646377436083
2024-01-02,0.0,0.02407646377436083,-0.02407646377436083
2024-01-03,0.0,0.039205724503397356,-0.039205724503397356
2024-01-04,0.0,0.045842284567573964,-0.045842284567573964
2024-01-05,0.0,0.031565527005424754,-0.031565527005424754
2024-01-06,0.0,0.02767831616437775,-0.02767831616437775
2024-01-07,0.0,0.03992926023766449,-0.03992926023766449
2024-01-08,0.0,0.028306600878742587,-0.028306600878742587
2024-01-09,0.0,0.020620426444622787,-0.020620426444622787
2024-01-10,0.0,0.004135776645503864,-0.004135776645503864
2024-01-11,0.0,0.0,0.0
2024-01-12,0.0,0.0,0.0
2024-01-13,0.0,0.0,0.0
2024-01-14,0.0,0.0,0.0
2024-01-15,0.0,0.029571514748387172,-0.029571514748387172
2024-01-16,0.0,0.04719410501620595,-0.04719410501620595
2024-01-17,0.0,0.03829328504194903,-0.03829328504194903
2024-01-18,0.0,0.013910729930459335,-0.013910729930459335
2024-01-19,0.0,0.01702700380507714,-0.01702700380507714
2024-01-20,0.0,0.02379223689681648,-0.02379223689681648
2024-01-21,0.0,0.08209272429403194,-0.08209272429403194
2024-01-22,0.0,0.07258237071895618,-0.07258237071895618
2024-01-23,0.0,0.06560032627313038,-0.06560032627313038
2024-01-24,0.0,0.07384216060064434,-0.07384216060064434
2024-01-25,0.0,0.05297247455999063,-0.05297247455999063
2024-01-26,0.0,0.01737146536159652,-0.01737146536159652
2024-01-27,0.0,0.028162028021209963,-0.028162028021209963
2024-01-28,0.0,0.043174970665647655,-0.043174970665647655
2024-01-29,0.0,0.043174970665647655,-0.043174970665647655
2024-01-30,0.0,0.02767944773786347,-0.02767944773786347
2024-01-31,0.0,0.05923622773447585,-0.05923622773447585
2024-02-01,0.0,0.09211554189748446,-0.09211554189748446
2024-02-02,0.0,0.060860644085085326,-0.060860644085085326
2024-02-03,0.0,0.07159685408549255,-0.07159685408549255
2024-02-04,0.0,0.10929590191514724,-0.10929590191514724
2024-02-05,0.0,0.0679205302128299,-0.0679205302128299
2024-02-06,0.0,0.12124067749008606,-0.12124067749008606
2024-02-07,0.0,0.08264939764430247,-0.08264939764430247
2024-02-08,0.0,0.09065635848004122,-0.09065635848004122
2024-02-09,0.14958359011582395,0.11355719950421655,0.036026390611607395
2024-02-10,0.3033564351441638,0.06583947569329135,0.23751695945087248
2024-02-11,0.45459560282402783,0.0690119350628125,0.38558366776121533
2024-02-12,0.45459560282402783,0.039154256369051656,0.41544134645497616
2024-02-13,0.5983912281243262,0.08614220393562416,0.5122490241887021
2024-02-14,0.7591552807315273,0.13681847127804014,0.6223368094534871
2024-02-15,0.9368124561925748,0.12314349071013385,0.8136689654824409
2024-02-16,1.141098274145415,0.1570591865617081,0.9840390875837068
2024-02-17,1.3569169096080493,0.1768192037089932,1.180097705899056
2024-02-18,1.5828039340177962,0.24524949304334578,1.3375544409744504
2024-02-19,1.816136708574167,0.5290449575843451,1.287091750989822
2024-02-20,2.0530193650398685,0.7872158663268333,1.2658034987130353
2024-02-21,2.319498133408872,0.8378045288551276,1.4816936045537443
2024-02-22,2.5669305133497167,1.1077462001440666,1.4591843132056501
2024-02-23,2.79856891151223,1.1483763129267168,1.6501925985855133
2024-02-24,3.0612020767938724,1.1344177627108054,1.926784314083067
2024-02-25,3.329443940871515,1.1931284651141063,2.1363154757574083
2024-02-26,3.657329060882694,1.1541410645945092,2.503187996288185
2024-02-27,3.9799468988151476,1.191297517151255,2.788649381663893
2024-02-28,4.320170604976619,1.4965392182466066,2.8236313867300122
2024-02-29,4.662435073434119,1.7285882088931872,2.9338468645409312
2024-03-01,4.985800432491483,1.5529771835126218,3.432823248978861
2024-03-02,5.30461879833429,1.9858484606696787,3.318770337664611
2024-03-03,5.600919405421782,1.9863024641259732,3.6146169412958082
2024-03-04,5.910494965895394,2.1717516632598457,3.738743302635548
2024-03-05,6.231144361853812,2.330306619725359,3.9008377421284535
2024-03-06,6.5741312583059806,2.393829902438761,4.18030135586722
2024-03-07,6.924375898952791,2.3356944191623,4.588681479790491
2024-03-08,7.2685775785361,2.3086243342477855,4.9599532442883145
2024-03-09,7.604001650243622,2.3656499517973213,5.2383516984463006
2024-03-10,7.933275423875715,2.463578873728456,5.469696550147259
2024-03-11,8.256197234202773,2.83674330576429,5.419453928438482
2024-03-12,8.577948755367638,2.8559702963102858,5.721978459057352
2024-03-13,8.881068541344137,2.9123508201189994,5.968717721225137
2024-03-14,9.159157527232068,3.1561004634077516,6.003057063824317
2024-03-15,9.418750611714886,3.200097512685274,6.218653099029612
2024-03-16,9.678605016992224,3.121466777857187,6.557138239135037
2024-03-17,9.934739936169752,3.1916800382213464,6.743059897948406
2024-03-18,10.16581589682979,3.291818409385844,6.873997487443946
2024-03-19,10.396460627484606,3.343972375747992,7.052488251736614
2024-03-20,10.608335205180106,3.2133788738381166,7.394956331341989
2024-03-21,10.799460180434668,4.59086930327721,6.208590877157458
2024-03-22,10.962067033643441,4.560008285768709,6.402058747874732
2024-03-23,10.962067033643441,4.679581115973191,6.28248591767025
2024-03-24,11.107513702496776,4.771583103576672,6.335930598920104
2024-03-25,11.107513702496776,4.881510706490968,6.226002996005808
2024-03-26,11.107513702496776,4.935099095942668,6.172414606554108
2024-03-27,11.107513702496776,5.037400248712218,6.0701134537845585
2024-03-28,11.107513702496776,5.0905042804697045,6.017009422027072
2024-03-29,11.107513702496776,5.150413877949929,5.957099824546847
2024-03-30,11.107513702496776,5.209920498549557,5.89759320394722
2024-03-31,11.107513702496776,5.240392384306534,5.867121318190242
2024-04-01,11.107513702496776,7.225630987092855,3.881882715403921
2024-04-02,11.107513702496776,7.471649203988498,3.635864498508278
2024-04-03,11.107513702496776,7.446922503139725,3.660591199357051
2024-04-04,11.107513702496776,7.068310001381708,4.039203701115068
2024-04-05,11.107513702496776,7.090913483553127,4.016600218943649
2024-04-06,11.107513702496776,7.075396218271919,4.032117484224857
2024-04-07,11.107513702496776,7.287201845527057,3.8203118569697194
2024-04-08,11.107513702496776,7.296869749684855,3.8106439528119216
2024-04-09,11.107513702496776,7.514420625522531,3.5930930769742453
2024-04-10,11.107513702496776,7.190282128761596,3.9172315737351804
2024-04-11,11.107513702496776,8.456095537319722,2.651418165177054
2024-04-12,11.107513702496776,8.350964658994434,2.7565490435023428
2024-04-13,11.107513702496776,8.317739952122563,2.789773750374213
2024-04-14,11.107513702496776,9.1678962432174,1.9396174592793756
2024-04-15,11.107513702496776,8.80422383664939,2.303289865847386
2024-04-16,11.107513702496776,9.504440092940937,1.6030736095558389
2024-04-17,11.107513702496776,10.382663667104733,0.7248500353920431
2024-04-18,11.107513702496776,10.413087302363536,0.6944264001332403
2024-04-19,11.107513702496776,10.453451597283362,0.6540621052134146
2024-04-20,11.107513702496776,10.768841719475887,0.3386719830208893
2024-04-21,11.107513702496776,10.7657410048282,0.341772697668576
2024-04-22,11.107513702496776,10.590558453114374,0.5169552493824021
2024-04-23,11.107513702496776,10.315172817307259,0.7923408851895175
2024-04-24,11.107513702496776,10.560420416689686,0.5470932858070903
2024-04-25,11.107513702496776,10.717949611355099,0.38956409114167734
2024-04-26,11.107513702496776,10.700162983395664,0.4073507191011121
2024-04-27,11.107513702496776,10.667146086214123,0.44036761628265353
2024-04-28,11.107513702496776,10.614289545986024,0.49322415651075247
2024-04-29,11.107513702496776,10.542270159175054,0.5652435433217224
2024-04-30,11.107513702496776,10.325656762672558,0.7818569398242179
2024-05-01,11.107513702496776,10.318983158444345,0.7885305440524313
2024-05-02,11.107513702496776,10.327871388952921,0.7796423135438548
2024-05-03,10.957930112380952,10.306247718763835,0.6516823936171168
2024-05-04,10.804157267352613,10.25994508235612,0.5442121849964927
2024-05-05,10.652918099672748,10.247364946646355,0.4055531530263927
2024-05-06,10.652918099672748,10.177446796317797,0.4754713033549507
2024-05-07,10.50912247437245,10.1803125754381,0.32880989893435064
2024-05-08,10.34835842176525,10.055282857282501,0.2930755644827485
2024-05-09,10.170701246304203,10.034748977579442,0.13595226872476118
2024-05-10,9.966415428351363,9.9420538970486,0.02436153130276253
2024-05-11,9.750596792888727,9.816742113518643,-0.06614532062991607
2024-05-12,9.524709768478981,9.817607402104198,-0.29289763362521626
2024-05-13,9.29137699392261,9.26799511572232,0.02338187820028992
2024-05-14,9.054494337456907,9.601864494021251,-0.5473701565643445
2024-05-15,8.788015569087904,9.318534760435707,-0.5305191913478033
2024-05-16,8.540583189147059,9.289297725780063,-0.7487145366330044
2024-05-17,8.308944790984546,9.314831354157812,-1.0058865631732665
2024-05-18,8.046311625702904,9.145560780404884,-1.0992491547019796
2024-05-19,7.778069761625261,8.632892263355846,-0.8548225017305846
2024-05-20,7.450184641614082,8.694469720017535,-1.2442850784034531
2024-05-21,7.1275668036816295,7.8262115039159506,-0.698644700234321
2024-05-22,6.787343097520158,5.259814216990393,1.5275288805297649
2024-05-23,6.445078629062658,5.809371685104746,0.6357069439579117
2024-05-24,6.121713270005293,5.133852570165156,0.9878606998401374
2024-05-25,5.8028949041624855,5.287864645281285,0.5150302588812004
2024-05-26,5.5065942970749955,5.45494634430436,0.05164795277063572
2024-05-27,5.197018736601383,4.846997257769063,0.3500214788323204
2024-05-28,4.876369340642965,5.094900439375165,-0.21853109873219978
2024-05-29,4.533382444190797,4.364589229830596,0.16879321436020067
2024-05-30,4.183137803543985,4.126999522292169,0.056138281251815414
2024-05-31,3.838936123960676,3.139828412859364,0.6991077111013118
2024-06-01,3.5035120522531544,3.1151141346797644,0.38839791757339004
2024-06-02,3.1742382786210603,2.9131942853344377,0.26104399328662264
2024-06-03,2.851316468294003,2.6998657185099555,0.15145074978404738
2024-06-04,2.529564947129139,2.7095075650774416,-0.1799426179483028
2024-06-05,2.22644516115264,2.290782075624146,-0.06433691447150602
2024-06-06,1.9483561752647074,1.806551795997796,0.14180437926691147
2024-06-07,1.6887630907818898,1.741986611784786,-0.05322352100289618
2024-06-08,1.428908685504552,2.3262581431963647,-0.8973494576918126
2024-06-09,1.172773766327023,1.9253800608422125,-0.7526062945151895
2024-06-10,0.9416978056669859,1.9871766803946023,-1.0454788747276162
2024-06-11,0.7110530750121689,1.5807857714146296,-0.8697326964024608
2024-06-12,0.4991784973166712,1.6658659436775192,-1.1666874463608479
2024-06-13,0.30805352206210757,1.4483279729046623,-1.1402744508425546
2024-06-14,0.14544666885333463,1.2871147906994946,-1.14166812184616
2024-06-15,0.14544666885333463,1.3024859700460683,-1.1570393011927336
2024-06-16,0.0,1.364730503671973,-1.364730503671973
2024-06-17,0.0,1.3551535727277901,-1.3551535727277901
2024-06-18,0.0,1.0846263431954197,-1.0846263431954197
2024-06-19,0.0,1.1651888612961354,-1.1651888612961354
2024-06-20,0.0,1.060168096079148,-1.060168096079148
2024-06-21,0.0,0.9563665965170178,-0.9563665965170178
2024-06-22,0.0,1.0074611498963515,-1.0074611498963515
2024-06-23,0.0,1.1410201678716883,-1.1410201678716883
2024-06-24,0.0,1.0561780446838493,-1.0561780446838493
2024-06-25,0.0,0.4093628512371117,-0.4093628512371117
2024-06-26,0.0,0.42367841280763296,-0.42367841280763296
2024-06-27,0.0,0.4093628512371117,-0.4093628512371117
2024-06-28,0.0,0.8638531226689229,-0.8638531226689229
2024-06-29,0.0,0.9532197102767901,-0.9532197102767901
2024-06-30,0.0,0.5393144405936645,-0.5393144405936645
2024-07-01,0.0,0.7712899078776297,-0.7712899078776297
2024-07-02,0.0,0.9613519406729445,-0.9613519406729445
2024-07-03,0.0,0.9320315069432608,-0.9320315069432608
2024-07-04,0.0,0.5024500626337722,-0.5024500626337722
2024-07-05,0.0,0.4973734585699908,-0.4973734585699908
2024-07-06,0.0,0.4973734585699908,-0.4973734585699908
2024-07-07,0.0,0.17939893676549898,-0.17939893676549898
2024-07-08,0.0,0.1826490950141347,-0.1826490950141347
2024-07-09,0.0,0.18292859571491352,-0.18292859571491352
2024-07-10,0.0,0.1788142848747032,-0.1788142848747032
2024-07-11,0.0,0.1826490950141347,-0.1826490950141347
2024-07-12,0.0,0.0,0.0
2024-07-13,0.0,0.0,0.0
2024-07-14,0.0,0.0,0.0
2024-07-15,0.0,0.0,0.0
2024-07-16,0.0,0.0,0.0
2024-07-17,0.0,0.0,0.0
2024-07-18,0.0,0.0,0.0
2024-07-19,0.0,0.0,0.0
2024-07-20,0.0,0.0,0.0
2024-07-21,0.0,0.0,0.0
2024-07-22,0.0,0.0,0.0
2024-07-23,0.0,0.0,0.0
2024-07-24,0.0,0.0,0.0
2024-07-25,0.0,0.0,0.0
2024-07-26,0.0,0.0,0.0
2024-07-27,0.0,0.0,0.0
2024-07-28,0.0,0.0,0.0
2024-07-29,0.0,0.0,0.0
2024-07-30,0.0,0.0,0.0
2024-07-31,0.0,0.0,0.0
2024-08-01,0.0,0.0,0.0
2024-08-02,0.0,0.0,0.0
2024-08-03,0.0,0.0,0.0
2024-08-04,0.0,0.0,0.0
2024-08-05,0.0,0.0,0.0
2024-08-06,0.0,0.0,0.0
2024-08-07,0.0,0.0,0.0
2024-08-08,0.0,0.0,0.0
2024-08-09,0.0,0.0,0.0
2024-08-10,0.0,0.0,0.0
2024-08-11,0.0,0.0,0.0
2024-08-12,0.0,0.0,0.0
2024-08-13,0.0,0.0,0.0
2024-08-14,0.0,0.0,0.0
2024-08-15,0.0,0.010351721574282319,-0.010351721574282319
2024-08-16,0.0,0.010351721574282319,-0.010351721574282319
2024-08-17,0.0,0.020022348201760423,-0.020022348201760423
2024-08-18,0.0,0.020022348201760423,-0.020022348201760423
2024-08-19,0.0,0.01154631379367871,-0.01154631379367871
2024-08-20,0.0,0.01154631379367871,-0.01154631379367871
2024-08-21,0.0,0.01154631379367871,-0.01154631379367871
2024-08-22,0.0,0.020301848902539218,-0.020301848902539218
2024-08-23,0.0,0.020022348201760423,-0.020022348201760423
2024-08-24,0.0,0.020022348201760423,-0.020022348201760423
2024-08-25,0.0,0.020022348201760423,-0.020022348201760423
2024-08-26,0.0,0.020022348201760423,-0.020022348201760423
2024-08-27,0.0,0.020022348201760423,-0.020022348201760423
2024-08-28,0.0,0.0489615481717916,-0.0489615481717916
2024-08-29,0.0,0.0489615481717916,-0.0489615481717916
2024-08-30,0.0,0.04849367510119221,-0.04849367510119221
2024-08-31,0.0,0.011078440723079317,-0.011078440723079317
2024-09-01,0.0,0.0,0.0
2024-09-02,0.0,0.0,0.0
2024-09-03,0.0,0.0,0.0
2024-09-04,0.0,0.0,0.0
2024-09-05,0.0,0.0,0.0
2024-09-06,0.0,0.0,0.0
2024-09-07,0.0,0.0019138939710761811,-0.0019138939710761811
2024-09-08,0.0,0.0013292420802803798,-0.0013292420802803798
2024-09-09,0.0,0.0013292420802803798,-0.0013292420802803798
2024-09-10,0.0,0.0013292420802803798,-0.0013292420802803798
2024-09-11,0.0,0.0,0.0
2024-09-12,0.0,0.0,0.0
2024-09-13,0.0,0.0,0.0
2024-09-14,0.0,0.0,0.0
2024-09-15,0.0,0.0,0.0
2024-09-16,0.0,0.0,0.0
2024-09-17,0.0,0.0,0.0
2024-09-18,0.0,0.0001383683552473266,-0.0001383683552473266
2024-09-19,0.0,6.479971594440135e-05,-6.479971594440135e-05
2024-09-20,0.0,6.479971594440135e-05,-6.479971594440135e-05
2024-09-21,0.0,0.0,0.0
2024-09-22,0.0,0.0,0.0
2024-09-23,0.0,0.0,0.0
2024-09-24,0.0,0.0,0.0
2024-09-25,0.0,0.0,0.0
2024-09-26,0.0,0.0,0.0
2024-09-27,0.0,0.0,0.0
2024-09-28,0.0,0.0,0.0
2024-09-29,0.0,0.0,0.0
2024-09-30,0.0,0.0,0.0
2024-10-01,0.0,0.0,0.0
2024-10-02,0.0,0.0,0.0
2024-10-03,0.0,0.0,0.0
2024-10-04,0.0,0.0,0.0
2024-10-05,0.0,0.0,0.0
2024-10-06,0.0,0.0,0.0
2024-10-07,0.0,0.0,0.0
2024-10-08,0.0,0.03710295550948004,-0.03710295550948004
2024-10-09,0.0,0.03710295550948004,-0.03710295550948004
2024-10-10,0.0,0.037067932120035244,-0.037067932120035244
2024-10-11,0.0,0.046899416808993385,-0.046899416808993385
2024-10-12,0.0,0.03744750603411435,-0.03744750603411435
2024-10-13,0.0,0.03772759213454114,-0.03772759213454114
2024-10-14,0.0,0.03870288310169045,-0.03870288310169045
2024-10-15,0.0,0.03917121209584675,-0.03917121209584675
2024-10-16,0.0,0.03889171139506796,-0.03889171139506796
2024-10-17,0.0,0.03924478073514968,-0.03924478073514968
2024-10-18,0.0,0.03869923857578914,-0.03869923857578914
2024-10-19,0.0,0.038625669936486216,-0.038625669936486216
2024-10-20,0.0,0.038625669936486216,-0.038625669936486216
2024-10-21,0.0,0.038625669936486216,-0.038625669936486216
2024-10-22,0.0,0.0,0.0
2024-10-23,0.0,0.0,0.0
2024-10-24,0.0,0.0,0.0
2024-10-25,0.0,0.0,0.0
2024-10-26,0.0,0.0,0.0
2024-10-27,0.0,0.0,0.0
2024-10-28,0.0,0.0,0.0
2024-10-29,0.0,0.00027026394590254094,-0.00027026394590254094
2024-10-30,0.0,0.009899783358121068,-0.009899783358121068
2024-10-31,0.0,0.0,0.0
2024-11-01,0.0,0.0,0.0
2024-11-02,0.0,0.0,0.0
2024-11-03,0.0,0.0,0.0
2024-11-04,0.0,0.0,0.0
2024-11-05,0.0,0.0,0.0
2024-11-06,0.0,0.01884343653243389,-0.01884343653243389
2024-11-07,0.0,0.0,0.0
2024-11-08,0.0,0.0,0.0
2024-11-09,0.0,0.0,0.0
2024-11-10,0.0,0.0,0.0
2024-11-11,0.0,0.0,0.0
2024-11-12,0.0,0.028293151562208924,-0.028293151562208924
2024-11-13,0.0,0.04561711662104132,-0.04561711662104132
2024-11-14,0.0,0.0,0.0
2024-11-15,0.0,0.002762001160610176,-0.002762001160610176
2024-11-16,0.0,0.009099181948468257,-0.009099181948468257
2024-11-17,0.0,0.009099181948468257,-0.009099181948468257
2024-11-18,0.0,0.0,0.0
2024-11-19,0.0,0.009099181948468257,-0.009099181948468257
2024-11-20,0.0,0.009099181948468257,-0.009099181948468257
2024-11-21,0.0,0.009099181948468257,-0.009099181948468257
2024-11-22,0.0,0.009099181948468257,-0.009099181948468257
2024-11-23,0.0,0.0006231475403865412,-0.0006231475403865412
2024-11-24,0.0,0.0006231475403865412,-0.0006231475403865412
2024-11-25,0.0,0.0006231475403865412,-0.0006231475403865412
2024-11-26,0.0,0.0006231475403865412,-0.0006231475403865412
2024-11-27,0.0,0.03803838191849941,-0.03803838191849941
2024-11-28,0.0,0.03803838191849941,-0.03803838191849941
2024-11-29,0.0,0.0006231475403865412,-0.0006231475403865412
2024-11-30,0.0,0.049673918219285976,-0.049673918219285976
2024-12-01,0.0,0.08416840151906907,-0.08416840151906907
2024-12-02,0.0,0.11663616346903499,-0.11663616346903499
2024-12-03,0.0,0.05622651229748892,-0.05622651229748892
2024-12-04,0.0,0.049114331418080394,-0.049114331418080394
2024-12-05,0.0,0.09128058239847761,-0.09128058239847761
2024-12-06,0.0,0.08528713480785333,-0.08528713480785333
2024-12-07,0.0,0.08071384566931772,-0.08071384566931772
2024-12-08,0.0,0.08782602654872626,-0.08782602654872626
2024-12-09,0.0,0.09295890248846744,-0.09295890248846744
2024-12-10,0.0,0.09295890248846744,-0.09295890248846744
2024-12-11,0.0,0.0922570462781451,-0.0922570462781451
2024-12-12,0.0,0.0922570462781451,-0.0922570462781451
2024-12-13,0.0,0.09218347763884219,-0.09218347763884219
2024-12-14,0.0,0.04019646267320354,-0.04019646267320354
2024-12-15,0.0,0.09571160212789645,-0.09571160212789645
2024-12-16,0.0,0.06065753202690778,-0.06065753202690778
2024-12-17,0.0,0.08514486539873656,-0.08514486539873656
2024-12-18,0.0,0.08859942124848791,-0.08859942124848791
2024-12-19,0.0,0.08859942124848791,-0.08859942124848791
2024-12-20,0.0,0.08859942124848791,-0.08859942124848791
2024-12-21,0.0,0.08514486539873656,-0.08514486539873656
2024-12-22,0.0,0.08514486539873656,-0.08514486539873656
2024-12-23,0.0,0.08514486539873656,-0.08514486539873656
2024-12-25,0.0,0.0836676946136459,-0.0836676946136459
2024-12-26,0.0,0.04430095274482607,-0.04430095274482607
2024-12-27,0.0,0.02903929160752143,-0.02903929160752143
2024-12-28,0.0,0.02903929160752143,-0.02903929160752143
2024-12-29,0.0,0.08514486539873656,-0.08514486539873656
2024-12-30,0.0,0.03308428179379501,-0.03308428179379501
2024-12-31,0.0,0.02903929160752143,-0.02903929160752143
2025-01-01,0.0,0.0009337386052764535,-0.0009337386052764535
2025-01-02,0.0,0.0,0.0
2025-01-03,0.0,0.0,0.0
2025-01-04,0.0,0.0,0.0
2025-01-05,0.0,0.02903929160752143,-0.02903929160752143
2025-01-06,0.0,0.02903929160752143,-0.02903929160752143
2025-01-07,0.0,0.0,0.0
2025-01-08,0.0,0.035364473337762395,-0.035364473337762395
2025-01-09,0.0,0.0014897548981051174,-0.0014897548981051174
2025-01-10,0.0,0.003658301900118409,-0.003658301900118409
2025-01-11,0.0,0.003658301900118409,-0.003658301900118409
2025-01-12,0.0,0.002181131115027736,-0.002181131115027736
2025-01-13,0.0,0.0,0.0
2025-01-15,0.0,0.0,0.0
2025-01-16,0.0,0.02903929160752143,-0.02903929160752143
2025-01-17,0.0,0.02903929160752143,-0.02903929160752143
2025-01-18,0.0,0.02903929160752143,-0.02903929160752143
2025-01-19,0.0,0.02903929160752143,-0.02903929160752143
2025-01-20,0.0,0.0009337386052764535,-0.0009337386052764535
2025-01-21,0.0,0.0,0.0
2025-01-22,0.0,0.0,0.0
2025-01-23,0.0,0.0,0.0
2025-01-24,0.0,0.00334377780989482,-0.00334377780989482
2025-01-25,0.0,0.0031935297028848337,-0.0031935297028848337
2025-01-26,0.0,0.003658301900118409,-0.003658301900118409
2025-01-27,0.0,0.003658301900118409,-0.003658301900118409
2025-01-28,0.0,0.00334377780989482,-0.00334377780989482
2025-01-29,0.0,0.00334377780989482,-0.00334377780989482
2025-01-30,0.0,0.019429503948019157,-0.019429503948019157
2025-01-31,0.0,0.02106445492967437,-0.02106445492967437
2025-02-01,0.0,0.08451235887152156,-0.08451235887152156
2025-02-02,0.0,0.08458592751082447,-0.08458592751082447
2025-02-03,0.0,0.08458592751082447,-0.08458592751082447
2025-02-04,0.0,0.08458592751082447,-0.08458592751082447
2025-02-05,0.0,0.08458592751082447,-0.08458592751082447
2025-02-06,0.0,0.041943805764773516,-0.041943805764773516
2025-02-07,0.0,0.08458592751082447,-0.08458592751082447
2025-02-08,0.0,0.017210946661192085,-0.017210946661192085
2025-02-09,0.0,0.017210946661192085,-0.017210946661192085
2025-02-10,0.0,0.01546609429454381,-0.01546609429454381
2025-02-11,0.0,0.017210946661192085,-0.017210946661192085
2025-02-12,0.0,0.017210946661192085,-0.017210946661192085
2025-02-13,0.0,0.0,0.0
2025-02-14,0.0,0.08484841536843127,-0.08484841536843127
2025-02-15,0.0,0.0,0.0
2025-02-16,0.0,0.0,0.0
2025-02-17,0.0,0.0,0.0
2025-02-18,0.0,0.0,0.0
2025-02-19,0.0,0.0,0.0
2025-02-20,0.0,0.0,0.0
2025-02-21,0.0,0.0,0.0
2025-02-22,0.0,0.0,0.0
2025-02-23,0.0,0.0,0.0
2025-02-24,0.0,0.0,0.0
2025-02-25,0.0,0.0,0.0
2025-02-26,0.0,0.0,0.0
2025-02-27,0.0,0.0,0.0
2025-02-28,0.0,0.01738868494242729,-0.01738868494242729
2025-03-01,0.0,0.006175114223675712,-0.006175114223675712
2025-03-02,0.0,0.0805102296420917,-0.0805102296420917
2025-03-03,0.0,0.0064667905945458536,-0.0064667905945458536
2025-03-04,0.0,0.004849874968166874,-0.004849874968166874
2025-03-05,0.0,0.0,0.0
2025-03-06,0.0,0.014298495446661431,-0.014298495446661431
2025-03-07,0.0,0.010847492135674871,-0.010847492135674871
2025-03-08,0.0,0.16789388731361402,-0.16789388731361402
2025-03-09,0.0,0.18865933311282715,-0.18865933311282715
2025-03-10,0.0,0.1157742344493938,-0.1157742344493938
2025-03-11,0.0,0.11957700814204394,-0.11957700814204394
2025-03-12,0.0,0.2442366701012564,-0.2442366701012564
2025-03-13,0.0,0.24598152246790478,-0.24598152246790478
2025-03-14,0.0,0.09267270007623407,-0.09267270007623407
2025-03-15,0.0,0.0,0.0
2025-03-16,0.0,0.0,0.0
2025-03-17,0.0,0.0,0.0
2025-03-18,0.0,0.0,0.0
2025-03-19,0.0,0.0,0.0
2025-03-20,0.0,0.0936892222872852,-0.0936892222872852
2025-03-21,0.0,0.1080233079744397,-0.1080233079744397
2025-03-22,0.0,0.1080233079744397,-0.1080233079744397
2025-03-23,0.0,0.08589972959924533,-0.08589972959924533
2025-03-24,0.0,0.10905952270427642,-0.10905952270427642
2025-03-25,0.0,0.10433918567569377,-0.10433918567569377
2025-03-26,0.0,0.0,0.0
2025-03-27,0.0,0.0,0.0
2025-03-28,0.0,0.0,0.0
2025-03-29,0.0,0.0,0.0
2025-03-30,0.0,0.0,0.0
2025-03-31,0.0,0.3005500417115685,-0.3005500417115685
2025-04-01,0.0,0.3465301775817695,-0.3465301775817695
2025-04-02,0.0,0.23355876237123824,-0.23355876237123824
2025-04-03,0.0,0.19667178006849717,-0.19667178006849717
2025-04-04,0.0,0.05813885781467241,-0.05813885781467241
2025-04-05,0.0,0.2375286507878193,-0.2375286507878193
2025-04-06,0.0,0.23890853365681622,-0.23890853365681622
2025-04-07,0.0,0.484232646679087,-0.484232646679087
2025-04-08,0.0,0.22248067424453755,-0.22248067424453755
2025-04-09,0.0,0.45068157548890003,-0.45068157548890003
2025-04-10,0.0,0.45068157548890003,-0.45068157548890003
2025-04-11,0.0,0.0,0.0
2025-04-12,0.0,0.2071021670197603,-0.2071021670197603
2025-04-13,0.0,0.1775688676099465,-0.1775688676099465
2025-04-14,0.0,0.40156636862139194,-0.40156636862139194
2025-04-15,0.0,0.0,0.0
2025-04-16,0.0,0.0,0.0
2025-04-17,0.0,0.0,0.0
2025-04-18,0.0,0.0,0.0
2025-04-19,0.0,0.04627296540969453,-0.04627296540969453
2025-04-20,0.0,0.0,0.0
2025-04-21,0.0,0.0,0.0
2025-04-22,0.0,0.0,0.0
2025-04-23,0.0,0.07958940675969088,-0.07958940675969088
2025-04-24,0.0,0.054900292128556086,-0.054900292128556086
2025-04-25,0.0,0.0,0.0
2025-04-26,0.0,0.0,0.0
2025-04-27,0.0,0.0,0.0
2025-04-28,0.0,0.05440754713658526,-0.05440754713658526
2025-04-29,0.0,0.007734223340196475,-0.007734223340196475
2025-04-30,0.0,0.0,0.0
2025-05-01,0.0,0.0,0.0
2025-05-02,0.0,0.050962470850120484,-0.050962470850120484
2025-05-03,0.0,0.017880617289081694,-0.017880617289081694
2025-05-04,0.0,0.009579482222449443,-0.009579482222449443
2025-05-05,0.0,0.07675575185692762,-0.07675575185692762
2025-05-06,0.0,0.07931445185927084,-0.07931445185927084
2025-05-07,0.0,0.05101563518882548,-0.05101563518882548
2025-05-08,0.0,0.19719541292305673,-0.19719541292305673
2025-05-09,0.0,0.19060870053070605,-0.19060870053070605
2025-05-10,0.0,0.26802545542744516,-0.26802545542744516
2025-05-11,0.0,0.2822247694466532,-0.2822247694466532
2025-05-12,0.0,0.2853668761258511,-0.2853668761258511
2025-05-13,0.0,0.1372095587433227,-0.1372095587433227
2025-05-14,0.0,0.12232416763849432,-0.12232416763849432
2025-05-15,0.0,0.000649536105789373,-0.000649536105789373
2025-05-16,0.0,0.06553278627292648,-0.06553278627292648
2025-05-17,0.0,0.029121756077708616,-0.029121756077708616
2025-05-18,0.0,0.0,0.0
2025-05-19,0.0,0.0,0.0
2025-05-20,0.0,0.26142965268946744,-0.26142965268946744
2025-05-21,0.0,0.2621529899590737,-0.2621529899590737
2025-05-22,0.0,0.0,0.0
2025-05-23,0.0,0.0,0.0
2025-05-24,0.0,0.0,0.0
2025-05-25,0.0,0.0,0.0
2025-05-26,0.0,0.0,0.0
2025-05-27,0.0,0.0,0.0
2025-05-28,0.0,0.0,0.0
2025-05-29,0.0,0.0,0.0
2025-05-30,0.0,0.0,0.0
2025-05-31,0.0,0.0,0.0
2025-06-01,0.0,0.0,0.0
2025-06-02,0.0,0.0,0.0
2025-06-03,0.0,0.0,0.0
2025-06-04,0.0,0.0,0.0
2025-06-05,0.0,0.0,0.0
2025-06-06,0.0,0.0,0.0
2025-06-07,0.0,0.0,0.0
2025-06-08,0.0,0.0,0.0
2025-06-09,0.0,0.0,0.0
2025-06-10,0.0,0.0,0.0
2025-06-11,0.0,0.0,0.0
2025-06-12,0.0,0.0,0.0
2025-06-13,0.0,0.0,0.0
2025-06-14,0.0,0.0,0.0
2025-06-15,0.0,0.0,0.0
2025-06-16,0.0,0.0,0.0
2025-06-17,0.0,0.0,0.0
2025-06-18,0.0,0.0,0.0
2025-06-19,0.0,0.0,0.0
2025-06-20,0.0,0.0,0.0
2025-06-21,0.0,0.0,0.0
2025-06-22,0.0,0.0,0.0
2025-06-23,0.0,0.0,0.0
2025-06-24,0.0,0.0,0.0
2025-06-25,0.0,0.0,0.0
2025-06-26,0.0,0.0,0.0
2025-06-27,0.0,0.0,0.0
2025-06-28,0.0,0.0,0.0
2025-06-29,0.0,0.0,0.0
2025-06-30,0.0,0.0,0.0
2025-07-01,0.0,0.0,0.0
2025-07-02,0.0,0.0,0.0
2025-07-03,0.0,0.0,0.0
2025-07-04,0.0,0.0,0.0
2025-07-05,0.0,0.0,0.0
2025-07-06,0.0,0.0,0.0
2025-07-07,0.0,0.0,0.0
2025-07-08,0.0,0.0,0.0
2025-07-09,0.0,0.0,0.0
2025-07-10,0.0,0.0,0.0
2025-07-11,0.0,0.0,0.0
2025-07-12,0.0,0.0,0.0
2025-07-13,0.0,0.0,0.0
2025-07-14,0.0,0.0,0.0
2025-07-15,0.0,0.0,0.0
2025-07-16,0.0,0.0,0.0
2025-07-17,0.0,0.0,0.0
2025-07-18,0.0,0.0,0.0
2025-07-19,0.0,0.0,0.0
2025-07-20,0.0,0.0,0.0
2025-07-21,0.0,0.0,0.0
2025-07-22,0.0,0.0,0.0
2025-07-23,0.0,0.0,0.0
2025-07-24,0.0,0.0,0.0
2025-07-25,0.0,0.0,0.0
2025-07-26,0.0,0.0,0.0
2025-07-27,0.0,0.0,0.0
2025-07-28,0.0,0.0,0.0
2025-07-29,0.0,0.0,0.0
2025-07-30,0.0,0.0,0.0
2025-07-31,0.0,0.0,0.0
2025-08-01,0.0,0.0,0.0
2025-08-02,0.0,0.0,0.0
2025-08-03,0.0,0.0,0.0
2025-08-04,0.0,0.0,0.0
2025-08-05,0.0,0.0,0.0
2025-08-06,0.0,0.0,0.0
2025-08-07,0.0,0.0,0.0
2025-08-08,0.0,0.0,0.0
2025-08-09,0.0,0.0,0.0
2025-08-10,0.0,0.0,0.0
2025-08-11,0.0,0.0,0.0
2025-08-12,0.0,0.0,0.0
2025-08-13,0.0,0.0,0.0
2025-08-14,0.0,0.0,0.0
2025-08-15,0.0,0.0,0.0
2025-08-16,0.0,0.0,0.0
2025-08-17,0.0,0.0,0.0
2025-08-18,0.0,0.0,0.0
2025-08-19,0.0,0.0,0.0
2025-08-20,0.0,0.0,0.0
2025-08-21,0.0,0.0,0.0
2025-08-22,0.0,0.0,0.0
2025-08-23,0.0,0.0,0.0
2025-08-24,0.0,0.0,0.0
2025-08-25,0.0,0.0,0.0
2025-08-26,0.0,0.0,0.0
2025-08-27,0.0,0.0,0.0
2025-08-28,0.0,0.0,0.0
2025-08-29,0.0,0.0,0.0
2025-08-30,0.0,0.0,0.0
2025-08-31,0.0,0.0,0.0
2025-09-01,0.0,0.0,0.0
2025-09-02,0.0,0.0,0.0
2025-09-03,0.0,0.0,0.0
2025-09-04,0.0,0.0,0.0
2025-09-05,0.0,0.0,0.0
2025-09-06,0.0,0.0,0.0
2025-09-07,0.0,0.0,0.0
2025-09-08,0.0,0.0,0.0
2025-09-09,0.0,0.0,0.0
2025-09-10,0.0,0.0,0.0
2025-09-11,0.0,0.0,0.0
2025-09-12,0.0,0.0,0.0
2025-09-13,0.0,0.0,0.0
2025-09-14,0.0,0.0,0.0
2025-09-15,0.0,0.0,0.0
2025-09-16,0.0,0.0,0.0
2025-09-17,0.0,0.0,0.0
2025-09-18,0.0,0.0,0.0
2025-09-19,0.0,0.0,0.0
2025-09-20,0.0,0.0,0.0
2025-09-21,0.0,0.0,0.0
2025-09-22,0.0,0.0,0.0
2025-09-23,0.0,0.0,0.0
2025-09-24,0.0,0.0,0.0
2025-09-25,0.0,0.0,0.0
2025-09-26,0.0,0.0,0.0
2025-09-27,0.0,0.0,0.0
2025-09-28,0.0,0.0,0.0
2025-09-29,0.0,0.0,0.0
2025-09-30,0.0,0.0,0.0
2025-10-01,0.0,0.0,0.0
2025-10-02,0.0,0.0,0.0
2025-10-03,0.0,0.0,0.0
2025-10-04,0.0,0.0,0.0
2025-10-05,0.0,0.0,0.0
2025-10-06,0.0,0.0,0.0
2025-10-07,0.0,0.0,0.0
2025-10-08,0.0,0.0,0.0
2025-10-09,0.0,0.0,0.0
2025-10-10,0.0,0.0,0.0
2025-10-11,0.0,0.0,0.0
2025-10-12,0.0,0.0,0.0
2025-10-13,0.0,0.0,0.0
2025-10-14,0.0,0.0,0.0
2025-10-15,0.0,0.0,0.0
2025-10-16,0.0,0.0,0.0
2025-10-17,0.0,0.0,0.0
2025-10-18,0.0,0.0,0.0
2025-10-19,0.0,0.0,0.0
2025-10-20,0.0,0.0,0.0
2025-10-21,0.0,0.0,0.0
2025-10-22,0.0,0.0,0.0
2025-10-23,0.0,0.0,0.0
2025-10-24,0.0,0.0,0.0
2025-10-25,0.0,0.0,0.0
2025-10-26,0.0,0.0,0.0
2025-10-27,0.0,0.0,0.0
2025-10-28,0.0,0.0,0.0
2025-10-29,0.0,0.0,0.0
2025-10-30,0.0,0.0,0.0
