smiles,name,n_models,models,n_pathogens,pathogens,thresholds,best_selectivity,mean_selectivity,std_selectivity,mean_p_pathogen,mean_p_gut,best_rank,moa,clinical_phase,disease_area,target,s_ecoli,s_saureus,s_paeruginosa,s_mtb,s_rf,s_dmpnn,s_chemeleon_frozen,s_molformer,s_dmpnn_rdkit,is_known_antibiotic
C=C[C@]1(C)C[C@@H](OC(=O)CS[C@@H]2C[C@H]3CC[C@@H](C2)N3C)[C@]2(C)[C@H](C)CC[C@]3(CCC(=O)[C@H]32)[C@@H](C)[C@@H]1O,retapamulin,5,"chemeleon_frozen, dmpnn, dmpnn_rdkit, molformer, rf",2,"paeruginosa, saureus","5, 10, 20",0.9995,0.8101,0.1955,0.8935,0.1039,1,protein synthesis inhibitor,Launched,infectious disease,nan,0.0,0.9995,0.9712,0.0,0.7872,0.9995,0.9633,0.9936,0.7982,False
Cc1c(CN(C)C(=O)/C=C/c2cnc3c(c2)CCC(=O)N3)oc2ccccc12,AFN-1252,5,"chemeleon_frozen, dmpnn, dmpnn_rdkit, molformer, rf",2,"ecoli, saureus","5, 10, 20",0.9979,0.7929,0.1483,0.9147,0.136,2,FABI inhibitor,Phase 2,nan,nan,0.7871,0.9979,0.0,0.0,0.8156,0.9979,0.9042,0.9867,0.807,False
COc1cc(NCc2ccc3nc(N)nc(N)c3c2C)cc(OC)c1OC,trimetrexate,5,"chemeleon_frozen, dmpnn, dmpnn_rdkit, molformer, rf",3,"ecoli, paeruginosa, saureus","5, 10, 20",0.9924,0.659,0.2112,0.8039,0.1994,12,dihydrofolate reductase inhibitor,Phase 3,nan,DHFR,0.5292,0.9924,0.9815,0.0,0.567,0.9815,0.9329,0.9924,0.7468,True
CNC[C@@H]1CC[C@@H](N)[C@@H](O[C@H]2[C@H](O)[C@@H](O[C@H]3OC[C@](C)(O)[C@H](NC)[C@H]3O)[C@H](N)C[C@@H]2N)O1,micronomicin,4,"chemeleon_frozen, dmpnn, molformer, rf",4,"ecoli, mtb, paeruginosa, saureus","5, 10, 20",0.9998,0.706,0.1952,0.7914,0.121,5,protein synthesis inhibitor,Launched,infectious disease,nan,0.8281,0.7264,0.8601,0.9998,0.7264,0.9998,0.8947,0.9983,0.0,False
CC(C)=CCC/C(C)=C/CNCCNC1[C@H]2C[C@@H]3C[C@@H](C[C@H]1C3)C2,SQ-109,4,"chemeleon_frozen, dmpnn, molformer, rf",1,mtb,"5, 10, 20",0.9998,0.9015,0.0993,0.9716,0.0732,1,bacterial cell wall synthesis inhibitor,Phase 3,nan,FDFT1,0.0,0.0,0.0,0.9998,0.8347,0.9998,0.875,0.9997,0.0,True
CCN[C@@H]1C[C@H](N)[C@@H](O[C@H]2OC(CN)=CC[C@H]2N)[C@H](O)[C@H]1O[C@H]1OC[C@](C)(O)[C@H](NC)[C@H]1O,netilmicin,4,"chemeleon_frozen, dmpnn, molformer, rf",4,"ecoli, mtb, paeruginosa, saureus","5, 10, 20",0.9995,0.7381,0.2065,0.814,0.1056,2,protein synthesis inhibitor,Launched,infectious disease,nan,0.98,0.6248,0.4414,0.9995,0.7512,0.9995,0.8804,0.9963,0.0,False
O=c1nc(N2CCN(CC3CCCCC3)CC2)sc2c([N+](=O)[O-])cc(C(F)(F)F)cc12,macozinone,4,"chemeleon_frozen, dmpnn, dmpnn_rdkit, rf",1,mtb,"5, 10, 20",0.9994,0.767,0.1858,0.9838,0.219,12,DPRE1 inhibitor,Preclinical,nan,nan,0.0,0.0,0.0,0.9994,0.6731,0.9994,0.9546,0.0,0.8788,False
NC[C@H]1OB(O)c2c(OCCO)ccc(Cl)c21,GSK656,4,"chemeleon_frozen, dmpnn, molformer, rf",3,"ecoli, mtb, paeruginosa","5, 10, 20",0.9954,0.897,0.1212,0.9801,0.0852,4,leucyl-tRNA synthetase inhibitor,Preclinical,nan,nan,0.9733,0.0,0.995,0.9954,0.748,0.995,0.9426,0.9954,0.0,False
O=c1ccc2ncc(=O)n3c2n1C[C@H]3CN1CCC(NCc2cc3c(cn2)OCCC3)CC1,gepotidacin,4,"chemeleon_frozen, dmpnn_rdkit, molformer, rf",3,"ecoli, mtb, saureus","5, 10, 20",0.9935,0.8225,0.1148,0.9076,0.0963,1,topoisomerase inhibitor,Phase 2,nan,nan,0.9889,0.9935,0.0,0.9205,0.8049,0.0,0.9205,0.9935,0.9052,True
CC[C@]12CCCN3CCc4c(n(c5ccccc45)C(=O)C1)[C@@H]32,vinburnine,4,"dmpnn, dmpnn_rdkit, molformer, rf",1,paeruginosa,"5, 10, 20",0.993,0.7599,0.2397,0.7822,0.0391,4,adrenergic receptor antagonist,Launched,neurology/psychiatry,CHRM1|CHRM2|CHRM3|CHRM4,0.0,0.0,0.993,0.0,0.5537,0.9425,0.0,0.993,0.4261,False
CN[C@@H]1[C@@H](O)[C@@H](O[C@@H]2[C@@H](O)[C@H](O[C@H]3OC(CN)=CC[C@H]3N)[C@@H](N)C[C@H]2N)OC[C@]1(C)O,sisomicin,4,"chemeleon_frozen, dmpnn, molformer, rf",4,"ecoli, mtb, paeruginosa, saureus","5, 10, 20",0.9886,0.7152,0.1716,0.8089,0.1232,1,protein synthesis inhibitor,Launched,ophthalmology,nan,0.942,0.9886,0.5584,0.9772,0.7877,0.9886,0.7857,0.9772,0.0,False
CCn1c(-c2nonc2N)nc2cncc(C(=O)N3CC[C@H](N)C3)c21,SB-772077B,4,"chemeleon_frozen, dmpnn, dmpnn_rdkit, molformer",2,"paeruginosa, saureus","5, 10, 20",0.9749,0.8698,0.177,0.8813,0.0145,16,rho associated kinase inhibitor,Preclinical,nan,ROCK1|ROCK2,0.0,0.9542,0.9749,0.0,0.0,0.9661,0.7342,0.9749,0.4458,False
Nc1ncn([C@H]2C[C@H](OP(=O)(O)OC[C@H]3O[C@@H](n4cnc5c(=O)nc(N)[nH]c54)C[C@@H]3O)[C@@H](CO)O2)c(=O)n1,guadecitabine,3,"chemeleon_frozen, dmpnn, dmpnn_rdkit",3,"ecoli, mtb, saureus","5, 10, 20",1.0,0.8883,0.0934,0.899,0.0122,1,DNA methyltransferase inhibitor,Phase 3,nan,nan,1.0,0.9673,0.0,0.8883,0.0,1.0,0.7721,0.0,0.8883,False
N#[C][Fe-2]([C]#N)([C]#N)([C]#N)([C]#N)[N+][O-],sodium-nitroprusside,3,"chemeleon_frozen, dmpnn, dmpnn_rdkit",4,"ecoli, mtb, paeruginosa, saureus","5, 10, 20",1.0,0.9065,0.1609,0.9183,0.0159,1,nitric oxide donor,Launched,cardiology,nan,0.6381,1.0,0.9995,1.0,0.0,1.0,1.0,0.0,0.6381,False
CC(C)CCCC(=O)N[C@@H](CCNCS(=O)(=O)O)C(=O)N[C@H](C(=O)N[C@@H](CCNCS(=O)(=O)O)C(=O)N[C@H]1CCNC(=O)[C@H]([C@@H](C)O)NC(=O)[C@H](CCNCS(=O)(=O)O)NC(=O)[C@H](CCNCS(=O)(=O)O)NC(=O)[C@H](CC(C)C)NC(=O)[C@H](CC(C)C)NC(=O)[C@H](CCNCS(=O)(=O)O)NC1=O)[C@@H](C)O,colistimethate,3,"chemeleon_frozen, dmpnn, dmpnn_rdkit",2,"mtb, paeruginosa","5, 10, 20",1.0,0.7574,0.2174,0.8282,0.1039,4,bacterial permeability inducer,Launched,infectious disease,nan,0.0,0.0,0.8194,1.0,0.0,1.0,0.8194,0.0,0.5625,False
O=c1ccn([C@@H]2O[C@H](COP(=O)(O)OP(=O)(O)OP(=O)(O)OP(=O)(O)OC[C@H]3O[C@@H](n4ccc(=O)[nH]c4=O)[C@H](O)[C@@H]3O)[C@@H](O)[C@H]2O)c(=O)[nH]1,diquafosol,3,"dmpnn, dmpnn_rdkit, rf",2,"ecoli, mtb","5, 10, 20",1.0,0.923,0.1485,0.9375,0.0203,3,purinergic receptor activator,Phase 3,nan,nan,0.9998,0.0,0.0,1.0,0.4911,1.0,0.0,0.0,0.9305,False
Nc1ncnc2c1ncn2[C@@H]1O[C@H](COP(=O)(O)OP(=O)(O)OP(=O)(O)OP(=O)(O)OC[C@H]2O[C@@H](n3cnc4c(N)ncnc43)[C@H](O)[C@@H]2O)[C@@H](O)[C@H]1O,diadenosine-tetraphosphate,3,"dmpnn, dmpnn_rdkit, rf",3,"ecoli, mtb, saureus","5, 10, 20",0.9999,0.8114,0.2306,0.829,0.0295,1,adenosine kinase inhibitor,Phase 1,nan,P2RY13|P2RY2,0.9999,0.9892,0.0,0.9999,0.4849,0.9999,0.0,0.0,0.8916,False
O=C(NC1CCNCC1)[C@@H]1CC[C@@H]2CN1C(=O)N2OS(=O)(=O)O,relebactam,3,"dmpnn, molformer, rf",2,"ecoli, mtb","5, 10, 20",0.9999,0.84,0.1827,0.9152,0.0935,6,beta lactamase inhibitor,Launched,nan,nan,0.9566,0.0,0.0,0.9999,0.6178,0.9999,0.0,0.9566,0.0,False
CN[C@@H]1[C@@H](O)[C@@H](O[C@@H]2[C@@H](O)[C@H](O[C@H]3O[C@H]([C@@H](C)NC)CC[C@H]3N)[C@@H](N)C[C@H]2N)OC[C@]1(C)O,gentamycin,3,"dmpnn, molformer, rf",4,"ecoli, mtb, paeruginosa, saureus","5, 10, 20",0.9999,0.7834,0.1647,0.8854,0.1228,1,bacterial 50S ribosomal subunit inhibitor,Launched,infectious disease|critical care,HSPA8,0.7202,0.9999,0.7453,0.9996,0.8451,0.9999,0.0,0.9852,0.0,True
CCn1c(-c2nonc2N)nc2c(C#CC(C)(C)O)ncc(OC[C@H]3CCCNC3)c21,GSK690693,3,"chemeleon_frozen, dmpnn, dmpnn_rdkit",3,"ecoli, paeruginosa, saureus","5, 10, 20",0.9998,0.8032,0.1705,0.8467,0.0603,7,AKT inhibitor,Phase 1,nan,AKT1|AKT2|AKT3|PAK4|PAK6|PAK7|PRKCQ|PRKG1|PRKX,0.6295,0.9998,0.8516,0.0,0.0,0.9998,0.8516,0.0,0.6295,False
c1ccc2c(c1)[I]c1ccccc1-2,diphenyleneiodonium,3,"chemeleon_frozen, dmpnn_rdkit, molformer",3,"ecoli, mtb, paeruginosa","10, 20",0.9998,0.8482,0.1244,0.8836,0.0424,1,nitric oxide synthase inhibitor,Preclinical,nan,NOS2|NOS3,0.6305,0.0,0.9407,0.9998,0.0,0.0,0.8716,0.9998,0.6305,False
N#CSc1cc(SC#N)c(N)nc1N,PR-619,3,"chemeleon_frozen, dmpnn, dmpnn_rdkit",3,"ecoli, paeruginosa, saureus","5, 10, 20",0.9997,0.8548,0.1891,0.8846,0.0399,4,DUB inhibitor,Preclinical,nan,nan,0.9997,0.8594,0.9945,0.0,0.0,0.9997,0.9933,0.0,0.5841,False
Nc1ncnc2c1ncn2[C@@H]1O[C@H](COP(=O)(O)OP(=O)(O)OP(=O)(O)O)[C@@H](O)[C@H]1O,adenosine-triphosphate,3,"dmpnn, dmpnn_rdkit, rf",3,"ecoli, mtb, saureus","5, 10, 20",0.9997,0.7653,0.233,0.7868,0.0383,3,adenosine receptor agonist,Phase 2,nan,ABCA1|ABCB1|ABCB11|ABCC2|ABCC8|ABCC9|ABCG1|ABL1|ABL2|ACSL1|ACSS1|ACSS2|ACVR1|ACVR1B|ACVRL1|ADCY1|ADRBK1|ADRBK2|AFG3L2|AKT1|ALK|AMHR2|APAF1|ARAF|ASNA1|ASNS|ASS1|CDK15|GPR17|ITPR1|NAE1|NT5C2|P2RY1|P2RY11|P2RY13|P2RY2|P2RY4|PRKAA1|RYR1|RYR2|RYR3|SLC25A4|TNK2|TRPM4|TRPM7,0.9997,0.5002,0.0,0.9978,0.5002,0.9997,0.0,0.0,0.8603,False
O=c1ccn([C@@H]2O[C@H](COP(=O)(O)OP(=O)(O)OP(=O)(O)O)[C@@H](O)[C@H]2O)c(=O)[nH]1,uridine-5'-triphosphate,3,"dmpnn, dmpnn_rdkit, rf",2,"ecoli, mtb","5, 10, 20",0.9997,0.9127,0.1524,0.9236,0.0173,8,purinergic receptor activator,Launched,nan,P2RY11|P2RY2|P2RY4|P2RY6|UCK2,0.9997,0.0,0.0,0.9988,0.4982,0.9997,0.0,0.0,0.9115,False
C[C@H]1COC2(CCN(c3nc(=O)c4cc(C(F)(F)F)cc([N+](=O)[O-])c4s3)CC2)O1,BTZ043-racemate,3,"chemeleon_frozen, dmpnn, rf",1,mtb,"5, 10, 20",0.9995,0.7203,0.2114,0.9882,0.272,16,DPRE1 inhibitor,Phase 1/Phase 2,nan,nan,0.0,0.0,0.0,0.9995,0.6323,0.9995,0.9442,0.0,0.0,False
CCc1nc2ccc(Cl)cn2c1C(=O)NCc1ccc(N2CCC(c3ccc(OC(F)(F)F)cc3)CC2)cc1,Q-203,3,"chemeleon_frozen, dmpnn, rf",1,mtb,"5, 10, 20",0.9995,0.732,0.2023,0.9583,0.2394,11,ATP synthase inhibitor,Phase 2,nan,nan,0.0,0.0,0.0,0.9995,0.6756,0.9995,0.9369,0.0,0.0,False
O=c1ccn([C@@H]2O[C@H](COP(=O)(O)OP(=O)(O)OP(=O)(O)O)[C@H](O)[C@H]2O)c(=O)[nH]1,INS316,3,"dmpnn, dmpnn_rdkit, rf",2,"ecoli, mtb","5, 10, 20",0.9992,0.9212,0.1469,0.9311,0.0156,10,purinergic receptor antagonist,Phase 2,nan,nan,0.9992,0.0,0.0,0.9991,0.4982,0.9992,0.0,0.0,0.9115,False
N[C@@H](Cc1ccc(B(O)O)cc1)C(=O)O,boronophenylalanine,3,"chemeleon_frozen, dmpnn, rf",1,ecoli,"5, 10, 20",0.9988,0.7883,0.215,0.7984,0.0198,15,nan,Phase 2,nan,nan,0.9988,0.0,0.0,0.0,0.4472,0.9988,0.8086,0.0,0.0,False
C[C@H]1C(=O)O[C@@H]2CCN3CC=C(COC(=O)[C@](C)(O)[C@]1(C)O)[C@H]23,monocrotaline,3,"dmpnn, molformer, rf",2,"ecoli, paeruginosa","5, 10, 20",0.9983,0.8637,0.2442,0.8876,0.0463,1,antitumor agent,Preclinical,nan,nan,0.9963,0.0,0.9983,0.0,0.4248,0.9983,0.0,0.9886,0.0,False
CC[C@]1(O)C[C@H]2CN(CCc3c([nH]c4ccccc34)[C@@](C(=O)OC)(c3cc4c(cc3OC)N(C)[C@H]3[C@@](O)(C(N)=O)[C@H](O)[C@]5(CC)C=CCN6CC[C@]43[C@@H]65)C2)C1,vindesine,3,"dmpnn, molformer, rf",1,mtb,"5, 10, 20",0.9976,0.7976,0.2285,0.8646,0.0969,7,tubulin polymerization inhibitor,Launched,oncology,TUBB|TUBB1,0.0,0.0,0.0,0.9976,0.5556,0.9976,0.0,0.9953,0.0,False
NC[C@H]1OB(O)c2c(OCCCO)cccc21,epetraborole,3,"dmpnn, molformer, rf",3,"ecoli, mtb, paeruginosa","5, 10, 20",0.9974,0.7703,0.228,0.8168,0.0725,3,leucyl-tRNA synthetase inhibitor,Preclinical,nan,nan,0.9917,0.0,0.9974,0.9949,0.7015,0.9974,0.0,0.9917,0.0,False
O=C(Nc1cc(C(F)(F)F)cc(C(F)(F)F)c1)c1cc(Cl)ccc1O,IKK-2-inhibitor-V,3,"chemeleon_frozen, dmpnn, rf",2,"mtb, saureus","5, 10, 20",0.9972,0.7546,0.1904,0.8949,0.1657,11,IKK inhibitor|NFkB pathway inhibitor,Phase 1,nan,IKBKB,0.0,0.9972,0.0,0.9361,0.6676,0.9972,0.9361,0.0,0.0,False
Cc1nc(Cn2cnc3c2c(=O)n(C)c(=O)n3C)no1,CH-170,3,"chemeleon_frozen, dmpnn, rf",4,"ecoli, mtb, paeruginosa, saureus","5, 10, 20",0.9971,0.6681,0.234,0.6939,0.048,4,nan,Phase 1,nan,nan,0.4913,0.4612,0.9971,0.9172,0.4913,0.9971,0.9172,0.0,0.0,False
C/C1=C2/N=C(/C=C3\N=C(/C(C)=C4/[C@@H](CCC(N)=O)[C@](C)(CC(N)=O)[C@](C)([C@@H]5N=C1[C@](C)(CCC(=O)NC[C@@H](C)O[P@](=O)(O)O[C@H]1[C@@H](O)[C@@H](n6cnc7cc(C)c(C)cc76)O[C@@H]1CO)[C@H]5CC(N)=O)[N]4[Co+][C]#N)[C@@](C)(CC(N)=O)[C@@H]3CCC(N)=O)C(C)(C)[C@@H]2CCC(N)=O,cyanocobalamin,3,"dmpnn, dmpnn_rdkit, molformer",4,"ecoli, mtb, paeruginosa, saureus","5, 10, 20",0.9969,0.9589,0.0474,0.9726,0.0142,2,methylmalonyl CoA mutase stimulant|vitamin B,Launched,hematology|infectious disease|gastroenterology,MUT,0.9329,0.9969,0.8507,0.9963,0.0,0.9969,0.0,0.9963,0.9352,False
O=c1nc[nH]c2c1ncn2[C@H]1O[C@H](COP(=O)(O)O)[C@H](O)[C@H]1O,polyinosine,3,"dmpnn, dmpnn_rdkit, molformer",2,"ecoli, mtb","5, 10, 20",0.9966,0.9219,0.0545,0.9317,0.0104,19,immunostimulant,Preclinical,nan,HPRT1|IMPDH2|PYGM,0.9966,0.0,0.0,0.869,0.0,0.9966,0.0,0.9428,0.869,False
C[C@H](N)C(=O)N[C@@H](C)P(=O)(O)O,alafosfalin,3,"chemeleon_frozen, molformer, rf",1,ecoli,"5, 10, 20",0.9964,0.8322,0.1627,0.8704,0.0526,2,bacterial cell wall synthesis inhibitor,Phase 1,nan,nan,0.9964,0.0,0.0,0.0,0.6399,0.0,0.8891,0.9964,0.0,True
[CH3][Co+][N]1/C2=C(/C)C3=N/C(=C/C4=N/C(=C(/C)C5=N[C@@](C)([C@@H]1[C@H](CC(N)=O)[C@@]2(C)CCC(=O)NC[C@@H](C)OP(=O)(O)O[C@H]1[C@@H](O)[C@@H](n2cnc6cc(C)c(C)cc62)O[C@@H]1CO)[C@@](C)(CC(N)=O)[C@@H]5CCC(N)=O)[C@@](C)(CC(N)=O)[C@@H]4CCC(N)=O)C(C)(C)[C@@H]3CCC(N)=O,methylcobalamin,3,"dmpnn, dmpnn_rdkit, molformer",3,"mtb, paeruginosa, saureus","5, 10, 20",0.9957,0.9464,0.0519,0.9801,0.0348,4,vitamin B,Phase 3,nan,nan,0.0,0.9952,0.9769,0.9957,0.0,0.9957,0.0,0.9928,0.9373,False
C/C1=C2/N=C(/C=C3\N=C(/C(C)=C4/[C@@H](CCC(N)=O)[C@](C)(CC(N)=O)[C@](C)([C@@H]5N=C1[C@](C)(CCC(=O)NC[C@@H](C)OP(=O)(O)O[C@H]1[C@@H](O)[C@@H](n6cnc7cc(C)c(C)cc76)O[C@@H]1CO)[C@H]5CC(N)=O)[N]4[Co+][C]#N)[C@@](C)(CC(N)=O)[C@@H]3CCC(N)=O)C(C)(C)[C@@H]2CCC(N)=O,vitamin-B12,3,"dmpnn, dmpnn_rdkit, molformer",4,"ecoli, mtb, paeruginosa, saureus","5, 10, 20",0.9955,0.9537,0.0433,0.9671,0.014,3,nan,Launched,hematology,nan,0.947,0.9934,0.8905,0.9955,0.0,0.9927,0.0,0.9955,0.9352,False
COc1ncnc(Cn2cc(C(=O)NCCO)c3ncc(C)cc32)c1C,AZ-7371,3,"dmpnn_rdkit, molformer, rf",3,"ecoli, mtb, saureus","5, 10, 20",0.9943,0.7227,0.1699,0.828,0.1217,2,antibacterial,Preclinical,nan,nan,0.5698,0.5795,0.0,0.9943,0.7755,0.0,0.0,0.9943,0.5795,True
Cn1c(=O)c2c(ncn2CC2OCCO2)n(C)c1=O,doxofylline,3,"chemeleon_frozen, dmpnn, rf",4,"ecoli, mtb, paeruginosa, saureus","5, 10, 20",0.9938,0.7428,0.229,0.7624,0.0318,6,adenosine receptor antagonist,Launched,pulmonary,ADORA1|PDE4A|PDE4B|PDE4C|PDE4D,0.9928,0.9909,0.9938,0.9039,0.5684,0.9938,0.9039,0.0,0.0,False
CN[C@@H]1[C@H](O[C@H]2[C@H](O[C@@H]3[C@@H](O)[C@H](O)[C@@H](NC(=N)N)[C@H](O)[C@H]3NC(=N)N)O[C@@H](C)[C@]2(O)CO)O[C@@H](CO)[C@H](O)[C@H]1O,dihydrostreptomycin,3,"chemeleon_frozen, molformer, rf",1,mtb,10,0.9926,0.7904,0.2096,0.859,0.0972,12,bacterial 30S ribosomal subunit inhibitor,Withdrawn,nan,nan,0.0,0.0,0.0,0.9926,0.5016,0.0,0.8769,0.9926,0.0,True
CN[C@@H]1[C@@H](O)[C@@H](O[C@@H]2[C@@H](O)[C@H](O[C@H]3O[C@H](CN)[C@@H](O)[C@H](O)[C@H]3O)[C@@H](N)C[C@H]2NC(=O)[C@@H](O)CN)OC[C@]1(C)O,isepamicin,3,"dmpnn, molformer, rf",3,"ecoli, mtb, saureus","5, 10, 20",0.9922,0.6905,0.2349,0.8592,0.2128,10,protein synthesis inhibitor,Launched,infectious disease,nan,0.9922,0.5033,0.0,0.9903,0.62,0.9922,0.0,0.9903,0.0,False
NCCONC(=O)[C@@H]1CC[C@@H]2CN1C(=O)N2OS(=O)(=O)O,OP-0595,3,"chemeleon_frozen, molformer, rf",2,"ecoli, paeruginosa","5, 10, 20",0.9921,0.7174,0.2243,0.7818,0.1016,3,beta lactamase inhibitor,Preclinical,nan,nan,0.9921,0.0,0.3785,0.0,0.5465,0.0,0.7745,0.9921,0.0,False
NCC(=O)Nc1ccc(-n2nc(C(F)(F)F)cc2-c2ccc3c(ccc4ccccc43)c2)cc1,AR-12,3,"dmpnn_rdkit, molformer, rf",1,saureus,"5, 10, 20",0.9912,0.731,0.1916,0.898,0.1911,10,phosphoinositide dependent kinase inhibitor,Phase 1,nan,PDPK1,0.0,0.9912,0.0,0.0,0.6427,0.0,0.0,0.9912,0.7098,False
Nc1ncnc2c1ncn2[C@@H]1O[C@H](COP(=O)(O)O)[C@@H](O)[C@H]1O,adenosine-phosphate,3,"dmpnn, dmpnn_rdkit, rf",3,"ecoli, mtb, saureus","5, 10, 20",0.9908,0.677,0.2186,0.6983,0.0399,24,adenosine receptor agonist,Launched,nan,ACSL1|ACSS1|ACSS2|ADCY1|ADK|CREB1|FBP1|HINT1|PDE4B|PDE4D|PIM1|PRKAA1|PRKAB1|PRKAB2|PYGL|TRPM4,0.9908,0.4903,0.0,0.8616,0.4903,0.9908,0.0,0.0,0.8616,False
CN[C@@H]1[C@H](O[C@H]2[C@H](O[C@H]3[C@H](O)[C@@H](O)[C@H](NC(=N)N)[C@@H](O)[C@@H]3NC(=N)N)O[C@@H](C)[C@]2(O)C=O)O[C@@H](CO)[C@H](O)[C@H]1O,streptomycin,3,"chemeleon_frozen, molformer, rf",1,mtb,"10, 20",0.9905,0.7368,0.1996,0.8534,0.1511,19,bacterial 30S ribosomal subunit inhibitor,Launched,infectious disease,nan,0.0,0.0,0.0,0.9905,0.5537,0.0,0.8733,0.9905,0.0,True
Cc1cc(-c2ccc3c(c2)CC[C@H]3N2CC3(CCN(C(=O)Cc4cn5cc(C)sc5n4)CC3)C2)ncn1,PF-05190457,3,"dmpnn, dmpnn_rdkit, molformer",1,saureus,"10, 20",0.9898,0.9111,0.1022,0.9323,0.0252,19,growth hormone secretagogue receptor inverse agonist,Phase 2,nan,GHSR,0.0,0.9898,0.0,0.0,0.0,0.9769,0.0,0.9898,0.7667,False
C[C@@H](O)Cn1cnc2c1c(=O)n(C)c(=O)n2C,Proxyphylline,3,"dmpnn, molformer, rf",4,"ecoli, mtb, paeruginosa, saureus","5, 10, 20",0.9882,0.771,0.2331,0.807,0.0599,10,nan,Launched,pulmonary,nan,0.9868,0.9882,0.97,0.5373,0.5373,0.9882,0.0,0.9758,0.0,False
COC(=O)NC(=S)Nc1ccccc1NC(=S)NC(=O)OC,thiophanate,3,"chemeleon_frozen, dmpnn, molformer",3,"ecoli, mtb, saureus","5, 10, 20",0.9828,0.9605,0.0138,0.9738,0.0137,6,nan,Preclinical,nan,nan,0.967,0.9828,0.0,0.9649,0.0,0.9828,0.9649,0.967,0.0,False
CCCCCCCCCCCCCCCC(=O)N[C@@H](CCC(=O)NCCCC[C@H](NC(=O)[C@H](C)NC(=O)[C@H](C)NC(=O)[C@H](CCC(N)=O)NC(=O)CNC(=O)[C@H](CCC(=O)O)NC(=O)[C@H](CC(C)C)NC(=O)[C@H](Cc1ccc(O)cc1)NC(=O)[C@H](CO)NC(=O)[C@H](CO)NC(=O)[C@@H](NC(=O)[C@H](CC(=O)O)NC(=O)[C@H](CO)NC(=O)[C@@H](NC(=O)[C@H](Cc1ccccc1)NC(=O)[C@@H](NC(=O)CNC(=O)[C@H](CCC(=O)O)NC(=O)[C@H](C)NC(=O)[C@@H](N)Cc1cnc[nH]1)[C@@H](C)O)[C@@H](C)O)C(C)C)C(=O)N[C@@H](CCC(=O)O)C(=O)N[C@@H](Cc1ccccc1)C(=O)N[C@H](C(=O)N[C@@H](C)C(=O)N[C@@H](Cc1c[nH]c2ccccc12)C(=O)N[C@@H](CC(C)C)C(=O)N[C@H](C(=O)N[C@@H](CCCNC(=N)N)C(=O)NCC(=O)N[C@@H](CCCNC(=N)N)C(=O)NCC(=O)O)C(C)C)[C@@H](C)CC)C(=O)O,liraglutide,3,"dmpnn_rdkit, molformer, rf",2,"mtb, paeruginosa","5, 10, 20",0.9823,0.5354,0.2269,0.6929,0.2504,30,GLP receptor agonist,Launched,endocrinology,GLP1R,0.0,0.0,0.4956,0.9823,0.4181,0.0,0.0,0.9823,0.4956,False
COc1cc(Cc2cnc(N)nc2N)c2c(c1OC)O[C@H](C1CC1)C=C2,iclaprim,3,"chemeleon_frozen, dmpnn_rdkit, molformer",2,"paeruginosa, saureus","5, 20",0.9542,0.8317,0.1294,0.8832,0.0615,17,dihydrofolate reductase inhibitor,Phase 3,nan,nan,0.0,0.8881,0.9542,0.0,0.0,0.0,0.8881,0.9542,0.6526,True
CC[C@@H](C)CCCC(=O)N[C@@H](CCN)C(=O)N[C@H](C(=O)N[C@@H](CCN)C(=O)N[C@H]1CCNC(=O)[C@H]([C@@H](C)O)NC(=O)[C@H](CCN)NC(=O)[C@H](CCN)NC(=O)[C@H](CC(C)C)NC(=O)[C@@H](CC(C)C)NC(=O)[C@H](CCN)NC1=O)[C@@H](C)O,colistin,3,"chemeleon_frozen, dmpnn_rdkit, molformer",2,"ecoli, paeruginosa","5, 10, 20",0.8596,0.7788,0.0756,0.8776,0.1123,17,bacterial permeability inducer,Launched,infectious disease,nan,0.8054,0.0,0.8596,0.0,0.0,0.0,0.8572,0.8596,0.6065,False
O=S(=O)(OC[C@H]1O[C@@](COS(=O)(=O)[O][Al]([OH])[OH])(O[C@H]2O[C@H](COS(=O)(=O)[O][Al]([OH])[OH])[C@@H](OS(=O)(=O)[O][Al]([OH])[OH])[C@H](OS(=O)(=O)[O][Al]([OH])[OH])[C@H]2OS(=O)(=O)[O][Al]([OH])[OH])[C@@H](OS(=O)(=O)[O][Al]([OH])[OH])[C@@H]1OS(=O)(=O)[O][Al]([OH])[OH])[O][Al]([OH])[OH],sucralfate,2,"chemeleon_frozen, dmpnn",3,"mtb, paeruginosa, saureus","5, 10, 20",1.0,0.97,0.0299,0.9703,0.0003,1,antacid,Launched,gastroenterology,nan,0.0,0.9599,0.926,1.0,0.0,1.0,0.9948,0.0,0.0,False
C[C@H]1CN(C(=O)CC#N)[C@]12CCN(c1ncnc3[nH]ccc13)C2,delgocitinib,2,"chemeleon_frozen, dmpnn",1,saureus,"5, 10, 20",1.0,0.9351,0.0634,0.941,0.0065,1,JAK inhibitor,Phase 2,nan,nan,0.0,1.0,0.0,0.0,0.0,1.0,0.876,0.0,0.0,False
N#Cc1c(N2C=C(O)[O][Sr][O]C(O)=C2)sc2c1CC(=O)[O][Sr][O]C2=O,strontium-ranelate,2,"chemeleon_frozen, dmpnn",3,"ecoli, paeruginosa, saureus","5, 10, 20",1.0,0.908,0.0659,0.9472,0.0425,2,bone formation stimulant|bone resorption inhibitor,Launched,orthopedics|rheumatology,CASR,1.0,0.8946,0.9675,0.0,0.0,1.0,0.8946,0.0,0.0,False
O=P(O)(O)O[C@H]1[C@H](OP(=O)(O)O)[C@@H](OP(=O)(O)O)[C@H](OP(=O)(O)O)[C@@H](OP(=O)(O)O)[C@H]1OP(=O)(O)O,hexasodium-phytate,2,"dmpnn, dmpnn_rdkit",2,"ecoli, mtb","5, 10, 20",1.0,0.9627,0.0512,0.9672,0.005,1,nan,Phase 2,nan,nan,0.9976,0.0,0.0,1.0,0.0,1.0,0.0,0.0,0.8989,False
CO[C@H]1O[C@H](COS(=O)(=O)O)[C@@H](O[C@@H]2O[C@@H](C(=O)O)[C@@H](O[C@H]3O[C@H](COS(=O)(=O)O)[C@@H](O[C@@H]4O[C@H](C(=O)O)[C@@H](O[C@H]5O[C@H](COS(=O)(=O)O)[C@@H](O)[C@H](O)[C@H]5NS(=O)(=O)O)[C@H](O)[C@H]4O)[C@H](OS(=O)(=O)O)[C@H]3NS(=O)(=O)O)[C@H](O)[C@H]2OS(=O)(=O)O)[C@H](O)[C@H]1NS(=O)(=O)O,fondaparinux,2,"dmpnn, dmpnn_rdkit",2,"mtb, paeruginosa","5, 10, 20",1.0,0.8816,0.2048,0.9062,0.0393,2,coagulation factor inhibitor,Launched,hematology,F10|SERPINC1,0.0,0.0,0.5268,1.0,0.0,1.0,0.0,0.0,0.5268,False
O=C1Nc2ccccc2C12OCC1(CO2)COC2(OC1)C(=O)Nc1ccccc12,JW-67,2,"dmpnn, molformer",1,mtb,"5, 10, 20",1.0,0.9913,0.0094,0.9952,0.0039,9,WNT pathway inhibitor,Preclinical,nan,APC|AXIN1|GSK3B,0.0,0.0,0.0,1.0,0.0,1.0,0.0,0.9825,0.0,False
CC(C)CN(C[C@@H](OP(=O)(O)O)[C@H](Cc1ccccc1)NC(=O)O[C@H]1CCOC1)S(=O)(=O)c1ccc(N)cc1,fosamprenavir,2,"dmpnn, dmpnn_rdkit",1,mtb,"5, 10, 20",1.0,0.9637,0.035,0.9702,0.0069,2,HIV protease inhibitor,Launched,infectious disease,nan,0.0,0.0,0.0,1.0,0.0,1.0,0.0,0.0,0.9366,False
CC(C)[C@@H](CC[C@@H](C)[C@H]1CC[C@H]2[C@@H]3[C@H](O)C[C@H]4C[C@@H](NCCCNCCCCN)CC[C@]4(C)[C@H]3CC[C@]12C)OS(=O)(=O)O,squalamine,2,"dmpnn, rf",3,"ecoli, mtb, paeruginosa","5, 10, 20",1.0,0.5693,0.2203,0.6583,0.1555,15,antiviral,Phase 3,nan,nan,0.515,0.0,0.3767,1.0,0.515,1.0,0.0,0.0,0.0,False
C[C@H]1CCN1c1nc(N2C[C@@H]3[C@@H](CC(=O)O)[C@@H]3C2)cc(C(F)(F)F)n1,ketohexokinase-inhibitor-1,2,"dmpnn, dmpnn_rdkit",2,"ecoli, saureus","5, 10, 20",1.0,0.7759,0.1239,0.8567,0.0988,1,kinase inhibitor,Preclinical,nan,nan,0.8003,1.0,0.0,0.0,0.0,1.0,0.0,0.0,0.8003,False
CC#CCOC(=O)c1c(C)nc2sc3c(c2c1N)CC[C@H](O)C3,SB-205384,2,"chemeleon_frozen, dmpnn",2,"ecoli, saureus","5, 10, 20",0.9999,0.934,0.0715,0.9713,0.0394,6,GABA receptor modulator,Preclinical,nan,GABRA3|GABRA5|GABRA6,0.9999,0.9889,0.0,0.0,0.0,0.9999,0.9077,0.0,0.0,False
O[C@@H]1[C@H](O)[C@@H](CCl)O[C@H]1n1cnc2c(N[C@H]3C[C@@H]4CC[C@H]3C4)ncnc21,5'-chloro-5'-deoxy-ENBA-(+/-),2,"chemeleon_frozen, dmpnn",1,ecoli,"5, 10, 20",0.9999,0.8687,0.1044,0.8781,0.0114,3,adenosine receptor agonist,Preclinical,nan,ADORA1,0.9999,0.0,0.0,0.0,0.0,0.9999,0.7953,0.0,0.0,False
O=C1[O][SbH]23[O]C(=O)C([O]2)C2[O][SbH]4([O]C(=O)C([O]4)C1[O]3)[O]C2=O,antimonyl,2,"chemeleon_frozen, dmpnn",2,"ecoli, mtb","5, 20",0.9999,0.9864,0.0203,0.9973,0.011,4,nan,Phase 1,nan,nan,0.9999,0.0,0.0,0.9999,0.0,0.9999,0.9943,0.0,0.0,False
CC(C)[C@@H](CC[C@@H](C)[C@H]1CC[C@H]2[C@@H]3[C@H](O)C[C@H]4C[C@@H](NCCCNCCCCNCCCN)CC[C@]4(C)[C@H]3CC[C@]12C)OS(=O)(=O)O,trodusquemine,2,"dmpnn, rf",3,"ecoli, mtb, paeruginosa","5, 10, 20",0.9999,0.5423,0.1981,0.6342,0.1604,16,tyrosine phosphatase inhibitor,Phase 1,nan,nan,0.5633,0.0,0.4191,0.9999,0.5633,0.9999,0.0,0.0,0.0,False
CC(=O)OCC(=O)[C@@]1(OC(C)=O)[C@@H](C)C[C@H]2[C@H]3C[C@H](F)C4=CC(=O)C=C[C@]4(C)[C@@]3(F)[C@@H](O)C[C@@]21C,diflorasone-diacetate,2,"dmpnn, molformer",2,"ecoli, saureus","5, 10, 20",0.9998,0.9835,0.0276,0.9838,0.0004,6,glucocorticoid receptor agonist,Launched,dermatology,NR3C1,0.9998,0.9356,0.0,0.0,0.0,0.9998,0.0,0.9356,0.0,False
CCC(=O)O[C@]1(C(=O)SCF)[C@H](C)C[C@H]2[C@@H]3C[C@H](F)C4=CC(=O)C=C[C@]4(C)[C@@]3(F)[C@@H](O)C[C@@]21C,fluticasone-propionate,2,"dmpnn, molformer",3,"ecoli, mtb, saureus","5, 10, 20",0.9998,0.9788,0.0224,0.9803,0.0015,5,glucocorticoid receptor agonist,Launched,dermatology,NR3C1|NR3C2|PGR|PLA2G4A,0.9998,0.9504,0.0,0.9765,0.0,0.9998,0.0,0.9765,0.0,False
Nc1nc(F)nc2c1ncn2[C@@H]1O[C@H](COP(=O)(O)O)[C@@H](O)[C@@H]1O,fludarabine-phosphate,2,"dmpnn, dmpnn_rdkit",2,"ecoli, mtb","5, 10, 20",0.9998,0.946,0.0531,0.9505,0.005,11,ribonucleotide reductase inhibitor,Launched,hematologic malignancy,POLA1|POLD1|POLE|RRM1|RRM2|RRM2B,0.9998,0.0,0.0,0.8966,0.0,0.9998,0.0,0.0,0.8966,False
Cc1c(CN2CCN(C(=O)[C@H](C)O)CC2)sc2c(N3CCOCC3)nc(-c3cnc(N)nc3)nc12,GDC-0980,2,"dmpnn, dmpnn_rdkit",2,"ecoli, saureus","5, 10, 20",0.9998,0.818,0.1999,0.906,0.1102,13,mTOR inhibitor|PI3K inhibitor,Phase 2,nan,FGR|MAP3K9|MTOR|PIK3CA|PIK3CB|PIK3CD|PIK3CG|SYK,0.9973,0.9998,0.0,0.0,0.0,0.9998,0.0,0.0,0.7493,False
O=C(O)c1cc(F)c2nc(N3[C@@H]4CC[C@H]3C[C@@H](OCc3c(-c5ccccc5OC(F)(F)F)noc3C3CC3)C4)sc2c1,tropifexor,2,"dmpnn, molformer",1,saureus,20,0.9998,0.9878,0.0121,0.9922,0.0045,10,FXR agonist,Phase 2,nan,nan,0.0,0.9998,0.0,0.0,0.0,0.9998,0.0,0.9757,0.0,False
CCOC(=O)N[C@@H]1CC[C@@H]2[C@@H](C1)C[C@H]1C(=O)O[C@H](C)[C@H]1[C@H]2/C=C/c1ccc(-c2cccc(F)c2)cn1,vorapaxar,2,"dmpnn, molformer",2,"mtb, saureus","10, 20",0.9998,0.9978,0.002,0.9991,0.0013,6,thrombin inhibitor,Launched,cardiology,F2R,0.0,0.9998,0.0,0.9985,0.0,0.9998,0.0,0.9985,0.0,False
NC(=O)c1ccc[n+]([C@@H]2O[C@H](COP(=O)(O)OP(=O)(O)OC[C@H]3O[C@@H](n4cnc5c(N)ncnc54)[C@H](O)[C@@H]3O)[C@@H](O)[C@H]2O)c1,nadide,2,"dmpnn, dmpnn_rdkit",3,"ecoli, mtb, saureus","5, 10, 20",0.9997,0.8978,0.1327,0.9159,0.0214,7,free radical scavenger,Launched,nan,AHCY|AKR1A1|ALDH2|BLVRA|DHPS|DLD|GALE|HMGCR|HSD17B1|HSD17B4|IMPDH2|MGAM|P2RY11|SORD|TRPM2,0.9997,0.9677,0.0,0.8976,0.0,0.9997,0.0,0.0,0.8976,False
NC(=O)OC[C@@H]1[C@H](NC(=O)/C(=N\OCC(=O)O)c2csc(N)n2)C(=O)N1S(=O)(=O)O,carumonam,2,"dmpnn, rf",1,ecoli,"10, 20",0.9997,0.7674,0.2267,0.963,0.211,15,bacterial cell wall synthesis inhibitor,Launched,infectious disease,nan,0.9997,0.0,0.0,0.0,0.5456,0.9997,0.0,0.0,0.0,True
CC[C@H]1OC(=O)[C@@](C)(F)C(=O)[C@H](C)[C@@H](O[C@@H]2O[C@H](C)C[C@H](N(C)C)[C@H]2O)[C@](C)(OC)C[C@@H](C)C(=O)[C@H](C)[C@H]2N(CCCCn3cc(-c4cccc(N)c4)nn3)C(=O)O[C@]12C,solithromycin,2,"dmpnn, molformer",2,"ecoli, mtb","10, 20",0.9997,0.972,0.0277,0.9905,0.0189,28,protein synthesis inhibitor,Phase 3,nan,nan,0.9442,0.0,0.0,0.9997,0.0,0.9997,0.0,0.9442,0.0,False
O=C1Nc2ccc(Cl)cc2[C@@](C#CC2CC2)(C(F)(F)F)O1,efavirenz,2,"chemeleon_frozen, dmpnn",2,"mtb, saureus",20,0.9996,0.9545,0.0451,0.9587,0.0046,15,HIV protease inhibitor,Launched,infectious disease,CYP1A2|CYP2B6|CYP2C19|CYP2C9|CYP2D6|CYP3A4,0.0,0.9996,0.0,0.9094,0.0,0.9996,0.9094,0.0,0.0,False
C[C@H](C[C@H](C)[C@@H](O)CC(=O)c1ccc(N)cc1)[C@H]1OC(=O)CC(=O)CCCC(=O)C[C@@H](O)C[C@@H](O)C[C@@H](O)CC(=O)C[C@@H](O)[C@H](C(=O)O)[C@@H](O)C[C@@H](O[C@@H]2O[C@H](C)[C@H](O)[C@@H](O)[C@@H]2N)/C=C/C=C/C=C/C=C/C=C/C=C/C=C/[C@@H]1C,candicidin,2,"chemeleon_frozen, dmpnn",2,"mtb, saureus","5, 10, 20",0.9996,0.9251,0.0744,0.9269,0.002,10,fungal ergosterol inhibitor,Launched,infectious disease,nan,0.0,0.851,0.0,0.9996,0.0,0.9996,0.851,0.0,0.0,False
CN(C)[C@@H]1C(=O)[C@@H](C(N)=O)C(=O)[C@@]2(O)C(=O)[C@H]3C(=O)c4c(O)ccc(Cl)c4[C@@](C)(O)[C@H]3C[C@@H]12,chlortetracycline,2,"chemeleon_frozen, dmpnn",1,saureus,"10, 20",0.9996,0.9246,0.0749,0.9774,0.0552,16,protein synthesis inhibitor,Launched,ophthalmology,nan,0.0,0.9996,0.0,0.0,0.0,0.9996,0.8497,0.0,0.0,False
O=c1n(C[C@H]2CO2)c(=O)n(C[C@H]2CO2)c(=O)n1C[C@H]1CO1,teroxirone,2,"chemeleon_frozen, dmpnn",3,"ecoli, mtb, paeruginosa","10, 20",0.9995,0.9134,0.0908,0.9868,0.0748,6,DNA inhibitor,Phase 1,nan,nan,0.9995,0.0,0.9467,0.9805,0.0,0.9995,0.9805,0.0,0.0,False
Cc1nc(COP(=O)(O)O)cc2c1[O][Mn][O]c1c(cc(COP(=O)(O)O)nc1C)CN(CC(=O)O)CCN(CC(=O)O)C2,mangafodipir,2,"dmpnn, dmpnn_rdkit",2,"ecoli, mtb","5, 10, 20",0.9995,0.9424,0.0576,0.9557,0.0146,5,contrast agent,Launched,radiology,nan,0.9995,0.0,0.0,0.9002,0.0,0.9995,0.0,0.0,0.9002,False
Nc1nc(NC[C@H]2CC[C@H](CNS(=O)(=O)c3cccc4ccccc34)CC2)nc2ccccc12,CGP-71683,2,"dmpnn, molformer",2,"mtb, paeruginosa","5, 10, 20",0.9995,0.9432,0.0325,0.9439,0.0008,26,neuropeptide receptor antagonist,Preclinical,nan,NPY5R,0.0,0.0,0.9252,0.9995,0.0,0.9995,0.0,0.9252,0.0,False
CCN1CCC[C@@H]1CNC(=O)c1cc(S(N)(=O)=O)ccc1OC,sulpiride,2,"chemeleon_frozen, dmpnn",1,mtb,"5, 10, 20",0.9994,0.9623,0.0627,0.9735,0.0125,15,dopamine receptor antagonist,Launched,neurology/psychiatry,nan,0.0,0.0,0.0,0.9994,0.0,0.9994,0.8537,0.0,0.0,False
NC(=O)C1=CN([C@@H]2O[C@H](COP(=O)(O)OP(=O)(O)OC[C@H]3O[C@@H](n4cnc5c(N)ncnc54)[C@H](O)[C@@H]3O)[C@@H](O)[C@H]2O)C=CC1,coenzyme-I,2,"dmpnn, dmpnn_rdkit",3,"ecoli, mtb, saureus","5, 10, 20",0.9994,0.9479,0.0698,0.9618,0.0155,4,nan,Phase 2,nan,AASS|ACADS|ADH1A|ADH1B|ADH1C|ADH4|ADH5|ADH7|AKR1B1|AKR1C1|AKR1C2|AKR1C3|AKR1C4|ALDH1A1|ALDH1A2|ALDH1A3|ALDH1B1|ALDH2|ALDH3A1|ALDH3A2|ALDH3B1|ALDH3B2|ALDH4A1|ALDH5A1|ALDH6A1|ALDH7A1|ALDH9A1|AMT|BDH1|BLVRA|BLVRB|CDO1|CYB5R3|CYP17A1|CYP4A11|DHCR7|DHFR|DLAT|DLD|EHHADH|GAPDH|GAPDHS|GLUD1|GLUD2|GPD1|GSR|H6PD|HADH|HADHA|HIBADH|HMGCR|HMOX1|HMOX2|HPGD|HSD11B1|HSD11B2|HSD17B1|HSD17B10|HSD17B2|HSD17B3|HSD17B4|HSD17B7|HSD17B8|HSD3B1|HSD3B2|IDH3A|IDH3B|IDH3G|IMPDH1|IMPDH2|LDHA|LDHAL6A|LDHAL6B|LDHB|LDHC|MDH1|MDH2|ME1|ME2|ME3|MSMO1|MT-ND1|MT-ND2|MT-ND3|MT-ND4|MT-ND4L|MT-ND5|MT-ND6|MTHFD1|MTHFD2|NDUFA1|NDUFA10|NDUFA11|NDUFA12|NDUFA13|NDUFA2|NDUFA3|NDUFA4|NDUFA4L2|NDUFA5|NDUFA6|NDUFA7|NDUFA8|NDUFA9|NDUFAB1|NDUFB1|NDUFB10|NDUFB2|NDUFB3|NDUFB4|NDUFB5|NDUFB6|NDUFB7|NDUFB8|NDUFB9|NDUFC1|NDUFC2|NDUFS1|NDUFS2|NDUFS3|NDUFS4|NDUFS5|NDUFS6|NDUFS7|NDUFS8|NDUFV1|NDUFV2|NDUFV3|NNT|NQO2|NSDHL|OGDH|PDHA1|PDHA2|PDHB|PHGDH|PYCR1|PYCR2|QDPR|RDH5|SORD|TSTA3|TYR|UGDH,0.9994,0.9948,0.0,0.9938,0.0,0.9994,0.0,0.0,0.8692,False
COc1ccc(C[C@H](N)C(=O)N[C@H]2[C@@H](O)[C@H](n3cnc4c(N(C)C)ncnc43)O[C@@H]2CO)cc1,puromycin,2,"dmpnn, rf",1,saureus,"5, 10, 20",0.9994,0.7252,0.2713,0.8067,0.1316,6,protein synthesis inhibitor,Preclinical,nan,NHP2L1|RPL10L|RPL11|RPL13A|RPL15|RPL19|RPL23|RPL23A|RPL26L1|RPL3|RPL37|RPL8|RSL24D1,0.0,0.9994,0.0,0.0,0.4864,0.9994,0.0,0.0,0.0,False
CO[C@@]12[C@H](COC(N)=O)C3=C(C(=O)C(C)=C(N)C3=O)N1C[C@@H]1N[C@@H]12,mitomycin-C,2,"dmpnn, rf",3,"ecoli, paeruginosa, saureus","5, 10, 20",0.9992,0.642,0.254,0.7646,0.1896,15,DNA alkylating agent|DNA synthesis inhibitor,Launched,oncology,nan,0.9992,0.9984,0.9933,0.0,0.5032,0.9992,0.0,0.0,0.0,False
CC(C)(C)/[N+]([O-])=C/c1ccc(S(=O)(=O)O)cc1S(=O)(=O)O,NXY-059,2,"dmpnn, dmpnn_rdkit",2,"mtb, paeruginosa","5, 10, 20",0.9992,0.778,0.2705,0.7896,0.0243,9,free radical scavenger,Phase 3,nan,nan,0.0,0.0,0.4482,0.9992,0.0,0.9992,0.0,0.0,0.4482,False
C=CC(=O)N1C[C@H](COc2nc(Nc3cnn(C)c3)nc3[nH]cc(Cl)c23)[C@@H](OC)C1,PF-06459988,2,"dmpnn, dmpnn_rdkit",1,saureus,"10, 20",0.9992,0.8584,0.1383,0.9144,0.067,19,receptor tyrosine protein kinase inhibitor,Phase 2,nan,nan,0.0,0.9992,0.0,0.0,0.0,0.9992,0.0,0.0,0.7561,False
Cc1cc2c(F)c(Oc3ncnn4cc(OC[C@@H](C)OC(=O)[C@H](C)N)c(C)c34)ccc2[nH]1,brivanib-alaninate,2,"dmpnn, molformer",2,"paeruginosa, saureus","10, 20",0.9992,0.9586,0.0343,0.9682,0.01,19,FGFR inhibitor|VEGFR inhibitor,Phase 3,nan,FGFR3,0.0,0.9992,0.9339,0.0,0.0,0.9992,0.0,0.9339,0.0,False
Oc1ccc2c3c1O[C@H]1c4[nH]c5c(c4C[C@@]4(O)[C@@H](C2)N(CC2CC2)CC[C@]314)C[C@@]1(O)[C@H]2Cc3ccc(O)c4c3[C@@]1(CCN2CC1CC1)[C@H]5O4,nor-binaltorphimine,2,"chemeleon_frozen, molformer",2,"mtb, saureus","5, 20",0.9991,0.9345,0.0761,0.9448,0.0109,4,opioid receptor antagonist,Preclinical,nan,OPRD1|OPRK1|OPRM1,0.0,0.8276,0.0,0.9991,0.0,0.0,0.8276,0.9991,0.0,False
Cc1c2oc3c(C)ccc(C(=O)N[C@@H]4C(=O)N[C@@H](C(C)C)C(=O)N5CCC[C@H]5C(=O)N(C)CC(=O)N(C)[C@@H](C(C)C)C(=O)O[C@@H]4C)c3nc-2c(C(=O)N[C@@H]2C(=O)N[C@@H](C(C)C)C(=O)N3CCC[C@H]3C(=O)N(C)CC(=O)N(C)[C@@H](C(C)C)C(=O)O[C@@H]2C)c(N)c1=O,actinomycin-d,2,"dmpnn, rf",1,saureus,"5, 10, 20",0.9991,0.6021,0.2325,0.9262,0.3594,21,RNA polymerase inhibitor,Launched,oncology,nan,0.0,0.9991,0.0,0.0,0.5306,0.9991,0.0,0.0,0.0,False
Cc1cn([C@H]2C[C@H](F)[C@@H](CO)O2)c(=O)[nH]c1=O,alovudine,2,"dmpnn, molformer",1,ecoli,20,0.999,0.9818,0.0172,0.9861,0.0044,26,DNA synthesis marker,Phase 2,nan,nan,0.999,0.0,0.0,0.0,0.0,0.999,0.0,0.9646,0.0,False
CS[C@H]1SC[C@H]2C(=O)N(C)[C@@H](C(C)C)C(=O)OC[C@@H](NC(=O)c3cnc4ccccc4n3)C(=O)N[C@@H](C)C(=O)N(C)[C@H]1C(=O)N(C)[C@@H](C(C)C)C(=O)OC[C@@H](NC(=O)c1cnc3ccccc3n1)C(=O)N[C@@H](C)C(=O)N2C,echinomycin,2,"dmpnn, rf",1,saureus,"5, 10, 20",0.9989,0.6582,0.2023,0.9386,0.3054,13,DNA intercalating agent,Phase 2,nan,nan,0.0,0.9989,0.0,0.0,0.6183,0.9989,0.0,0.0,0.0,False
CC[C@H](C)n1ncn(-c2ccc(N3CCN(c4ccc(OC[C@H]5CO[C@](Cn6cncn6)(c6ccc(Cl)cc6Cl)O5)cc4)CC3)cc2)c1=O,itraconazole,2,"molformer, rf",3,"ecoli, mtb, paeruginosa","5, 10, 20",0.9988,0.8678,0.1818,0.8875,0.0305,5,cytochrome P450 inhibitor,Launched,infectious disease,nan,0.9701,0.0,0.909,0.9988,0.5077,0.0,0.0,0.9988,0.0,False
CC(C)(COP(=O)(O)OP(=O)(O)OC[C@H]1O[C@@H](n2cnc3c(N)ncnc32)[C@H](O)[C@@H]1OP(=O)(O)O)[C@@H](O)C(=O)NCCC(=O)NCCS,coenzyme-A,2,"dmpnn, dmpnn_rdkit",2,"ecoli, mtb","5, 10, 20",0.9987,0.9657,0.0572,0.9705,0.0055,7,nan,Launched,nan,ACAT2|CRAT|CS|DBI|HMGCR|KAT2A|KAT2B|KAT5,0.9987,0.0,0.0,0.8665,0.0,0.9987,0.0,0.0,0.8665,False
COc1c(C)cnc(Cn2cc(C#CCC(C)(C)O)c3c(Cl)nc(N)nc32)c1C,EC-144,2,"chemeleon_frozen, dmpnn",1,ecoli,"10, 20",0.9986,0.8945,0.074,0.9095,0.0173,24,HSP inhibitor,Preclinical,nan,HSP90AA1|HSP90AB1,0.9986,0.0,0.0,0.0,0.0,0.9986,0.8516,0.0,0.0,False
COC(=O)/C=C/C(=O)OC,dimethyl-fumarate,2,"chemeleon_frozen, dmpnn",1,mtb,"5, 10, 20",0.9986,0.9814,0.0131,0.9825,0.0011,4,nuclear factor erythroid derived|like (NRF2) activator,Launched,neurology/psychiatry,KEAP1,0.0,0.0,0.0,0.9986,0.0,0.9986,0.9709,0.0,0.0,False
Cn1c(=O)c2c(ncn2CCOC(=O)C(C)(C)Oc2ccc(Cl)cc2)n(C)c1=O,etofylline-clofibrate,2,"dmpnn, rf",3,"mtb, paeruginosa, saureus","5, 10, 20",0.9986,0.729,0.2718,0.7593,0.0573,1,platelet aggregation inhibitor,Launched,endocrinology,PPARA,0.0,0.9986,0.9982,0.5525,0.5525,0.9986,0.0,0.0,0.0,False
CO[C@H]1CC[C@H](N2C(=O)CNc3ncc(-c4ccc(C(C)(C)O)nc4)nc32)CC1,CC-223,2,"dmpnn, dmpnn_rdkit",1,saureus,"5, 10, 20",0.9986,0.8949,0.1722,0.913,0.0255,13,mTOR inhibitor,Phase 2,nan,MTOR,0.0,0.9986,0.0,0.0,0.0,0.9986,0.0,0.0,0.5967,False
Nc1nc(Cl)nc2c1ncn2[C@@H]1O[C@H](CO)[C@@H](O)[C@@H]1F,clofarabine,2,"dmpnn, molformer",1,ecoli,"5, 10, 20",0.9985,0.981,0.0208,0.9881,0.0072,27,ribonucleotide reductase inhibitor,Launched,hematologic malignancy,POLA1|POLD1|POLE|RRM1|RRM2|RRM2B,0.9985,0.0,0.0,0.0,0.0,0.9985,0.0,0.9456,0.0,False
NC(=O)[C@H]1CCN(c2ncnc(N)c2F)C[C@@H]1N1CCC[C@@H](Nc2cc(Cl)cc(C(F)(F)F)c2)C1=O,vecabrutinib,2,"dmpnn, molformer",2,"ecoli, saureus","10, 20",0.9985,0.9754,0.0167,0.9871,0.0119,27,Bruton's tyrosine kinase (BTK) inhibitor,Phase 1/Phase 2,nan,nan,0.9619,0.9985,0.0,0.0,0.0,0.9985,0.0,0.9838,0.0,False
CC(C)[C@](O)(c1ccc2cc(OC(F)F)c(OC(F)F)cc2c1)c1cn[nH]n1,VT-464,2,"chemeleon_frozen, dmpnn",1,ecoli,"5, 10, 20",0.9984,0.8834,0.0936,0.906,0.0264,27,cytochrome P450 inhibitor,Phase 2,nan,CYP17A1,0.9984,0.0,0.0,0.0,0.0,0.9984,0.8423,0.0,0.0,False
