actual,predicted,residual
5.231105036145089,4.505229733895841,0.7258753022492481
5.231105036145089,4.7160463096429215,0.5150587265021676
5.231105036145089,4.554257554289912,0.6768474818551766
5.231105036145089,4.585848612355132,0.6452564237899567
5.231105036145089,4.461222894840072,0.7698821413050174
5.231105036145089,4.304123128444455,0.9269819077006343
5.231105036145089,2.711195476003805,2.519909560141284
5.231105036145089,2.781794823184501,2.449310212960588
5.231105036145089,3.9059934257041493,1.3251116104409397
5.231105036145089,3.754332417015857,1.4767726191292319
5.231105036145089,3.9500310154452296,1.2810740206998594
5.231105036145089,3.8859846927693513,1.3451203433757377
5.231105036145089,4.167955920829404,1.0631491153156851
5.231105036145089,3.912581840336267,1.318523195808822
5.231105036145089,3.9236804131199405,1.3074246230251485
5.231105036145089,3.849295129267301,1.381809906877788
5.231105036145089,3.979075835483792,1.2520292006612972
5.231105036145089,4.298350425900219,0.9327546102448698
5.231105036145089,4.292677924966683,0.9384271111784059
5.231105036145089,4.244222385916876,0.9868826502282131
5.231105036145089,4.327334195596886,0.9037708405482032
5.231105036145089,4.467953167817715,0.7631518683273741
5.231105036145089,4.464099059217994,0.7670059769270949
5.231105036145089,4.598459612227635,0.6326454239174542
5.231105036145089,4.663117952095742,0.5679870840493466
5.0869049235296,4.645199287050618,0.4417056364789822
5.0869049235296,4.6612373724738365,0.4256675510557635
5.0869049235296,4.589845491582978,0.4970594319466217
5.0869049235296,4.440153059740144,0.646751863789456
5.0869049235296,4.451012662421796,0.635892261107804
5.0869049235296,4.48574965212254,0.6011552714070598
4.938774443182654,4.777906990560882,0.1608674526217717
4.778556742022508,4.714004292229932,0.06455244979257646
4.61458159950926,4.807073283143975,-0.19249168363471458
4.444726202844344,4.64255483043499,-0.19782862759064557
4.2618826617351475,4.435180448671531,-0.17329778693638342
4.051880912210665,4.326705152211543,-0.27482424000087846
3.8454122391357735,4.370622909309257,-0.5252106701734838
3.63850909902268,4.2407895534268825,-0.6022804544042026
3.446634755432482,3.831543277237372,-0.3849085218048902
3.257968107505549,3.71037460201144,-0.4524064945058912
3.046430151924659,3.626237099101818,-0.579806947177159
2.8386754066564186,3.057066930885733,-0.21839152422931418
2.665996399733532,2.969920324797323,-0.30392392506379107
2.5118225872294224,2.9431460718131603,-0.4313234845837379
2.3527843953360024,2.8159163921936057,-0.4631319968576033
2.1834893027391558,2.740244588723205,-0.5567552859840492
1.9723509962966068,2.863313496050306,-0.8909624997536991
1.7642356294143713,2.597891034165844,-0.8336554047514728
1.5636241855765347,2.495671774244877,-0.9320475886683421
1.3579707601299218,2.2628022831484143,-0.9048315230184925
1.1567140476506204,1.981176481128149,-0.8244624334775286
0.9707862946080859,2.0392588817472572,-1.0684725871391714
0.7946573103708842,2.0566333745001297,-1.2619760641292457
0.6219711991199814,1.9449683635870012,-1.3229971644670198
0.4566219830209174,1.8226647474541227,-1.3660427644332054
0.3075303997313575,1.2360284665934902,-0.9284980668621328
0.15486595604022874,0.9427655099923717,-0.787899553952143
0.0,0.7350353021493269,-0.7350353021493269
0.0,0.5591796760966087,-0.5591796760966087
0.0,0.7688733039000671,-0.7688733039000671
0.0,0.5326169205817326,-0.5326169205817326
0.0,0.2907813689979737,-0.2907813689979737
0.0,0.09617045360702692,-0.09617045360702692
0.0,0.06008768958234199,-0.06008768958234199
0.0,0.014479853293296678,-0.014479853293296678
0.0,0.005819484229535641,-0.005819484229535641
0.0,0.15711655057147147,-0.15711655057147147
0.0,0.007444648541702571,-0.007444648541702571
0.0,0.0,0.0
0.0,0.0015334415169473926,-0.0015334415169473926
0.0,0.0,0.0
0.0,0.0,0.0
0.0,0.0,0.0
0.0,0.0,0.0
0.0,0.0,0.0
0.0,0.0,0.0
0.0,0.0,0.0
0.0,0.0,0.0
0.0,0.0,0.0
0.0,0.0,0.0
0.0,0.0,0.0
0.0,0.0017601361990877556,-0.0017601361990877556
0.0,0.012695764260226682,-0.012695764260226682
0.0,0.42455720749870424,-0.42455720749870424
0.0,0.2640226532662439,-0.2640226532662439
0.0,0.2892539748415484,-0.2892539748415484
0.0,0.29232080215651646,-0.29232080215651646
0.0,0.35926108016265873,-0.35926108016265873
0.0,0.2939541782000268,-0.2939541782000268
0.0,0.27085422420372496,-0.27085422420372496
0.0,0.315925855762438,-0.315925855762438
0.0,0.0017844252902601146,-0.0017844252902601146
0.0,0.005824512885202283,-0.005824512885202283
0.0,0.008635693360193146,-0.008635693360193146
0.0,0.0,0.0
0.0,0.0,0.0
0.0,0.0,0.0
0.0,0.012807019703288096,-0.012807019703288096
0.0,0.0068463052068376586,-0.0068463052068376586
0.0,0.008539414451662059,-0.008539414451662059
0.0,0.010732149700332117,-0.010732149700332117
0.0,0.0073623958572132595,-0.0073623958572132595
0.0,0.008161964739432008,-0.008161964739432008
0.0,0.009925956198868161,-0.009925956198868161
0.0,0.014463337261717349,-0.014463337261717349
0.0,0.011385475149409602,-0.011385475149409602
0.0,0.01459040652395137,-0.01459040652395137
0.0,0.06688781280134762,-0.06688781280134762
0.0,0.06772347029888116,-0.06772347029888116
0.0,0.017087040395818702,-0.017087040395818702
0.0,0.012679940477894362,-0.012679940477894362
0.0,0.007874665880940128,-0.007874665880940128
0.0,0.0049137246272716985,-0.0049137246272716985
0.0,0.005783677102398279,-0.005783677102398279
0.0,0.013915887488592505,-0.013915887488592505
0.0,0.008654978892432174,-0.008654978892432174
0.0,0.008473407818471362,-0.008473407818471362
0.0,0.0,0.0
0.0,0.017976154214953865,-0.017976154214953865
0.0,0.014667038623645367,-0.014667038623645367
0.0,0.015493816889641429,-0.015493816889641429
0.0,0.02676110904451025,-0.02676110904451025
0.0,0.0372985441013894,-0.0372985441013894
0.0,0.024554397204689094,-0.024554397204689094
0.0,0.014734304805538829,-0.014734304805538829
0.0,0.0016347788972912612,-0.0016347788972912612
0.0,0.0007030584797636421,-0.0007030584797636421
0.0,0.005931813307248555,-0.005931813307248555
0.0,0.005308029764759179,-0.005308029764759179
0.0,0.006248733218892698,-0.006248733218892698
0.0,0.006855827479944622,-0.006855827479944622
0.0,0.007884626555996794,-0.007884626555996794
0.0,0.0,0.0
0.0,0.0008679405584314557,-0.0008679405584314557
0.0,0.0,0.0
0.0,0.0,0.0
0.0,0.0,0.0
0.0,0.0,0.0
0.0,0.0,0.0
0.0,0.0,0.0
0.0,0.0,0.0
0.0,0.0,0.0
0.0,0.0,0.0
0.0,0.014445797295580853,-0.014445797295580853
0.0,0.0,0.0
0.0,0.009391695738733422,-0.009391695738733422
0.0,0.08129337389578599,-0.08129337389578599
0.0,0.06064858115429322,-0.06064858115429322
0.0,0.12646027750057845,-0.12646027750057845
0.0,0.13503690795264542,-0.13503690795264542
0.0,0.13344808781992515,-0.13344808781992515
0.0,0.13602673600558984,-0.13602673600558984
0.0,0.1329816421288197,-0.1329816421288197
0.0,0.13353378053400897,-0.13353378053400897
0.0,0.13564484940074062,-0.13564484940074062
0.0,0.1280103000747339,-0.1280103000747339
0.0,0.12823607117906716,-0.12823607117906716
0.0,0.10699713018584071,-0.10699713018584071
0.0,0.10578103803070585,-0.10578103803070585
0.0,0.1047728667700026,-0.1047728667700026
0.0,0.09959321941101351,-0.09959321941101351
0.0,0.10328938397021864,-0.10328938397021864
0.0,0.10357534501761828,-0.10357534501761828
0.0,0.06212458238430116,-0.06212458238430116
0.0,0.059790299630464804,-0.059790299630464804
0.0,0.04679813902512421,-0.04679813902512421
0.0,0.05025343726257843,-0.05025343726257843
0.0,0.024807067997296234,-0.024807067997296234
0.0,0.025251866957517955,-0.025251866957517955
0.0,0.025778624686523543,-0.025778624686523543
0.0,0.02308339791807919,-0.02308339791807919
0.0,0.020955314256770458,-0.020955314256770458
0.0,0.02144160999501525,-0.02144160999501525
0.0,0.003178015776772818,-0.003178015776772818
0.0,0.011314193611705338,-0.011314193611705338
0.0,0.009610739431416958,-0.009610739431416958
0.0,0.0023824284332163567,-0.0023824284332163567
0.0,0.0006325862320357597,-0.0006325862320357597
0.0,0.0004130225069019453,-0.0004130225069019453
0.0,0.0005723534815986585,-0.0005723534815986585
0.0,0.0001953061647182739,-0.0001953061647182739
0.0,0.00015736225983168696,-0.00015736225983168696
0.0,0.0,0.0
0.0,1.9653418563407773e-05,-1.9653418563407773e-05
0.0,0.0019526238097924342,-0.0019526238097924342
0.0,0.00034253736824604256,-0.00034253736824604256
0.0,0.00033837269695887747,-0.00033837269695887747
0.0,0.00037977827103550724,-0.00037977827103550724
0.0,0.0001604740833105544,-0.0001604740833105544
0.0,0.0,0.0
0.0,0.00012276120652598768,-0.00012276120652598768
0.0,0.00043742029838814763,-0.00043742029838814763
0.0,0.0003935259210823975,-0.0003935259210823975
0.0,1.9010399050278765e-05,-1.9010399050278765e-05
0.0,4.680507333857473e-05,-4.680507333857473e-05
0.0,5.0394745366695034e-05,-5.0394745366695034e-05
0.0,0.0,0.0
0.0,0.0003246982586797257,-0.0003246982586797257
0.0,0.0003076510974853,-0.0003076510974853
0.0,0.0,0.0
0.0,0.0003179844162465049,-0.0003179844162465049
0.0,0.0002324228840870608,-0.0002324228840870608
0.0,0.0001542944412630432,-0.0001542944412630432
0.0,3.83007061033261e-06,-3.83007061033261e-06
0.0,0.0,0.0
0.0,0.0,0.0
0.0,0.0,0.0
0.0,0.0,0.0
0.0,0.0,0.0
0.0,0.0,0.0
0.0,0.0,0.0
0.0,0.0,0.0
0.0,0.0,0.0
0.0,0.0,0.0
0.0,0.0,0.0
0.0,0.0,0.0
0.0,0.0,0.0
0.0,0.0,0.0
0.0,0.0,0.0
0.0,0.0,0.0
0.0,0.0,0.0
0.0,0.0,0.0
0.0,0.0,0.0
0.0,0.0,0.0
0.0,0.0,0.0
0.0,0.0,0.0
0.0,0.0,0.0
0.0,0.0,0.0
0.0,0.0,0.0
0.0,0.0,0.0
0.0,0.0,0.0
0.0,0.0,0.0
0.0,0.0,0.0
0.0,0.0,0.0
0.0,0.0,0.0
0.0,0.0,0.0
0.0,0.0,0.0
0.0,0.0,0.0
0.0,0.0,0.0
0.0,0.0,0.0
0.0,0.0,0.0
0.0,0.0,0.0
0.0,0.0,0.0
0.0,0.0,0.0
0.0,0.0,0.0
0.0,0.0,0.0
0.0,0.0,0.0
0.0,0.0,0.0
0.0,0.0,0.0
0.0,0.00026300557472239876,-0.00026300557472239876
0.0,0.0,0.0
0.0,0.0,0.0
0.0,0.0,0.0
0.0,0.0,0.0
0.0,0.0,0.0
0.0,0.0,0.0
0.0,0.0,0.0
0.0,0.0,0.0
0.0,0.0,0.0
0.0,0.0,0.0
0.0,0.0,0.0
0.0,0.0,0.0
0.0,0.0,0.0
0.0,0.0,0.0
0.0,0.0,0.0
0.0,0.0,0.0
0.0,0.0,0.0
0.0,0.0,0.0
0.0,0.0,0.0
0.0,0.0,0.0
0.0,0.0,0.0
0.0,0.0,0.0
0.0,0.0,0.0
0.0,0.0,0.0
0.0,0.0,0.0
0.0,0.0,0.0
0.0,0.0,0.0
0.0,0.0,0.0
0.0,0.0,0.0
0.0,0.0,0.0
0.0,0.0,0.0
0.0,0.0,0.0
0.0,0.0,0.0
0.0,0.0,0.0
0.0,0.0,0.0
0.0,0.0,0.0
0.0,0.0,0.0
0.0,0.0,0.0
0.0,0.0,0.0
0.0,0.0,0.0
0.0,0.0,0.0
0.0,0.0,0.0
0.0,0.0,0.0
0.0,0.0,0.0
0.0,0.0,0.0
0.0,0.0,0.0
0.0,0.0,0.0
0.0,0.0,0.0
0.0,0.0,0.0
0.0,0.0,0.0
0.0,0.0,0.0
0.0,0.0,0.0
0.1530280508602979,0.0,0.1530280508602979
0.1530280508602979,0.0,0.1530280508602979
0.1530280508602979,0.0,0.1530280508602979
0.1530280508602979,0.007945158720414569,0.14508289213988332
0.2966166683738593,0.007289991306271108,0.2893266770675882
0.2966166683738593,0.014507099251131216,0.2821095691227281
0.2966166683738593,0.017152231967295522,0.27946443640656377
0.2966166683738593,0.016541480828254337,0.28007518754560495
0.2966166683738593,0.01123540173251075,0.28538126664134855
0.2966166683738593,0.006468239554984785,0.29014842881887454
0.2966166683738593,0.010100930278681136,0.28651573809517816
0.2966166683738593,0.008641668937934728,0.2879749994359246
0.2966166683738593,0.0,0.2966166683738593
0.4606634972448604,0.0,0.4606634972448604
0.615527047866889,0.0,0.615527047866889
0.615527047866889,0.0018744594321561507,0.6136525884347329
0.615527047866889,0.0,0.615527047866889
0.7589549791228433,0.0,0.7589549791228433
0.9147846642435314,0.0022142663901149086,0.9125703978534165
1.0917098091189434,0.0035255833456273064,1.088184225773316
1.261548513674607,0.023091880530732464,1.2384566331438744
1.4833971521000744,0.019292264599524937,1.4641048875005493
1.7397429756937324,0.09000803282131611,1.6497349428724162
2.003213574498436,0.08783370021515402,1.915379874283282
2.2665352757584225,0.0457541887610326,2.22078108699739
2.530409537952701,0.05434081573589224,2.4760687222168087
2.793669092504882,0.06281577253866827,2.7308533199662137
3.0526459704449076,0.08504379815394048,2.967602172290967
3.290942646784079,0.07437376645020193,3.216568880333877
3.5300719085015575,0.04158582037822266,3.488486088123335
3.779306498539159,0.0836749666647415,3.6956315318744175
4.04564647206247,0.07651593943020334,3.969130532632266
4.317261315582494,0.0691194733266386,4.248141842255855
4.59915801737156,0.05625297735008239,4.542905040021478
4.870548189544228,0.07353292324560887,4.797015266298619
5.134282840657002,0.06723442043060178,5.0670484202264
5.3877704619385565,0.16677877927462778,5.220991682663929
5.639293544140908,0.13904617371126654,5.5002473704296415
5.899154911061452,0.16289659825343406,5.736258312808018
6.16576802542022,0.17716657704509878,5.988601448375121
6.427582941000332,0.20511739110879915,6.222465549891533
6.679191362857191,0.2115565826389162,6.467634780218274
6.920773642381923,0.21317144029160837,6.707602202090315
7.152549094409631,0.218346356846408,6.934202737563223
7.375844690646152,0.200032149822548,7.175812540823603
7.5856267664877395,0.21576442640834653,7.369862340079393
7.767402212819261,0.21902503567748402,7.548377177141776
7.927693883861248,0.21063297176196094,7.717060912099287
8.083070303740627,0.2140881746717611,7.868982129068866
8.083070303740627,0.22167647213389538,7.8613938316067316
8.083070303740627,0.27054075179655196,7.812529551944075
8.083070303740627,0.28385684161190916,7.7992134621287175
8.083070303740627,0.3837279942180875,7.699342309522539
8.083070303740627,0.29561835362333266,7.787451950117294
8.083070303740627,0.48052968037147786,7.602540623369149
8.083070303740627,0.5063160909880261,7.576754212752601
8.249569071028017,0.5484982533847006,7.701070817643316
8.427063455276754,0.5542032185278679,7.872860236748886
8.605052614604785,0.562581811302632,8.042470803302153
8.77036403522261,0.5376938714546391,8.23267016376797
8.931249462618245,0.8295105998291907,8.101738862789055
9.0885380392261,0.9917315818027966,8.096806457423304
9.242136708459615,0.9715577046072164,8.270579003852399
9.242136708459615,0.9374981013106559,8.30463860714896
9.242136708459615,0.9853374621401981,8.256799246319417
9.242136708459615,1.0195537924704214,8.222582915989193
9.242136708459615,1.18384076069023,8.058295947769384
9.242136708459615,1.2898173655676124,7.952319342892002
9.242136708459615,1.2592492549180883,7.982887453541527
9.242136708459615,1.3005934100526582,7.941543298406957
9.242136708459615,1.2676744999975411,7.974462208462073
9.242136708459615,1.250946542792292,7.991190165667323
9.242136708459615,1.2545362699210352,7.98760043853858
9.242136708459615,1.1962778030567056,8.045858905402909
9.242136708459615,3.1812785476069623,6.060858160852653
9.242136708459615,2.174885400529754,7.067251307929861
9.242136708459615,2.138758757810485,7.103377950649129
9.242136708459615,2.7467837680215395,6.495352940438075
9.242136708459615,2.8267816486853565,6.415355059774258
9.242136708459615,2.6477181558917797,6.594418552567835
9.242136708459615,2.9593808420556185,6.282755866403996
9.242136708459615,3.834630082709676,5.407506625749939
9.242136708459615,4.670531766169221,4.571604942290394
9.242136708459615,5.386335661520713,3.855801046938902
9.089108657599319,5.178152472706519,3.9109561848927994
9.089108657599319,5.232004749599817,3.8571039079995018
9.089108657599319,5.140164846211247,3.9489438113880713
9.089108657599319,4.8448126569284415,4.244296000670877
8.945520040085757,4.691769758039858,4.253750282045899
8.945520040085757,4.761785778399254,4.183734261686503
8.945520040085757,4.685516090035489,4.260003950050268
8.945520040085757,4.858764768041793,4.086755272043964
8.945520040085757,5.255623458416631,3.6898965816691263
8.945520040085757,5.1772712007919655,3.7682488392937916
8.945520040085757,5.504308500406502,3.441211539679255
8.945520040085757,5.650821343007862,3.2946986970778953
8.945520040085757,5.773757238120615,3.1717628019651425
8.781473211214756,5.729547573429472,3.051925637785284
8.626609660592727,5.472472648329818,3.1541370122629093
8.626609660592727,5.566742978616611,3.059866681976116
8.626609660592727,5.557222687285528,3.069386973307199
8.483181729336774,5.256701093805691,3.2264806355310833
8.327352044216084,5.203389020880151,3.123963023335933
8.150426899340673,5.00723550975012,3.1431913895905526
7.9805881947850095,5.012360520539527,2.9682276742454823
7.758739556359542,5.138350507308079,2.6203890490514627
7.502393732765883,5.198220662160583,2.3041730706053
7.23892313396118,5.058020415403812,2.180902718557368
6.975601432701194,4.985853056787631,1.989748375913563
6.711727170506914,4.948148262490415,1.7635789080164992
6.448467615954734,5.304631605243931,1.1438360107108032
6.189490738014709,5.389413704087079,0.8000770339276304
5.951194061675537,5.334909808936152,0.6162842527393844
5.712064799958059,5.504921796026069,0.20714300393199014
5.462830209920457,4.576170079244337,0.8866601306761206
5.196490236397147,4.5233501202184785,0.6731401161786685
4.924875392877122,4.135479806088283,0.7893955867888387
4.6429786910880555,3.8647419037514634,0.7782367873365921
4.371588518915389,3.533358371418945,0.8382301474964438
4.107853867802614,2.7127542571042627,1.3950996106983515
3.8543662465210597,2.4761247534594433,1.3782414930616165
3.6028431643187084,1.6971032350900068,1.9057399292287016
3.3429817973981635,1.8254193296688745,1.517562467729289
3.076368683039397,1.7454484488005084,1.3309202342388886
2.8145537674592838,2.148302895071395,0.6662508723878888
2.5629453456024254,1.9187509998556604,0.6441943457467649
2.3213630660776934,1.5586259585018278,0.7627371075758655
2.0895876140499854,1.8706082714741006,0.2189793425758848
1.8662920178134645,2.3620253394660624,-0.49573332165259787
1.6565099419718774,2.8998939985625647,-1.2433840565906873
1.4747344956403563,2.5979814744873515,-1.1232469788469952
1.3144428245983686,2.6650075147113674,-1.3505646901129988
1.1590664047189898,2.433855605314986,-1.2747892005959962
1.1590664047189898,2.487334924652773,-1.3282685199337834
1.1590664047189898,2.4111715449177256,-1.2521051401987358
1.1590664047189898,1.9900789264720513,-0.8310125217530615
1.1590664047189898,1.8769446089123432,-0.7178782041933534
1.1590664047189898,1.6114933541200798,-0.45242694940108996
1.1590664047189898,1.0521799332571118,0.10688647146187802
1.1590664047189898,1.0212874523024955,0.1377789524164943
0.9925676374316004,1.0855236945712434,-0.09295605713964306
0.8150732531828631,1.0679276815285803,-0.25285442834571725
0.6370840938548307,0.8263656265118131,-0.18928153265698244
0.47177267323700633,0.5480253518196893,-0.07625267858268292
0.3108872458413704,0.49640500865578835,-0.18551776281441795
0.15359866923351564,0.4744162674809633,-0.3208175982474477
0.0,0.7448539318240266,-0.7448539318240266
0.0,0.6062135411097636,-0.6062135411097636
0.0,0.5213934147900431,-0.5213934147900431
0.0,0.1337176820476971,-0.1337176820476971
0.0,0.013201647499571194,-0.013201647499571194
0.0,0.023367824054061154,-0.023367824054061154
0.0,0.016073272817295054,-0.016073272817295054
0.0,0.05773336870835877,-0.05773336870835877
0.0,0.009256233517052103,-0.009256233517052103
0.0,0.008197859427179722,-0.008197859427179722
0.0,0.016279127346755698,-0.016279127346755698
0.0,0.021079630042165443,-0.021079630042165443
0.0,0.02698775624275183,-0.02698775624275183
0.0,0.03029601695262586,-0.03029601695262586
0.0,0.026240113147766066,-0.026240113147766066
0.0,0.030773539020260303,-0.030773539020260303
0.0,0.020104235312043892,-0.020104235312043892
0.0,0.00816589200093601,-0.00816589200093601
0.0,0.01507232783013211,-0.01507232783013211
0.0,0.032041199352673036,-0.032041199352673036
0.0,0.029579786472634952,-0.029579786472634952
0.0,0.0392179627936753,-0.0392179627936753
0.0,0.020264083353516555,-0.020264083353516555
0.0,0.01024046035026929,-0.01024046035026929
0.0,0.011526957619637065,-0.011526957619637065
0.0,0.032002465255254506,-0.032002465255254506
0.0,0.025699623886691756,-0.025699623886691756
0.0,0.033032728938872956,-0.033032728938872956
0.0,0.014706377543558422,-0.014706377543558422
0.0,0.012674688341391556,-0.012674688341391556
0.0,0.012734042456525244,-0.012734042456525244
0.0,0.014919547183524506,-0.014919547183524506
0.0,0.02032768276939312,-0.02032768276939312
0.0,0.014137132088347803,-0.014137132088347803
0.0,0.015463217962129306,-0.015463217962129306
0.0,0.009877898301884432,-0.009877898301884432
0.0,0.012148123382705812,-0.012148123382705812
0.0,0.011449783234877144,-0.011449783234877144
0.0,0.012001506222752815,-0.012001506222752815
0.0,0.01190026196625492,-0.01190026196625492
0.0,0.008333281986062627,-0.008333281986062627
0.0,0.008333281986062627,-0.008333281986062627
0.0,0.009380766631522977,-0.009380766631522977
0.0,0.005121112194655403,-0.005121112194655403
0.0,0.008151454299823967,-0.008151454299823967
0.0,0.0020496425589037587,-0.0020496425589037587
0.0,0.0021498012790822077,-0.0021498012790822077
0.0,0.0004030531180414735,-0.0004030531180414735
0.0,0.0,0.0
0.0,0.0,0.0
0.0,0.044673804397858154,-0.044673804397858154
0.0,0.0028627242871931045,-0.0028627242871931045
0.0,0.007857444343366165,-0.007857444343366165
0.0,0.0027646794351310366,-0.0027646794351310366
0.0,0.007479856838707804,-0.007479856838707804
0.0,0.007430439422130914,-0.007430439422130914
0.0,0.007276114849149007,-0.007276114849149007
0.0,0.002278439585328548,-0.002278439585328548
0.0,0.0021443802817774564,-0.0021443802817774564
0.0,0.002068922208297416,-0.002068922208297416
0.0,0.0008916752960104133,-0.0008916752960104133
0.0,0.00023693482977539722,-0.00023693482977539722
0.0,0.0019171676853215673,-0.0019171676853215673
0.0,0.0007201176868487637,-0.0007201176868487637
0.0,0.0017433556183856771,-0.0017433556183856771
0.0,0.001889163457511552,-0.001889163457511552
0.0,0.0017384380911543333,-0.0017384380911543333
0.0,0.0020775148284245307,-0.0020775148284245307
0.0,0.0018861649478766277,-0.0018861649478766277
0.0,0.0017433556183856771,-0.0017433556183856771
0.0,0.0017709200366449413,-0.0017709200366449413
0.0,0.0002570725192411555,-0.0002570725192411555
0.0,0.00047114808942661976,-0.00047114808942661976
0.0,0.00032893914663176683,-0.00032893914663176683
0.0,0.00026728118988931333,-0.00026728118988931333
0.0,0.0001706411297588046,-0.0001706411297588046
0.0,0.00025599189004085483,-0.00025599189004085483
0.0,0.002047551781122986,-0.002047551781122986
0.0,0.00024464485843436783,-0.00024464485843436783
0.0,0.00016416684904190909,-0.00016416684904190909
0.0,0.00021774227931175094,-0.00021774227931175094
0.0,0.0004668586257251019,-0.0004668586257251019
0.0,0.0,0.0
0.0,0.0,0.0
0.0,0.0,0.0
0.0,0.0,0.0
0.0,0.0,0.0
0.0,0.000416718692403818,-0.000416718692403818
0.0,0.00028150422178413546,-0.00028150422178413546
0.0,0.0021337504751109976,-0.0021337504751109976
0.0,0.0023741813957147166,-0.0023741813957147166
0.0,0.001987731205370472,-0.001987731205370472
0.0,0.0023347822330254623,-0.0023347822330254623
0.0,0.0032027183336626524,-0.0032027183336626524
0.0,0.0008825207185759496,-0.0008825207185759496
0.0,0.0,0.0
0.0,0.0,0.0
0.0,0.0,0.0
0.0,0.0,0.0
0.0,0.0,0.0
0.0,1.9610276411521764e-05,-1.9610276411521764e-05
0.0,0.0,0.0
0.0,0.0,0.0
0.0,0.0,0.0
0.0,0.0,0.0
0.0,0.0,0.0
0.0,0.0,0.0
0.0,0.0,0.0
0.0,0.0,0.0
0.0,0.0,0.0
0.0,0.0,0.0
0.0,0.00021857689500257585,-0.00021857689500257585
0.0,0.0,0.0
0.0,0.0,0.0
0.0,0.0,0.0
0.0,0.00034311543155967744,-0.00034311543155967744
0.0,0.0,0.0
0.0,0.0,0.0
0.0,0.0,0.0
0.0,0.00018739303537874767,-0.00018739303537874767
0.0,0.0,0.0
0.0,0.0,0.0
0.0,0.0,0.0
0.0,0.0,0.0
0.0,0.0,0.0
0.0,0.0,0.0
0.0,0.0,0.0
0.0,0.0,0.0
0.0,0.0,0.0
0.0,0.0,0.0
0.0,0.0,0.0
0.0,0.0,0.0
0.0,0.0,0.0
0.0,0.0,0.0
0.0,0.0,0.0
0.0,0.0,0.0
0.0,0.0,0.0
0.0,0.0,0.0
0.0,0.0,0.0
0.0,0.0,0.0
0.0,0.0,0.0
0.0,0.0,0.0
0.0,0.0,0.0
0.0,0.0,0.0
0.0,0.0,0.0
0.0,0.0,0.0
0.0,0.0,0.0
0.0,0.0,0.0
0.0,0.0,0.0
0.0,0.0,0.0
0.0,0.0,0.0
0.0,0.00017120377181444586,-0.00017120377181444586
0.0,0.0004673594878832251,-0.0004673594878832251
0.0,0.00019529913067773723,-0.00019529913067773723
0.0,0.0002573961497179019,-0.0002573961497179019
0.0,0.0,0.0
0.0,3.2196001595734776e-05,-3.2196001595734776e-05
0.0,0.0,0.0
0.0,5.481596251146653e-05,-5.481596251146653e-05
0.0,0.00038749049659490343,-0.00038749049659490343
0.0,0.0010265733409334761,-0.0010265733409334761
0.0,0.0,0.0
0.0,0.0,0.0
0.0,0.0,0.0
0.0,0.0,0.0
0.0,0.0025584975041922087,-0.0025584975041922087
0.0,0.0021580725774923474,-0.0021580725774923474
0.0,0.0021295274649522637,-0.0021295274649522637
0.0,0.0,0.0
0.0,0.0,0.0
0.0,0.0,0.0
0.0,0.0,0.0
0.0,0.0,0.0
0.0,0.0,0.0
0.0,0.0,0.0
0.0,0.0,0.0
0.0,0.0,0.0
0.0,0.0,0.0
0.0,0.0,0.0
0.0,0.0,0.0
0.0,0.0,0.0
0.0,0.0,0.0
0.0,0.0,0.0
0.0,0.0,0.0
0.0,0.0,0.0
0.0,0.0,0.0
0.0,0.0,0.0
0.0,0.002218670491682554,-0.002218670491682554
0.0,0.002179966569124121,-0.002179966569124121
0.0,0.004174253797239728,-0.004174253797239728
0.0,0.00455407076701688,-0.00455407076701688
0.0,0.004917490152325918,-0.004917490152325918
0.0,0.0034028278081110405,-0.0034028278081110405
0.0,0.003398405427103361,-0.003398405427103361
0.0,0.00035791477872095645,-0.00035791477872095645
0.0,0.0,0.0
0.0,0.0,0.0
0.0,0.0,0.0
0.0,0.0,0.0
0.0,0.0,0.0
0.0,0.0,0.0
0.0,0.011111751956012604,-0.011111751956012604
0.0,0.03043886819276832,-0.03043886819276832
0.0,0.0,0.0
0.0,0.005181380075394186,-0.005181380075394186
0.0,0.0,0.0
0.0,0.0,0.0
0.0,0.0,0.0
0.0,0.0,0.0
0.0,0.0,0.0
0.0,0.0,0.0
0.0,0.0,0.0
0.0,0.0,0.0
0.0,0.0,0.0
0.0,0.011217869598415406,-0.011217869598415406
0.0,0.027802321883380957,-0.027802321883380957
0.0,0.000910813870222779,-0.000910813870222779
0.0,0.03736703481756045,-0.03736703481756045
0.0,0.031248036816636297,-0.031248036816636297
0.0,0.04419675509185891,-0.04419675509185891
0.16753013885489107,0.0842380373737568,0.08329210148113426
0.3628618144263882,0.12066984439525945,0.24219197003112874
0.5908239585111674,0.09308911595600329,0.49773484255516415
0.8261285248554958,0.08723962092185167,0.7388889039336441
1.059257066998431,0.03208226314822677,1.0271748038502042
1.3098381158752284,0.02470404255533744,1.2851340733198908
1.5758286262360346,0.01310927566630375,1.5627193505697308
1.8404622577915863,0.012919821080662326,1.827542436710924
2.093848806229895,0.013232871355699307,2.0806159348741957
2.3355240383892837,0.020247918735050836,2.3152761196542326
2.5771099570842404,0.015205385721426256,2.561904571362814
2.8236993496233476,0.030732099406290483,2.7929672502170573
3.0914959912027777,0.01898822719695542,3.0725077640058225
3.3607953854139843,0.0,3.3607953854139843
3.574424873960242,0.00934838911798112,3.565076484842261
3.863613241294427,0.0053479168284598115,3.8582653244659673
4.144917873598443,0.00836041709477044,4.136557456503672
4.459568840625742,0.0052010476294643004,4.454367792996278
4.778106489676874,0.04665250021140346,4.731453989465471
5.0779660643531015,0.023957191999575623,5.054008872353526
5.37925069574499,0.01780802882271725,5.361442666922273
5.68169708370053,0.0,5.68169708370053
5.9367899117355,0.0,5.9367899117355
6.185209664256425,0.0,6.185209664256425
6.417197934838534,0.0,6.417197934838534
6.663755680721811,0.0,6.663755680721811
6.9159120950413735,0.0,6.9159120950413735
7.154669553909437,0.0,7.154669553909437
7.3593121731732705,0.0,7.3593121731732705
7.510892190534235,0.0,7.510892190534235
7.510892190534235,0.0,7.510892190534235
7.510892190534235,0.0,7.510892190534235
7.510892190534235,0.0,7.510892190534235
7.510892190534235,0.0,7.510892190534235
7.510892190534235,0.0,7.510892190534235
7.510892190534235,0.0,7.510892190534235
7.510892190534235,0.0036115539524833396,7.5072806365817515
7.510892190534235,0.008003984613909245,7.502888205920326
7.510892190534235,0.025773012643867724,7.485119177890367
7.510892190534235,0.03663899240998087,7.474253198124254
7.510892190534235,0.03716979411541369,7.473722396418821
7.510892190534235,0.03851316908335094,7.472379021450884
7.510892190534235,0.036053472232780284,7.474838718301455
7.510892190534235,0.040409363439595926,7.470482827094639
7.510892190534235,0.03303242551636171,7.477859765017873
7.510892190534235,0.01980874362348977,7.491083446910745
7.510892190534235,0.45681257439588957,7.054079616138345
7.510892190534235,0.8796312974768122,6.631260893057423
7.510892190534235,0.8500308158600554,6.660861374674179
7.510892190534235,0.7826710779835214,6.728221112550713
7.510892190534235,0.8907838478666482,6.620108342667587
7.510892190534235,0.8618859524978107,6.649006238036424
7.510892190534235,0.8644901337406627,6.646402056793572
7.510892190534235,1.2939226546149678,6.216969535919267
7.510892190534235,1.2569643738915985,6.253927816642636
7.510892190534235,0.7109031420105754,6.79998904852366
7.510892190534235,0.7004954177472006,6.810396772787034
7.510892190534235,0.7577588389094947,6.75313335162474
7.510892190534235,0.7361245572083989,6.774767633325836
7.510892190534235,1.1762327948962095,6.334659395638026
7.510892190534235,2.900366771304138,4.610525419230097
7.510892190534235,3.1784529014284395,4.332439289105795
7.510892190534235,2.4645591279631027,5.046333062571132
7.510892190534235,3.5058018284549273,4.005090362079308
7.510892190534235,5.367666677591718,2.143225512942517
7.510892190534235,5.9665342450204495,1.5443579455137852
7.510892190534235,5.948354477641253,1.5625377128929818
7.510892190534235,5.722096397686186,1.788795792848049
7.510892190534235,5.74219111527732,1.7687010752569146
7.510892190534235,4.65953818102947,2.8513540095047647
7.510892190534235,4.667073660704837,2.843818529829398
7.510892190534235,4.9516249249851025,2.559267265549132
7.510892190534235,4.890427505650377,2.6204646848838573
7.510892190534235,5.459170760361813,2.051721430172422
7.510892190534235,5.938675757065747,1.5722164334684878
7.510892190534235,5.913783316609322,1.5971088739249124
7.510892190534235,5.794630740393513,1.7162614501407214
7.510892190534235,5.835890809062192,1.6750013814720424
7.510892190534235,6.105898828184953,1.4049933623492814
7.510892190534235,6.096395071657906,1.4144971188763291
7.510892190534235,6.610459069974051,0.9004331205601837
7.510892190534235,6.875126458554774,0.6357657319794612
7.510892190534235,6.8055311861126,0.7053610044216345
7.510892190534235,6.590224341397368,0.9206678491368665
7.343362051679343,6.511027543324756,0.8323345083545872
7.1480303761078465,6.272097606516831,0.8759327695910155
6.920068232023068,6.60925029967743,0.31081793234563815
6.684763665678738,6.257746528422669,0.42701713725606893
6.451635123535803,6.039868384474293,0.41176673906151073
6.201054074659006,5.83632565173683,0.3647284229221759
5.9350635642982,5.706972338495213,0.22809122580298702
5.670429932742648,5.6999113604139175,-0.0294814276712696
5.41704338430434,5.127338810502803,0.28970457380153736
5.175368152144951,4.881482454043681,0.29388569810126963
4.933782233449994,4.914176474725889,0.019605758724105193
4.687192840910887,4.8543519690535035,-0.16715912814261635
4.419396199331457,4.6428624422576625,-0.22346624292620554
4.15009680512025,4.514416374003799,-0.3643195688835492
3.9364673165739927,3.5962580424177326,0.3402092741562601
3.6472789492398077,2.9636811892508197,0.683597759988988
3.365974316935792,2.3292603659992954,1.0367139509364964
3.0513233499084924,2.2374690420779606,0.8138543078305318
2.7327857008573604,1.6127793385849911,1.1200063622723693
2.4329261261811332,1.2861985547293342,1.146727571451799
2.131641494789244,1.1549516420642516,0.9766898527249923
1.8291951068337045,1.2606849935861886,0.5685101132475159
1.5741022787987353,1.2175307225095566,0.3565715562891787
1.325682526277809,0.9420316018461199,0.383650924431689
1.0936942556957006,0.9138965096786167,0.17979774601708387
0.8471365098124249,0.9121828138630941,-0.06504630405066913
0.5949800954928602,0.8729298646921188,-0.2779497691992585
0.35622263662479725,0.7068487174326168,-0.35062608080781954
0.1515800173609644,0.5522910347888315,-0.4007110174278671
0.0,0.40415718104400206,-0.40415718104400206
0.0,0.3824307741290842,-0.3824307741290842
0.0,0.2522049679446796,-0.2522049679446796
0.0,0.2572001889122131,-0.2572001889122131
0.0,0.1039296746051039,-0.1039296746051039
0.0,0.10556507887565832,-0.10556507887565832
0.0,0.11418649679684738,-0.11418649679684738
0.0,0.12688888696365214,-0.12688888696365214
0.0,0.1327571817293667,-0.1327571817293667
0.0,0.07999864373261009,-0.07999864373261009
0.0,0.07704279643650733,-0.07704279643650733
0.0,0.08701270049608453,-0.08701270049608453
0.0,0.07403945807514913,-0.07403945807514913
0.0,0.10449490585628377,-0.10449490585628377
0.0,0.08008987452055925,-0.08008987452055925
0.0,0.0745253943079716,-0.0745253943079716
0.0,0.07841694290493918,-0.07841694290493918
0.0,0.08867845018147981,-0.08867845018147981
0.0,0.08709369858963062,-0.08709369858963062
0.0,0.09895158096647585,-0.09895158096647585
0.0,0.08556972455049502,-0.08556972455049502
0.0,0.1161063946183959,-0.1161063946183959
0.0,0.12731417195627082,-0.12731417195627082
0.0,0.1373339693732755,-0.1373339693732755
0.0,0.02753576913002761,-0.02753576913002761
0.0,0.023797678837061204,-0.023797678837061204
0.0,0.02108756274715579,-0.02108756274715579
0.0,0.016074334707925523,-0.016074334707925523
0.0,0.006232907793876912,-0.006232907793876912
0.0,0.11798211573575648,-0.11798211573575648
0.0,0.07859470124044836,-0.07859470124044836
0.0,0.08100952821518527,-0.08100952821518527
0.0,0.10400262238094199,-0.10400262238094199
0.0,0.10301223796835986,-0.10301223796835986
0.0,0.0,0.0
0.0,0.0,0.0
0.0,0.0,0.0
0.0,0.0,0.0
0.0,0.0,0.0
0.0,0.0,0.0
0.0,0.0002614822208429124,-0.0002614822208429124
0.0,0.0,0.0
0.0,0.0,0.0
0.0,0.01182208022319266,-0.01182208022319266
0.0,0.008459813006743436,-0.008459813006743436
0.0,0.010992993160925505,-0.010992993160925505
0.0,0.011695259506020066,-0.011695259506020066
0.0,0.00358570015015612,-0.00358570015015612
0.0,0.006895695109166423,-0.006895695109166423
0.0,0.0,0.0
0.0,0.00111006606647897,-0.00111006606647897
0.0,0.0,0.0
0.0,0.0013079584469954228,-0.0013079584469954228
0.0,0.00029135396046226896,-0.00029135396046226896
0.0,0.0003165659081831296,-0.0003165659081831296
0.0,0.0,0.0
0.0,0.0,0.0
0.0,0.0,0.0
0.0,0.0,0.0
0.0,0.01674840128619905,-0.01674840128619905
0.0,0.018046963437473217,-0.018046963437473217
0.0,0.018366272488917357,-0.018366272488917357
0.0,0.018634759700244096,-0.018634759700244096
0.0,0.018521519955916194,-0.018521519955916194
0.0,0.018357202576880616,-0.018357202576880616
0.0,0.018242750618765225,-0.018242750618765225
0.0,0.01874197613399232,-0.01874197613399232
0.0,0.018341737404860312,-0.018341737404860312
0.0,0.018491470018165104,-0.018491470018165104
0.0,0.018413343703856205,-0.018413343703856205
0.0,0.018374399759232198,-0.018374399759232198
0.0,0.018391854699885787,-0.018391854699885787
0.0,0.01841392784856332,-0.01841392784856332
0.0,0.01841392784856332,-0.01841392784856332
0.0,0.014847484208268145,-0.014847484208268145
0.0,0.017855425204934633,-0.017855425204934633
0.0,0.018042290882899086,-0.018042290882899086
0.0,0.0184865528590942,-0.0184865528590942
0.0,0.018507500980273674,-0.018507500980273674
0.0,0.01853256558374466,-0.01853256558374466
0.0,0.01843906272512467,-0.01843906272512467
0.0,0.018788503308143138,-0.018788503308143138
0.0,0.018579479121694366,-0.018579479121694366
0.0,0.018013293329959084,-0.018013293329959084
0.0,0.01902088214657346,-0.01902088214657346
0.0,0.018610508445016265,-0.018610508445016265
0.0,0.018432774284738235,-0.018432774284738235
0.0,0.01836589501220881,-0.01836589501220881
0.0,0.01847656906191867,-0.01847656906191867
0.0,0.0,0.0
0.0,0.0,0.0
0.0,0.0,0.0
0.0,0.0,0.0
0.0,0.0,0.0
0.0,0.0,0.0
0.0,0.0,0.0
0.0,0.0,0.0
0.0,0.0,0.0
0.0,0.0,0.0
0.0,0.0,0.0
0.0,0.0,0.0
0.0,0.0,0.0
0.0,0.0,0.0
0.0,0.0,0.0
0.0,0.0,0.0
0.0,0.0019256231241055086,-0.0019256231241055086
0.0,0.0012042647897453252,-0.0012042647897453252
0.0,0.000985628314185189,-0.000985628314185189
0.0,6.460944701567708e-06,-6.460944701567708e-06
0.0,0.0,0.0
0.0,0.0,0.0
0.0,0.0,0.0
0.0,0.0003246636369579331,-0.0003246636369579331
0.0,0.0015489488445317868,-0.0015489488445317868
0.0,0.001038335244617082,-0.001038335244617082
0.0,0.0,0.0
0.0,0.001113132651114653,-0.001113132651114653
0.0,0.008471103629885129,-0.008471103629885129
0.0,0.004373138105072525,-0.004373138105072525
0.0,0.025184928196775886,-0.025184928196775886
0.0,0.025648853849522785,-0.025648853849522785
0.0,0.005831352485239215,-0.005831352485239215
0.0,0.002113241461631792,-0.002113241461631792
0.0,0.0013998030399050901,-0.0013998030399050901
0.0,0.0012817447798399216,-0.0012817447798399216
0.0,0.0024368056355436765,-0.0024368056355436765
0.0,0.0001243891007684331,-0.0001243891007684331
0.0,0.000999696658627331,-0.000999696658627331
0.0,0.0009317860652351621,-0.0009317860652351621
0.0,0.0008588699409857677,-0.0008588699409857677
0.0,0.000999696658627331,-0.000999696658627331
0.0,0.0011109053450705417,-0.0011109053450705417
0.0,0.0,0.0
0.0,0.0,0.0
0.0,0.0,0.0
0.0,0.0,0.0
0.0,0.0,0.0
0.0,0.0,0.0
0.0,0.0,0.0
0.0,0.0,0.0
0.0,0.0,0.0
0.0,0.0,0.0
0.0,0.0,0.0
0.0,0.0,0.0
0.0,0.0,0.0
0.0,0.0,0.0
0.0,0.0,0.0
0.0,0.0,0.0
0.0,0.0,0.0
0.0,0.0,0.0
0.0,0.0,0.0
0.0,0.0,0.0
0.0,0.0,0.0
0.0,0.0,0.0
0.0,0.0,0.0
0.0,0.0,0.0
0.0,0.0,0.0
0.0,0.0,0.0
0.0,0.0,0.0
0.0,0.0,0.0
0.0,0.0002463545539550318,-0.0002463545539550318
0.0,0.0,0.0
0.0,0.0,0.0
0.0,0.0,0.0
0.0,0.0,0.0
0.0,0.0,0.0
0.0,0.0,0.0
0.0,0.0,0.0
0.0,0.0,0.0
0.0,0.0,0.0
0.0,0.0018609986673292108,-0.0018609986673292108
0.0,0.001669365602903358,-0.001669365602903358
0.0,0.001989714003275073,-0.001989714003275073
0.0,0.0010275892436791112,-0.0010275892436791112
0.0,0.0006815647956868792,-0.0006815647956868792
0.0,0.0,0.0
0.0,0.0,0.0
0.0,0.0,0.0
0.0,0.0,0.0
0.0,0.0,0.0
0.0,0.0,0.0
0.0,0.0,0.0
0.0,0.0,0.0
0.0,0.0,0.0
0.0,0.0,0.0
0.0,0.0015729893063914596,-0.0015729893063914596
0.0,0.0,0.0
0.0,0.0,0.0
0.0,0.0,0.0
0.0,0.0,0.0
0.0,0.0,0.0
0.0,0.0,0.0
0.0,0.0011461912259705,-0.0011461912259705
0.0,0.0,0.0
0.0,0.0,0.0
0.0,0.0,0.0
0.0,0.0,0.0
0.0,0.0,0.0
0.0,0.0,0.0
0.0,0.0,0.0
0.0,0.0,0.0
0.0,0.0,0.0
0.0,0.0,0.0
0.0,0.0,0.0
0.0,0.0,0.0
0.0,0.0,0.0
0.0,0.0,0.0
0.0,0.0,0.0
0.0,0.0,0.0
0.0,0.0,0.0
0.0,0.0,0.0
0.0,9.761540729878504e-05,-9.761540729878504e-05
0.0,0.0,0.0
0.0,0.0,0.0
0.0,0.0,0.0
0.0,0.0,0.0
0.0,0.0,0.0
0.0,0.0,0.0
0.0,0.0,0.0
0.0,0.0,0.0
0.0,0.0,0.0
0.0,0.0,0.0
0.0,0.0,0.0
0.0,0.0007163998090204477,-0.0007163998090204477
0.0,0.0,0.0
0.0,0.00044603862718969536,-0.00044603862718969536
0.0,0.00039429560994467736,-0.00039429560994467736
0.0,0.0005421641992915138,-0.0005421641992915138
0.0,8.08826472288267e-05,-8.08826472288267e-05
0.0,0.0008153073572417335,-0.0008153073572417335
0.0,0.0,0.0
0.0,0.0,0.0
0.0,0.0004400617219900364,-0.0004400617219900364
0.0,0.0,0.0
0.0,0.0,0.0
0.0,0.0,0.0
0.0,0.0,0.0
0.0,0.0011885621868574804,-0.0011885621868574804
0.0,0.0,0.0
0.0,0.0,0.0
0.0,0.0,0.0
0.0,0.0,0.0
0.0,0.0,0.0
0.0,0.0,0.0
0.0,0.0,0.0
0.0,0.0,0.0
0.0,0.0,0.0
0.0,0.0,0.0
0.0,0.0,0.0
0.0,0.0,0.0
0.0,0.00030940441990874915,-0.00030940441990874915
0.0,0.003114296637600305,-0.003114296637600305
0.0,0.008799032488161206,-0.008799032488161206
0.0,0.0049404251792160335,-0.0049404251792160335
0.15008307720578123,0.0015804767543068422,0.1485026004514744
0.305171680807152,0.0,0.305171680807152
0.4627281790115469,0.0,0.4627281790115469
0.6298681491398668,0.0,0.6298681491398668
0.81928338049458,0.0,0.81928338049458
1.0267529595455815,0.0,1.0267529595455815
1.228041897962957,0.0,1.228041897962957
1.4191017927881322,0.0,1.4191017927881322
1.6165066693390469,0.0,1.6165066693390469
1.8290892203063156,0.0,1.8290892203063156
2.05598392721593,0.0,2.05598392721593
2.2926463891000397,0.0,2.2926463891000397
2.5195214838492803,0.0,2.5195214838492803
2.7520974548048476,0.0,2.7520974548048476
2.979570482210402,0.014907701125040786,2.9646627810853614
3.2085279960503654,0.03442359075998095,3.1741044052903846
3.4559741067533345,0.03213898424845926,3.423835122504875
3.6966271444453187,0.045325917469509376,3.6513012269758094
3.9401374796405655,0.048018870626661214,3.892118609013904
4.170840462367709,0.030591042760839824,4.140249419606869
4.3883619396100295,0.04396589802157277,4.344396041588457
4.596195706536693,0.07024661265099211,4.525949093885701
4.813747364000942,0.05868116006865051,4.755066203932291
5.026912559007991,0.12580583165073667,4.901106727357255
5.261050663613327,0.3000870844814939,4.960963579131833
5.505284521573401,0.3306377722193786,5.1746467493540225
5.759331730936758,0.44232350453369496,5.317008226403063
5.962309133306887,0.477265242115289,5.485043891191598
6.118508172569299,0.53356116712984,5.584947005439458
6.279782150459506,0.49792001195868224,5.7818621385008235
6.279782150459506,0.503079361308506,5.776702789151
6.279782150459506,0.571060005290474,5.708722145169032
6.279782150459506,0.5615889613603143,5.718193189099192
6.279782150459506,0.5683091760468465,5.7114729744126596
6.279782150459506,0.5697905041327834,5.709991646326722
6.279782150459506,0.6126560607171734,5.667126089742332
6.279782150459506,0.6153625816686594,5.664419568790847
6.279782150459506,0.6141081898370514,5.665673960622454
6.279782150459506,0.6359550812558057,5.6438270692037005
6.279782150459506,0.804867781768292,5.4749143686912145
6.279782150459506,0.8220573952025333,5.457724755256973
6.434620502860301,0.9023567229237106,5.53226377993659
6.585157116436607,0.9186683111376468,5.66648880529896
6.7295392963610245,0.9188157908424385,5.810723505518586
6.7295392963610245,0.9595274329045509,5.770011863456474
6.7295392963610245,0.9289920767508464,5.800547219610178
6.7295392963610245,1.085579217831853,5.6439600785291715
6.7295392963610245,1.0322001644070191,5.697339131954005
6.7295392963610245,1.0745887320104583,5.654950564350566
6.7295392963610245,3.0635563494611775,3.665982946899847
6.7295392963610245,3.030048937636994,3.6994903587240304
6.7295392963610245,3.1169606012529534,3.612578695108071
6.7295392963610245,3.0633627303201907,3.666176566040834
6.7295392963610245,3.0145748566625015,3.714964439698523
6.7295392963610245,2.9740051403204855,3.755534156040539
6.7295392963610245,2.944378324518266,3.7851609718427586
6.7295392963610245,2.896765906560564,3.8327733898004603
6.7295392963610245,3.0953294282370947,3.63420986812393
6.7295392963610245,3.223657489406742,3.5058818069542825
6.7295392963610245,3.1497416284096347,3.57979766795139
6.7295392963610245,3.307936404538127,3.4216028918228973
6.7295392963610245,3.133768041339364,3.5957712550216607
6.7295392963610245,3.1082647433569273,3.6212745530040973
6.7295392963610245,3.1754066990929832,3.5541325972680413
6.7295392963610245,3.3309935462680946,3.39854575009293
6.7295392963610245,3.1114737144359017,3.618065581925123
6.7295392963610245,3.6854058500570783,3.0441334463039462
6.7295392963610245,3.6228569217015156,3.106682374659509
6.7295392963610245,3.761537366853843,2.9680019295071816
6.7295392963610245,3.49497243655133,3.2345668598096946
6.7295392963610245,3.5869039190348446,3.14263537732618
6.7295392963610245,3.456552734442294,3.2729865619187306
6.7295392963610245,3.6909927985656523,3.0385464977953722
6.7295392963610245,3.7850184667133777,2.944520829647647
6.7295392963610245,3.8548928200650265,2.874646476295998
6.7295392963610245,3.946227297691348,2.7833119986696766
6.7295392963610245,3.9868517141243,2.7426875822367247
6.7295392963610245,3.8519138594223334,2.877625436938691
6.7295392963610245,3.911211127263737,2.8183281690972875
6.7295392963610245,3.91455421276508,2.8149850835959445
6.7295392963610245,3.958730009026345,2.7708092873346795
6.7295392963610245,4.1334848274547005,2.596054468906324
6.7295392963610245,4.5287668693243095,2.200772427036715
6.7295392963610245,4.4930424533781235,2.236496842982901
6.579456219155243,4.255106625612083,2.32434959354316
6.424367615553872,4.189128315402719,2.235239300151153
6.266811117349477,4.113607805503008,2.153203311846469
6.099671147221158,3.8856393153819644,2.2140318318391934
5.910255915866444,3.9031588612970296,2.0070970545694147
5.702786336815443,3.821288081837427,1.8814982549780157
5.501497398398067,3.7771491112871787,1.7243482871108884
5.310437503572892,3.7848074695944667,1.5256300339784254
5.113032627021978,3.58554788722458,1.5274847397973979
4.9004500760547085,3.7318736329839175,1.168576443070791
4.6735553691450935,3.475898173069519,1.1976571960755744
4.436892907260985,3.2819985870364254,1.1548943202245594
4.210017812511745,3.1715996740452383,1.0384181384665063
3.977441841556177,3.0869078333811837,0.8905340081749933
3.7499688141506224,3.1250341245047557,0.6249346896458667
3.5210113003106587,3.0754464001920465,0.44556490011861216
3.27356518960769,3.1170153804625733,0.15654980914511674
3.032912151915706,3.179491354314968,-0.14657920239926225
2.789401816720459,2.8438764701558186,-0.05447465343535951
2.558698833993316,2.750463204452575,-0.19176437045925931
2.3411773567509946,2.6456995294315995,-0.3045221726806049
2.133343589824331,2.491591977606366,-0.35824838778203505
1.915791932360083,2.2151956652132365,-0.2994037328531536
1.7026267373530328,2.2378634294145097,-0.5352366920614768
1.4684886327476971,2.232843041298799,-0.7643544085511018
1.224254774787623,2.1445266513376096,-0.9202718765499867
0.9702075654242667,2.010580685346768,-1.040373119922501
0.7672301630541385,2.2390854163232516,-1.4718552532691132
0.6110311237917253,2.1373007566738025,-1.526269632882077
0.4497571459015179,1.8384287763695881,-1.3886716304680702
0.4497571459015179,1.7078255122094035,-1.2580683663078855
0.4497571459015179,1.6999336424088698,-1.2501764965073519
0.4497571459015179,1.2382661102744983,-0.7885089643729803
0.4497571459015179,1.1946956781192999,-0.744938532217782
0.4497571459015179,1.1605945108444806,-0.7108373649429627
0.4497571459015179,0.9996440606101545,-0.5498869147086367
0.4497571459015179,0.6067082493679606,-0.15695110346644275
0.4497571459015179,0.6020382109205209,-0.15228106501900301
0.4497571459015179,0.5181899569656547,-0.06843281106413684
0.4497571459015179,0.4137235307428674,0.0360336151586505
0.4497571459015179,0.3841050204712366,0.06565212543028126
0.2949187935007233,0.3458318970321443,-0.05091310353142098
0.14438217992441743,0.21470720009644767,-0.07032502017203024
0.0,0.0645769967877644,-0.0645769967877644
0.0,0.021151694333284243,-0.021151694333284243
0.0,0.017789378585218084,-0.017789378585218084
0.0,0.0027900048036594827,-0.0027900048036594827
0.0,0.014067208972627181,-0.014067208972627181
0.0,0.0,0.0
0.0,0.0,0.0
0.0,0.0,0.0
0.0,0.0,0.0
0.0,0.0,0.0
0.0,0.0,0.0
0.0,0.0,0.0
0.0,0.0,0.0
0.0,0.0,0.0
0.0,0.0,0.0
0.0,0.0,0.0
0.0,0.0,0.0
0.0,0.0,0.0
0.0,0.0,0.0
0.0,0.0,0.0
0.0,0.0,0.0
0.0,0.0,0.0
0.0,0.0,0.0
0.0,0.0,0.0
0.0,0.0,0.0
0.0,0.0,0.0
0.0,0.0,0.0
0.0,0.0011807012945710123,-0.0011807012945710123
0.0,0.0007063219634098285,-0.0007063219634098285
0.0,0.003046869398841358,-0.003046869398841358
0.0,0.0031358424700121033,-0.0031358424700121033
0.0,0.005306391698017642,-0.005306391698017642
0.0,0.0027421421436850083,-0.0027421421436850083
0.0,0.0005686143737091749,-0.0005686143737091749
0.0,0.002942903621244943,-0.002942903621244943
0.0,0.0024478614865817987,-0.0024478614865817987
0.0,0.0012273919691564994,-0.0012273919691564994
0.0,0.002429709489260119,-0.002429709489260119
0.0,0.0,0.0
0.0,0.0002562661606009868,-0.0002562661606009868
0.0,0.0,0.0
0.0,0.0,0.0
0.0,0.015589636978106286,-0.015589636978106286
0.0,0.014156056166433789,-0.014156056166433789
0.0,0.013960124191557987,-0.013960124191557987
0.0,0.014919194286275703,-0.014919194286275703
0.0,0.013427373872711468,-0.013427373872711468
0.0,0.011260099370769138,-0.011260099370769138
0.0,0.011217800705978078,-0.011217800705978078
0.0,0.01079553574904247,-0.01079553574904247
0.0,0.010546416174519532,-0.010546416174519532
0.0,0.012557697077478554,-0.012557697077478554
0.0,0.010931315477968053,-0.010931315477968053
0.0,0.009279599167347245,-0.009279599167347245
0.0,0.008884512330794037,-0.008884512330794037
0.0,0.00891766995276903,-0.00891766995276903
0.0,0.00872984037920198,-0.00872984037920198
0.0,0.01478664534888962,-0.01478664534888962
0.0,0.01620191358307334,-0.01620191358307334
0.0,0.014500032785959911,-0.014500032785959911
0.0,0.014528930265591163,-0.014528930265591163
0.0,0.01061626666340086,-0.01061626666340086
0.0,0.017647450981135036,-0.017647450981135036
0.0,0.016965535391106304,-0.016965535391106304
0.0,0.016146669354478022,-0.016146669354478022
0.0,0.016837245708001818,-0.016837245708001818
0.0,0.01620204208962531,-0.01620204208962531
0.0,0.01495587547671336,-0.01495587547671336
0.0,0.018173577368607623,-0.018173577368607623
0.0,0.01727119676188284,-0.01727119676188284
0.0,0.016436571989236093,-0.016436571989236093
0.0,0.014070875363128465,-0.014070875363128465
0.0,0.004585658356397947,-0.004585658356397947
0.0,0.004585267134135745,-0.004585267134135745
0.0,0.0,0.0
0.0,0.0,0.0
0.0,0.0,0.0
0.0,0.0,0.0
0.0,0.0,0.0
0.0,0.0,0.0
0.0,0.0,0.0
0.0,0.0,0.0
0.0,0.0,0.0
0.0,0.0,0.0
0.0,0.0,0.0
0.0,0.0,0.0
0.0,0.0,0.0
0.0,0.0,0.0
0.0,0.0,0.0
0.0,0.0,0.0
0.0,0.0,0.0
0.0,0.0,0.0
0.0,0.0,0.0
0.0,0.0,0.0
0.0,0.0,0.0
0.0,0.0,0.0
0.0,0.0,0.0
0.0,0.0,0.0
0.0,0.0,0.0
0.0,0.0,0.0
0.0,0.0,0.0
0.0,0.0,0.0
0.0,0.0,0.0
0.0,0.0,0.0
0.0,0.0,0.0
0.0,0.0,0.0
0.0,0.0,0.0
0.0,0.0,0.0
0.0,0.0,0.0
0.0,0.0,0.0
0.0,0.0,0.0
0.0,0.0,0.0
0.0,0.0,0.0
0.0,0.0,0.0
0.0,0.0,0.0
0.0,0.0,0.0
0.0,0.0,0.0
0.0,0.0,0.0
0.0,0.0,0.0
0.0,0.0,0.0
0.0,0.0,0.0
0.0,0.0,0.0
0.0,0.0,0.0
0.0,0.0,0.0
0.0,0.0,0.0
0.0,0.0,0.0
0.0,0.0,0.0
0.0,0.0,0.0
0.0,0.0,0.0
0.0,0.0,0.0
0.0,0.0,0.0
0.0,0.0,0.0
0.0,0.0,0.0
0.0,0.0,0.0
0.0,0.0,0.0
0.0,0.0,0.0
0.0,0.0,0.0
0.0,0.0,0.0
0.0,0.0,0.0
0.0,0.0,0.0
0.0,0.0,0.0
0.0,0.009534385289706005,-0.009534385289706005
0.0,0.020093424081158655,-0.020093424081158655
0.0,0.006147542308875121,-0.006147542308875121
0.0,0.07663017679367931,-0.07663017679367931
0.0,0.19358057798490397,-0.19358057798490397
0.0,0.18256186505810523,-0.18256186505810523
0.0,0.14475635326854755,-0.14475635326854755
0.0,0.08130523227609635,-0.08130523227609635
0.0,0.10942203554059751,-0.10942203554059751
0.0,0.1934161679527308,-0.1934161679527308
0.0,0.11042329725057644,-0.11042329725057644
0.0,0.12374630281162757,-0.12374630281162757
0.0,0.11711080623533943,-0.11711080623533943
0.0,0.14878733055504414,-0.14878733055504414
0.0,0.07075256530994833,-0.07075256530994833
0.0,0.09464187337965763,-0.09464187337965763
0.0,0.07429008785086963,-0.07429008785086963
0.0,0.0,0.0
0.0,0.0,0.0
0.0,0.0,0.0
0.0,0.0,0.0
0.0,0.0,0.0
0.0,0.0,0.0
0.0,0.0,0.0
0.0,0.0,0.0
0.0,0.0,0.0
0.0,0.0,0.0
0.0,0.0,0.0
0.0,0.0,0.0
0.0,0.0,0.0
0.0,0.0,0.0
0.0,0.0,0.0
0.0,0.0,0.0
0.0,0.0,0.0
0.0,0.0,0.0
0.0,0.0,0.0
0.0,0.0,0.0
0.0,0.0,0.0
0.0,0.0,0.0
0.0,0.0,0.0
0.0,0.0,0.0
0.0,0.0,0.0
0.0,0.0,0.0
0.0,0.0,0.0
0.0,0.002387648502567157,-0.002387648502567157
0.0,0.0,0.0
0.0,0.0,0.0
0.0,0.0,0.0
0.0,0.0,0.0
0.0,0.0,0.0
0.0,0.0,0.0
0.0,0.0,0.0
0.0,0.0,0.0
0.0,0.0,0.0
0.0,0.0,0.0
0.0,0.0,0.0
0.0,0.0,0.0
0.0,0.0,0.0
0.0,0.0,0.0
0.0,0.0,0.0
0.0,0.0,0.0
0.0,0.0,0.0
0.0,0.0,0.0
0.0,0.0,0.0
0.0,0.0,0.0
0.0,0.0,0.0
0.0,0.0,0.0
0.0,0.0,0.0
0.0,0.0,0.0
0.0,0.0,0.0
0.0,0.0,0.0
0.0,0.0,0.0
0.0,0.0,0.0
0.0,0.0,0.0
0.0,0.0,0.0
0.0,0.0,0.0
0.0,0.0,0.0
0.0,0.0,0.0
0.0,0.0,0.0
0.0,0.0,0.0
0.0,0.0,0.0
0.0,0.0,0.0
0.0,0.0,0.0
0.0,0.0,0.0
0.0,0.0,0.0
0.0,0.007730891682205019,-0.007730891682205019
0.15530665648911932,0.004950707835829519,0.1503559486532898
0.3053500898644726,0.0064232316159153514,0.29892685824855725
0.3053500898644726,0.0942209680618421,0.2111291218026305
0.3053500898644726,0.15930447950653345,0.14604561035793914
0.4784189029638465,0.11163994406322594,0.3667789589006205
0.6596764652854051,0.14897877969796,0.5106976855874451
0.8359588901918623,0.14685221306109728,0.689106677130765
1.0283996231648291,0.2022821015457234,0.8261175216191057
1.225029611050312,0.2760051579263807,0.9490244531239314
1.419125921587319,0.3025558739384304,1.1165700476488887
1.6044795720172798,0.503778960419106,1.1007006115981737
1.7911323401747212,0.6199069683934777,1.1712253717812435
1.994753535639065,0.9759277402381996,1.0188257954008655
2.2152678539572555,1.1982392894416398,1.0170285645156156
2.4624108147672388,1.5360082723107786,0.9264025424564601
2.721086593087016,1.8134083644460754,0.9076782286409406
2.989830760353906,2.206779176466145,0.7830515838877612
3.2660206777674197,2.7360724492679456,0.5299482284994741
3.545760477090264,2.8907079578122703,0.6550525192779939
3.8550963883164107,2.9548922503009956,0.9002041380154151
4.145385911114398,3.4257861737150193,0.719599737399379
4.419881452134055,4.174772710620941,0.24510874151311413
4.72537176027284,4.142050929267112,0.5833208310057278
5.036470767207626,4.382579226176949,0.6538915410306769
5.407213030075947,4.278184993966281,1.1290280361096654
5.7726880108655445,4.830147630224719,0.9425403806408257
6.155768859884158,5.191454939043017,0.9643139208411409
6.540890471198801,5.407538751157711,1.13335172004109
6.907112973113308,5.495663479147575,1.4114494939657325
7.268788481813258,6.146370709245618,1.1224177725676405
7.607946231757893,6.2862108678646855,1.3217353638932074
7.960378935088648,5.9178617804253335,2.0425171546633143
8.323885473904209,6.041781274985067,2.282104198919142
8.709729513213519,6.567156111442271,2.142573401771248
9.102831296717474,6.673866178771086,2.4289651179463876
9.489890119157925,6.528851061727417,2.961039057430508
9.86817133372259,6.883668818826268,2.984502514896321
10.240302250211828,6.949708068991743,3.2905941812200847
10.606081203396029,6.988514147588075,3.617567055807953
10.970689867418034,7.339218547953055,3.6314713194649793
11.316666796251678,6.887265216444345,4.429401579807332
11.637612924996754,7.892534780256992,3.745078144739762
11.940063152336714,7.863149184147729,4.076913968188985
12.242774700471193,8.152995725123699,4.089778975347494
12.541766762505867,8.098412334919349,4.443354427586518
12.815699866023047,8.55721617877966,4.2584836872433875
13.089201739535005,8.14604244716007,4.943159292374935
13.343933460087646,8.559281183826247,4.784652276261399
13.577915578199352,8.523492985151979,5.054422593047374
13.783379574265268,8.701544547817178,5.08183502644809
13.967104850057442,8.65000646554827,5.317098384509173
14.15540866176792,8.680353292858547,5.4750553689093735
14.302134079475783,8.713198029608732,5.588936049867051
14.302134079475783,11.504695629995018,2.797438449480765
14.302134079475783,12.00460318366807,2.2975308958077125
14.45415066512687,11.787377529037702,2.6667731360891676
14.45415066512687,11.901001134409821,2.5531495307170484
14.45415066512687,11.732565084364868,2.7215855807620013
14.45415066512687,11.175973508513174,3.2781771566136957
14.45415066512687,11.513040061990486,2.9411106031363836
14.45415066512687,11.917525842492736,2.536624822634133
14.45415066512687,11.880777221104097,2.5733734440227725
14.45415066512687,12.348660803256276,2.105489861870593
14.45415066512687,12.066121617798416,2.3880290473284536
14.45415066512687,13.04818719155811,1.4059634735687592
14.45415066512687,12.86852323031434,1.5856274348125297
14.45415066512687,13.014038477758882,1.440112187367987
14.45415066512687,12.613787513315422,1.840363151811447
14.45415066512687,13.0062582206802,1.4478924444466692
14.45415066512687,12.436019193017538,2.0181314721093315
14.45415066512687,12.578933661740747,1.8752170033861226
14.45415066512687,12.595803487869235,1.8583471772576345
14.45415066512687,13.344800272142677,1.109350392984192
14.45415066512687,13.067325265319685,1.3868253998071847
14.45415066512687,13.038341953075086,1.415808712051783
14.45415066512687,13.452644539397356,1.001506125729513
14.45415066512687,13.183674430951674,1.2704762341751952
14.45415066512687,13.273266295742378,1.1808843693844917
14.45415066512687,13.125765135812225,1.3283855293146445
14.45415066512687,13.43911674803431,1.015033917092559
14.45415066512687,13.303898287830059,1.1502523772968107
14.45415066512687,13.501233339352074,0.9529173257747949
14.45415066512687,13.623794941190837,0.830355723936032
14.45415066512687,14.415791546692159,0.03835911843471074
14.298844008637749,15.146750138269992,-0.8479061296322428
14.148800575262397,15.023441260519089,-0.8746406852566917
14.148800575262397,14.959524093929884,-0.810723518667487
14.148800575262397,15.307926051644586,-1.1591254763821883
13.975731762163024,14.910948306346562,-0.9352165441835378
13.794474199841464,14.580548991999134,-0.7860747921576703
13.618191774935005,14.547739540177705,-0.9295477652427007
13.42575104196204,14.46314265355849,-1.0373916115964512
13.229121054076558,14.550518515117703,-1.3213974610411459
13.03502474353955,14.326849569984294,-1.2918248264447438
12.84967109310959,13.74110508115101,-0.8914339880414204
12.66301832495215,12.849461825852163,-0.1864435009000136
12.459397129487806,12.628602271312005,-0.16920514182419844
12.238882811169614,12.766136791205689,-0.5272539800360754
11.991739850359632,12.492073398826495,-0.5003335484668625
11.733064072039854,12.163426566918515,-0.4303624948786613
11.464319904772964,12.39766620859951,-0.9333463038265464
11.18812998735945,11.788718235752022,-0.6005882483925724
10.908390188036606,11.018144042343373,-0.1097538543067671
10.599054276810461,10.988980872098805,-0.38992659528834395
10.30876475401247,9.858296735233406,0.4504680187790644
10.034269212992813,9.735072005570522,0.2991972074222904
9.72877890485403,8.91830334726896,0.81047555758507
9.417679897919243,8.601325986119226,0.8163539118000163
9.046937635050922,8.407548989506093,0.6393886455448285
8.681462654261326,8.460919906553212,0.2205427477081141
8.29838180524271,7.198472002175204,1.099909803067507
7.913260193928069,7.181951173349052,0.7313090205790171
7.547037692013561,6.2419263050853075,1.3051113869282531
7.185362183313612,5.980017643680485,1.2053445396331268
6.846204433368977,5.982683648896746,0.8635207844722315
6.493771730038221,5.94452539434639,0.5492463356918309
6.1302651912226604,5.291641811054698,0.8386233801679621
5.7444211519133495,5.214542467054471,0.5298786848588781
5.3513193684093965,4.991886905973159,0.3594324624362377
4.964260545968943,2.925056503529834,2.0392040424391094
4.585979331404279,3.0821340166783,1.5038453147259792
4.213848414915042,3.002210678195457,1.2116377367195854
3.8480694617308417,3.2206662500215244,0.6274032117093173
3.4834607977088345,2.4115598075875004,1.071900990121334
3.137483868875193,1.9470467400690206,1.1904371288061726
2.816537740130117,1.9567654225722386,0.8597723175578784
2.5140875127901565,1.395454526635397,1.1186329861547595
2.211375964655676,1.8898843640135408,0.32149160064213533
1.912383902621004,2.2723343288770246,-0.3599504262560205
1.638450799103824,2.0656381981235947,-0.42718739901977076
1.364948925591864,1.8661069054771486,-0.5011579798852845
1.1102172050392234,1.435503646825834,-0.3252864417866106
0.8762350869275168,1.4107697490947455,-0.5345346621672287
0.6707710908616009,1.3784916828240694,-0.7077205919624685
0.487045815069428,1.9765705641616713,-1.4895247490922432
0.2987420033589504,1.714839139804042,-1.4160971364450914
0.15201658565108594,1.8810942347208577,-1.7290776490697717
0.15201658565108594,1.5334405022715083,-1.3814239166204223
0.15201658565108594,1.7236642127463937,-1.5716476270953077
0.0,1.4474149100591007,-1.4474149100591007
0.0,1.4398092912620966,-1.4398092912620966
0.0,1.3560577542549865,-1.3560577542549865
0.0,1.3214058958111001,-1.3214058958111001
0.0,1.265962741357891,-1.265962741357891
0.0,0.993469346191935,-0.993469346191935
0.0,0.981721228363004,-0.981721228363004
0.0,1.0617762318343555,-1.0617762318343555
0.0,1.2540469238583258,-1.2540469238583258
0.0,1.1540770458001932,-1.1540770458001932
0.0,1.0862979321465605,-1.0862979321465605
0.0,0.5260549453492588,-0.5260549453492588
0.0,0.5248672867968405,-0.5248672867968405
0.0,0.7633121203899957,-0.7633121203899957
0.0,0.6119511518765486,-0.6119511518765486
0.0,0.35732835329251184,-0.35732835329251184
0.0,0.2958269712258949,-0.2958269712258949
0.0,0.22793901056582205,-0.22793901056582205
0.0,0.2609808738547048,-0.2609808738547048
0.0,0.34429001435043716,-0.34429001435043716
0.0,0.37997635205532354,-0.37997635205532354
0.0,0.22398658884223666,-0.22398658884223666
0.0,0.026245091716448742,-0.026245091716448742
0.0,0.0,0.0
0.0,0.004839071546038418,-0.004839071546038418
0.0,0.002069245607900107,-0.002069245607900107
0.0,0.0,0.0
0.0,0.009326969761911202,-0.009326969761911202
0.0,0.005593286735098427,-0.005593286735098427
0.0,0.005588854699898345,-0.005588854699898345
0.0,0.005047553228478389,-0.005047553228478389
0.0,0.007284353284017012,-0.007284353284017012
0.0,0.007179905124314472,-0.007179905124314472
0.0,0.007657888869408636,-0.007657888869408636
0.0,0.01833411928482892,-0.01833411928482892
0.0,0.007752944000706501,-0.007752944000706501
0.0,0.004782346884583458,-0.004782346884583458
0.0,0.006603909696948157,-0.006603909696948157
0.0,0.007952574059311771,-0.007952574059311771
0.0,0.005823356471702958,-0.005823356471702958
0.0,0.007369480577601737,-0.007369480577601737
0.0,0.021294607185381786,-0.021294607185381786
0.0,0.01744745371280925,-0.01744745371280925
0.0,0.014417441162774084,-0.014417441162774084
0.0,0.02091502176635609,-0.02091502176635609
0.0,0.018817459317458797,-0.018817459317458797
0.0,0.022887875112813292,-0.022887875112813292
0.0,0.017446309582614214,-0.017446309582614214
0.0,0.02195571452332744,-0.02195571452332744
0.0,0.012956349941215903,-0.012956349941215903
0.0,0.00920008352827813,-0.00920008352827813
0.0,0.015453647536610202,-0.015453647536610202
0.0,0.009929729216904208,-0.009929729216904208
0.0,0.0021023066974179927,-0.0021023066974179927
0.0,0.002309446373858274,-0.002309446373858274
0.0,0.011784830292154595,-0.011784830292154595
0.0,0.0018956085774411466,-0.0018956085774411466
0.0,0.008210310104926498,-0.008210310104926498
0.0,0.01403195567660275,-0.01403195567660275
0.0,0.009795482183447028,-0.009795482183447028
0.0,0.006032848125232412,-0.006032848125232412
0.0,0.007796579535529293,-0.007796579535529293
0.0,0.005828952015924361,-0.005828952015924361
0.0,0.012453457167084148,-0.012453457167084148
0.0,0.04286369531866019,-0.04286369531866019
0.0,0.023043885162216962,-0.023043885162216962
0.0,0.024026113629055008,-0.024026113629055008
0.0,0.02212466882626381,-0.02212466882626381
0.0,0.022226847157713194,-0.022226847157713194
0.0,0.06612162713726233,-0.06612162713726233
0.0,0.12368468401736114,-0.12368468401736114
0.0,0.029313800604128675,-0.029313800604128675
0.0,0.021979062601070517,-0.021979062601070517
0.0,0.0,0.0
0.0,0.0024732884634110414,-0.0024732884634110414
0.0,0.0,0.0
0.0,0.0,0.0
0.0,0.0,0.0
0.0,0.0,0.0
0.0,0.0,0.0
0.0,0.021277242977939568,-0.021277242977939568
0.0,0.021900867608775333,-0.021900867608775333
0.0,0.0003511115630770019,-0.0003511115630770019
0.0,0.0,0.0
0.0,0.0,0.0
0.0,9.652857739725063e-06,-9.652857739725063e-06
0.0,0.00019768539883363364,-0.00019768539883363364
0.0,0.0008000975392897881,-0.0008000975392897881
0.0,0.0006297662865941911,-0.0006297662865941911
0.0,0.0008153950792938235,-0.0008153950792938235
0.0,0.00021780944546096566,-0.00021780944546096566
0.0,0.0,0.0
0.0,0.000686729189389291,-0.000686729189389291
0.0,0.0011966113484790347,-0.0011966113484790347
0.0,0.0,0.0
0.0,0.0,0.0
0.0,0.0012263998256475273,-0.0012263998256475273
0.0,0.00025859132859759766,-0.00025859132859759766
0.0,0.0008531219820847722,-0.0008531219820847722
0.0,0.0013439464412425015,-0.0013439464412425015
0.0,0.003014647598334408,-0.003014647598334408
0.0,0.0,0.0
0.0,0.0029613620002991,-0.0029613620002991
0.0,0.0,0.0
0.0,0.00633534348115966,-0.00633534348115966
0.0,0.005311034495111022,-0.005311034495111022
0.0,0.005149577838102598,-0.005149577838102598
0.0,0.0020007301782974003,-0.0020007301782974003
0.0,0.0028937315760890294,-0.0028937315760890294
0.0,0.001204353247193528,-0.001204353247193528
0.0,0.0020847049990563634,-0.0020847049990563634
0.0,0.003301999965646749,-0.003301999965646749
0.0,0.004078391133402132,-0.004078391133402132
0.0,0.002785969165477829,-0.002785969165477829
0.0,0.01078465005301893,-0.01078465005301893
0.0,0.008578417666636926,-0.008578417666636926
0.0,0.005469557839751707,-0.005469557839751707
0.0,0.0,0.0
0.0,0.005757699254906111,-0.005757699254906111
0.0,0.006023841490098955,-0.006023841490098955
0.0,0.005802456505482458,-0.005802456505482458
0.0,0.006063394262143209,-0.006063394262143209
0.0,0.005792740514271702,-0.005792740514271702
0.0,0.005934574020408518,-0.005934574020408518
0.0,0.0,0.0
0.0,0.0,0.0
0.0,0.0,0.0
0.0,0.0,0.0
0.0,0.0,0.0
0.0,0.0,0.0
0.0,0.0,0.0
0.0,0.0028943400867362046,-0.0028943400867362046
0.0,0.0032230750169700735,-0.0032230750169700735
0.0,0.0,0.0
0.0,0.0,0.0
0.0,0.0,0.0
0.0,0.0,0.0
0.0,0.0,0.0
0.0,0.0,0.0
0.0,0.0,0.0
0.0,0.0,0.0
0.0,0.0,0.0
0.0,0.0,0.0
0.0,0.0,0.0
0.0,0.0,0.0
0.0,0.0,0.0
0.0,0.0,0.0
0.0,0.02805728272293108,-0.02805728272293108
0.0,0.0,0.0
0.0,0.0,0.0
0.0,0.0,0.0
0.0,0.0,0.0
0.0,0.0,0.0
0.0,0.010965074712338456,-0.010965074712338456
0.0,0.011286429213712956,-0.011286429213712956
0.0,0.008221036376409939,-0.008221036376409939
0.0,0.0,0.0
0.0,0.0,0.0
0.0,0.0009598541425980408,-0.0009598541425980408
0.0,0.00032823769972857667,-0.00032823769972857667
0.0,0.026629114358823088,-0.026629114358823088
0.0,0.03499770938583661,-0.03499770938583661
0.0,0.011585475071993628,-0.011585475071993628
0.0,0.03695619334295313,-0.03695619334295313
0.0,0.02016692739726038,-0.02016692739726038
0.0,0.0891699574744348,-0.0891699574744348
0.0,0.027537224979321456,-0.027537224979321456
0.0,0.0,0.0
0.0,0.008188499727645904,-0.008188499727645904
0.0,0.0028267434050446624,-0.0028267434050446624
0.0,0.014378957681246004,-0.014378957681246004
0.0,0.021015672818118884,-0.021015672818118884
0.0,0.024786482952353184,-0.024786482952353184
0.0,0.025055718186705603,-0.025055718186705603
0.0,0.0316051174664403,-0.0316051174664403
0.0,0.027416883529804082,-0.027416883529804082
0.0,0.026998258851713745,-0.026998258851713745
0.0,0.027106398127165452,-0.027106398127165452
0.0,0.02022824887525009,-0.02022824887525009
0.0,0.02296518814414428,-0.02296518814414428
0.0,0.020103158480207946,-0.020103158480207946
0.0,0.021593919785785662,-0.021593919785785662
0.0,0.04781320336972036,-0.04781320336972036
0.0,0.04896524339461715,-0.04896524339461715
0.0,0.0207085859892456,-0.0207085859892456
0.0,0.01881024396986731,-0.01881024396986731
0.0,0.019192785170598747,-0.019192785170598747
0.0,0.006516075933919518,-0.006516075933919518
0.0,0.0,0.0
0.0,0.009599613100894926,-0.009599613100894926
0.0,0.007894180621975763,-0.007894180621975763
0.0,0.006936924553829657,-0.006936924553829657
0.0,0.007724809444633953,-0.007724809444633953
0.0,0.005263866604714879,-0.005263866604714879
0.0,0.0019201033382713376,-0.0019201033382713376
0.0,0.008364326316176425,-0.008364326316176425
0.0,0.0,0.0
0.0,0.0004748001935786331,-0.0004748001935786331
0.0,0.0,0.0
0.0,0.0,0.0
0.0,0.00035790291425788473,-0.00035790291425788473
0.0,0.0005196327570580158,-0.0005196327570580158
0.0,0.02220113304718593,-0.02220113304718593
0.0,0.0,0.0
0.0,0.0,0.0
0.0,0.0018925234155386418,-0.0018925234155386418
0.0,0.0,0.0
0.0,0.0,0.0
0.0,0.0008140009770841302,-0.0008140009770841302
0.0,0.0,0.0
0.0,0.002888745963107304,-0.002888745963107304
0.0,0.0,0.0
0.0,0.0,0.0
0.0,0.0,0.0
0.0,0.0,0.0
0.0,0.0,0.0
0.0,0.0,0.0
0.0,0.0,0.0
0.0,0.0,0.0
0.0,0.0,0.0
0.0,0.0,0.0
0.0,0.0,0.0
0.0,0.0,0.0
0.0,0.0,0.0
0.0,0.022157066578925758,-0.022157066578925758
0.0,0.017995008336790852,-0.017995008336790852
0.0,0.02403701467840693,-0.02403701467840693
0.0,0.030991590909636928,-0.030991590909636928
0.0,0.029398128181441958,-0.029398128181441958
0.0,0.029210801231972287,-0.029210801231972287
0.0,0.030370433188373052,-0.030370433188373052
0.0,0.03190558572318704,-0.03190558572318704
0.0,0.03554453076283066,-0.03554453076283066
0.0,0.04945635612025762,-0.04945635612025762
0.0,0.03635893533401661,-0.03635893533401661
0.0,0.0335051891895759,-0.0335051891895759
0.0,0.03845084564012874,-0.03845084564012874
0.0,0.06952143625039274,-0.06952143625039274
0.0,0.015645362624642313,-0.015645362624642313
0.0,0.013249056157774441,-0.013249056157774441
0.0,0.04374736197847022,-0.04374736197847022
0.0,0.022749446172348944,-0.022749446172348944
0.0,0.02243817307840707,-0.02243817307840707
0.0,0.07296360730931625,-0.07296360730931625
0.0,0.08703281789413361,-0.08703281789413361
0.0,0.050581736740534206,-0.050581736740534206
0.0,0.03514587829502817,-0.03514587829502817
0.0,0.0760364278684594,-0.0760364278684594
0.147014501059916,0.09937919272806475,0.047635308331851256
0.29836736333526453,0.13785173555675628,0.16051562777850825
0.44791629646280945,0.12021504148974789,0.3277012549730616
0.44791629646280945,0.16072067251228772,0.28719562395052173
0.44791629646280945,0.17588978171107023,0.2720265147517392
0.44791629646280945,0.1367594397782091,0.31115685668460036
0.44791629646280945,0.15254337277351088,0.29537292368929857
0.44791629646280945,0.16919514044781875,0.2787211560149907
0.6085889292270699,0.26000139649667575,0.3485875327303941
0.6085889292270699,0.30912282891440346,0.2994661003126664
0.6085889292270699,0.3445530155624251,0.26403591366464474
0.7555644369386886,0.21825378273658885,0.5373106542020998
0.7555644369386886,0.2095784780580633,0.5459859588806253
0.7555644369386886,0.26886484019065016,0.4866995967480384
0.7555644369386886,0.3403103180034108,0.41525411893527775
0.7555644369386886,0.31289579001410034,0.44266864692458824
0.7555644369386886,0.3466999710908282,0.4088644658478604
0.7555644369386886,0.34581428266177494,0.40975015427691364
0.7555644369386886,0.3401154874909694,0.41544894944771915
0.7555644369386886,0.3625951552893248,0.3929692816493638
0.7555644369386886,0.37007233666917,0.3854921002695186
0.7555644369386886,0.3471914835809442,0.4083729533577444
0.7555644369386886,0.5283910764455182,0.22717336049317038
0.7555644369386886,0.4039550092673946,0.351609427671294
0.7555644369386886,0.513286178653085,0.24227825828560356
0.7555644369386886,0.587161866903223,0.16840257003546555
0.7555644369386886,0.6707689406900477,0.08479549624864091
0.7555644369386886,0.729437621702479,0.026126815236209522
0.7555644369386886,0.8847049625108073,-0.12914052557211875
0.7555644369386886,0.9578232329107217,-0.2022587959720331
0.7555644369386886,0.8268957757738367,-0.07133133883514808
0.7555644369386886,0.9827799873216526,-0.22721555038296404
0.7555644369386886,1.0077632430101535,-0.25219880607146494
0.7555644369386886,1.0872649020392804,-0.3317004651005918
0.7555644369386886,1.0640950541096554,-0.30853061717096686
0.7555644369386886,0.9597076572412477,-0.20414322030255916
0.7555644369386886,1.3548556495146582,-0.5992912125759696
0.7555644369386886,1.3849146138039705,-0.6293501768652819
0.7555644369386886,1.3818479351205386,-0.62628349818185
0.7555644369386886,1.3733548814868994,-0.6177904445482109
0.7555644369386886,1.3659400548499343,-0.6103756179112457
0.7555644369386886,1.4258881607050549,-0.6703237237663663
0.7555644369386886,1.4132807755323413,-0.6577163385936527
0.7555644369386886,1.404286650360249,-0.6487222134215603
0.7555644369386886,1.3829747706355617,-0.6274103336968732
0.7555644369386886,1.415397929172335,-0.6598334922336465
0.7555644369386886,1.3651577918466773,-0.6095933549079887
0.7555644369386886,1.383726310120232,-0.6281618731815434
0.7555644369386886,1.329839026570861,-0.5742745896321725
0.7555644369386886,0.9679077461774587,-0.2123433092387701
0.7555644369386886,0.9697081243784245,-0.21414368743973589
0.7555644369386886,0.8643010537507908,-0.10873661681210223
0.7555644369386886,0.8798187412604791,-0.12425430432179052
0.7555644369386886,0.8407590494710442,-0.0851946125323556
0.7555644369386886,0.8457759301085767,-0.09021149316988808
0.7555644369386886,0.8544385917022629,-0.0988741547635743
0.7555644369386886,0.8472437757641421,-0.09167933882545354
0.7555644369386886,0.9604579836464479,-0.20489354670775928
0.7555644369386886,0.8997591261736939,-0.14419468923500534
0.7555644369386886,1.0470990424747617,-0.29153460553607313
0.7555644369386886,1.2029955390230116,-0.447431102084323
0.7555644369386886,1.2371103639827614,-0.48154592704407284
0.7555644369386886,1.1185629450445589,-0.3629985081058703
0.7555644369386886,0.979544113225708,-0.22397967628701942
0.7555644369386886,1.20021467546536,-0.4446502385266714
0.7555644369386886,1.092143119570692,-0.3365786826320035
0.7555644369386886,1.056444832319114,-0.30088039538042544
0.7555644369386886,1.0678749053862304,-0.31231046844754184
0.7555644369386886,1.035148350281987,-0.27958391334329835
0.7555644369386886,1.0511509124707095,-0.2955864755320209
0.7555644369386886,1.0046942460148045,-0.24912980907611593
0.7555644369386886,1.1526491224315087,-0.39708468549282017
0.7555644369386886,1.1687698474651311,-0.41320541052644255
0.7555644369386886,1.0798572115300689,-0.3242927745913803
0.7555644369386886,0.8912895177716051,-0.13572508083291657
0.7555644369386886,0.8377629923494889,-0.08219855541080034
0.7555644369386886,0.7236698361068484,0.03189460083184015
0.7555644369386886,0.6013198573511325,0.1542445795875561
0.7555644369386886,0.730884847345966,0.02467958959272254
0.7555644369386886,0.7173159077035662,0.03824852923512234
0.7555644369386886,0.7238115444035222,0.03175289253516633
0.7555644369386886,0.6868278145756437,0.0687366223630449
0.7555644369386886,0.7046726157253929,0.05089182121329572
0.7555644369386886,0.47893251231808975,0.2766319246205988
0.6085499358787726,0.529880883894097,0.07866905198467555
0.45719707360342404,0.4532218201596929,0.003975253443731119
0.3076481404758792,0.44609491363279274,-0.13844677315691356
0.3076481404758792,0.36627145063990285,-0.05862331016402367
0.3076481404758792,0.35544446215783393,-0.047796321681954745
0.3076481404758792,0.35566116938735,-0.0480130289114708
0.3076481404758792,0.3344845933907611,-0.026836452914881903
0.3076481404758792,0.26296347076805743,0.044684669707821756
0.14697550771161869,0.25318994735432915,-0.10621443964271046
0.14697550771161869,0.2163028848369975,-0.06932737712537881
0.14697550771161869,0.26566317682744306,-0.11868766911582437
0.0,0.303844078643284,-0.303844078643284
0.0,0.19086949592869054,-0.19086949592869054
0.0,0.1695141604513182,-0.1695141604513182
0.0,0.1787424957611798,-0.1787424957611798
0.0,0.12742241816549205,-0.12742241816549205
0.0,0.1313955580577011,-0.1313955580577011
0.0,0.07409976420867015,-0.07409976420867015
0.0,0.08928264666924515,-0.08928264666924515
0.0,0.0588056132295279,-0.0588056132295279
0.0,0.06672352476921495,-0.06672352476921495
0.0,0.06387629586726375,-0.06387629586726375
0.0,0.043301417070245214,-0.043301417070245214
0.0,0.05944316222280236,-0.05944316222280236
0.0,0.05379308655862824,-0.05379308655862824
0.0,0.07410512959810804,-0.07410512959810804
0.0,0.052942523635614455,-0.052942523635614455
0.0,0.05290652980107499,-0.05290652980107499
0.0,0.053108849832294344,-0.053108849832294344
0.0,0.05205817447840734,-0.05205817447840734
0.0,0.05224727196157845,-0.05224727196157845
0.0,0.05201195951184896,-0.05201195951184896
0.0,0.053578817019431846,-0.053578817019431846
0.0,0.06204889406466529,-0.06204889406466529
0.0,0.03207570561279867,-0.03207570561279867
0.0,0.020902818562236036,-0.020902818562236036
0.0,0.015107013628203792,-0.015107013628203792
0.0,0.0006903591898670905,-0.0006903591898670905
0.0,0.0,0.0
0.0,0.0,0.0
0.0,0.004023791679838842,-0.004023791679838842
0.0,0.0,0.0
0.0,0.0,0.0
0.0,0.0,0.0
0.0,0.0,0.0
0.0,0.0,0.0
0.0,0.0,0.0
0.0,0.0,0.0
0.0,0.0,0.0
0.0,0.0,0.0
0.0,0.0,0.0
0.0,0.0,0.0
0.0,0.0,0.0
0.0,0.0,0.0
0.0,0.0,0.0
0.0,0.0,0.0
0.0,0.0,0.0
0.0,0.0,0.0
0.0,0.0055962499945837576,-0.0055962499945837576
0.0,0.004202649451841264,-0.004202649451841264
0.0,0.003193676519798561,-0.003193676519798561
0.0,0.002514936967507834,-0.002514936967507834
0.0,0.0024805805376189503,-0.0024805805376189503
0.0,0.003989160792569199,-0.003989160792569199
0.0,0.0024093868131023575,-0.0024093868131023575
0.0,0.0023548665511814904,-0.0023548665511814904
0.0,0.00248110244396404,-0.00248110244396404
0.0,0.0013046325825377364,-0.0013046325825377364
0.0,0.005132096059355863,-0.005132096059355863
0.0,0.0043636083949918445,-0.0043636083949918445
0.0,0.0038603205477261405,-0.0038603205477261405
0.0,0.0038821673597943854,-0.0038821673597943854
0.0,0.0036198519475298353,-0.0036198519475298353
0.0,0.004408367361546357,-0.004408367361546357
0.0,0.0034579708810396313,-0.0034579708810396313
0.0,0.0,0.0
0.0,0.0,0.0
0.0,0.0,0.0
0.0,0.0,0.0
0.0,0.0,0.0
0.0,0.0,0.0
0.0,0.0,0.0
0.0,0.0,0.0
0.0,0.0,0.0
0.0,0.0,0.0
0.0,0.0,0.0
0.0,0.0,0.0
0.0,0.0,0.0
0.0,0.0,0.0
0.0,0.0,0.0
0.0,0.0,0.0
0.0,0.0,0.0
0.0,0.0,0.0
0.0,0.0,0.0
0.0,0.0,0.0
0.0,0.0,0.0
0.0,0.0,0.0
0.0,0.0,0.0
0.0,0.0,0.0
0.0,0.0,0.0
0.0,0.0,0.0
0.0,0.0,0.0
0.0,0.0,0.0
0.0,0.0,0.0
0.0,0.03104389587962229,-0.03104389587962229
0.0,0.029343255392612944,-0.029343255392612944
0.0,0.02739065855213592,-0.02739065855213592
0.0,0.027856947300684436,-0.027856947300684436
0.0,0.031144842564128396,-0.031144842564128396
0.0,0.027732823474748258,-0.027732823474748258
0.0,0.03890978807970438,-0.03890978807970438
0.0,0.04718625878717671,-0.04718625878717671
0.0,0.04343729883290247,-0.04343729883290247
0.0,0.048487067511969434,-0.048487067511969434
0.0,0.053815405875442715,-0.053815405875442715
0.0,0.05037933705112973,-0.05037933705112973
0.0,0.0532219222820267,-0.0532219222820267
0.0,0.05254311068022797,-0.05254311068022797
0.0,0.03000275250750404,-0.03000275250750404
0.0,0.02942989052107987,-0.02942989052107987
0.0,0.030077955128544238,-0.030077955128544238
0.0,0.028734748983822025,-0.028734748983822025
0.0,0.02994605019042095,-0.02994605019042095
0.0,0.029310360973324623,-0.029310360973324623
0.0,0.030235352074286646,-0.030235352074286646
0.0,0.029273728609255718,-0.029273728609255718
0.0,0.030336953180455515,-0.030336953180455515
0.0,0.023394065607296757,-0.023394065607296757
0.0,0.028149886418101767,-0.028149886418101767
0.0,0.027101226313929208,-0.027101226313929208
0.0,0.027085533281309204,-0.027085533281309204
0.0,0.0251969597528342,-0.0251969597528342
0.0,0.029260225722618483,-0.029260225722618483
0.0,0.030100662900824103,-0.030100662900824103
0.0,0.02369406210842878,-0.02369406210842878
0.0,0.023565103912100285,-0.023565103912100285
0.0,0.02314446894449337,-0.02314446894449337
0.0,0.0234656749095006,-0.0234656749095006
0.0,0.020543216398141773,-0.020543216398141773
0.0,0.023683440096675317,-0.023683440096675317
0.0,0.023712599160650705,-0.023712599160650705
0.0,0.023741394278645817,-0.023741394278645817
0.0,0.023840116160109833,-0.023840116160109833
0.0,0.02377127967858663,-0.02377127967858663
0.0,0.023664903572456163,-0.023664903572456163
0.0,0.023664903572456163,-0.023664903572456163
0.0,0.02371254307799065,-0.02371254307799065
0.0,0.023372784466048853,-0.023372784466048853
0.0,0.02385901663035947,-0.02385901663035947
0.0,0.01934358476389335,-0.01934358476389335
0.0,0.019145575251608517,-0.019145575251608517
0.0,0.02401680648646834,-0.02401680648646834
0.0,0.03830410103485203,-0.03830410103485203
0.0,0.03921677309761815,-0.03921677309761815
0.0,0.03827309416927786,-0.03827309416927786
0.0,0.044166755465996896,-0.044166755465996896
0.0,0.043664141645911925,-0.043664141645911925
0.0,0.038034784050221426,-0.038034784050221426
0.0,0.03896882176574889,-0.03896882176574889
0.0,0.03886058690938436,-0.03886058690938436
0.0,0.041088279631225834,-0.041088279631225834
0.0,0.035700366928746424,-0.035700366928746424
0.0,0.04407427593830161,-0.04407427593830161
0.0,0.042323347750314114,-0.042323347750314114
